{
  "variant_id": "single_em_snr06_triangular",
  "family": "real_noise_snr",
  "spec": {
    "id": "single_em_snr06_triangular",
    "family": "real_noise_snr",
    "mix": {
      "name": "single_em",
      "mode": "weighted",
      "weights": {
        "em": 1.0
      }
    },
    "snr": {
      "good": [
        12,
        16
      ],
      "medium": [
        6,
        12
      ],
      "bad": [
        -2,
        4
      ],
      "sampler": "triangular"
    },
    "class_weight": "1.00,1.40,1.70",
    "note": "Only real NSTDB em/ma/bw noise mixed at class-specific SNR."
  },
  "variant_dir": "E:\\GPTProject2\\ecg\\outputs\\external_benchmarks\\e311_real_noise_snr_but_match_grid_10s_2026_06_04\\scan_variants\\single_em_snr06_triangular",
  "morph_overall_distance": 0.4689068100358423,
  "morph_medium_distance": 0.3169086021505376,
  "morph_by_class": {
    "good": 0.428252688172043,
    "medium": 0.3169086021505376,
    "bad": 0.6615591397849462
  },
  "sqi_overall_distance": 0.4523809523809524,
  "sqi_by_class": {
    "good": 0.3869047619047619,
    "medium": 0.27976190476190477,
    "bad": 0.6904761904761905
  },
  "domain_separability_bal_acc": 0.8569940476190476,
  "overall_but_like_score": 0.4672371031746031,
  "audit": {
    "spec": {
      "id": "single_em_snr06_triangular",
      "family": "real_noise_snr",
      "mix": {
        "name": "single_em",
        "mode": "weighted",
        "weights": {
          "em": 1.0
        }
      },
      "snr": {
        "good": [
          12,
          16
        ],
        "medium": [
          6,
          12
        ],
        "bad": [
          -2,
          4
        ],
        "sampler": "triangular"
      },
      "class_weight": "1.00,1.40,1.70",
      "note": "Only real NSTDB em/ma/bw noise mixed at class-specific SNR."
    },
    "rows": 180,
    "sample_per_class": 60,
    "split_counts": {
      "test": 32,
      "train": 119,
      "val": 29
    },
    "class_counts": {
      "bad": 60,
      "good": 60,
      "medium": 60
    },
    "snr_by_class": {
      "good": {
        "mean": 14.012609481811523,
        "min": 12.04904556274414,
        "max": 15.699271202087402
      },
      "medium": {
        "mean": 9.181110382080078,
        "min": 6.514503479003906,
        "max": 11.702909469604492
      },
      "bad": {
        "mean": 1.162501573562622,
        "min": -1.777979850769043,
        "max": 3.7758994102478027
      }
    }
  }
}