{
  "anchor_id": "sensors2025__full__paper_table_strict__em_ma_bw_badstrong__cinc0p00__cw1p00_1p55_1p70",
  "spec_id": "paper_table_strict__em_ma_bw_badstrong__cinc0p00__cw1p00_1p55_1p70",
  "mode": "full",
  "run_dir": "E:\\GPTProject2\\ecg\\outputs\\external_benchmarks\\e311_sensors2025_noise_synthesis_but_10s_2026_06_05\\runs\\full\\paper_table_strict__em_ma_bw_badstrong__cinc0p00__cw1p00_1p55_1p70",
  "checkpoint": "E:\\GPTProject2\\ecg\\outputs\\external_benchmarks\\e311_sensors2025_noise_synthesis_but_10s_2026_06_05\\runs\\full\\paper_table_strict__em_ma_bw_badstrong__cinc0p00__cw1p00_1p55_1p70\\ckpt_best.pt",
  "calibration": {
    "t_bad": 0.07,
    "t_good": 0.95,
    "key": [
      0.49491368534846797,
      0.024096385542168676,
      0.5398813594344946
    ],
    "val_report": {
      "acc": 0.8686257562662058,
      "balanced_acc": 0.5398813594344946,
      "macro_f1": 0.49491368534846797,
      "recall_good_medium_bad": [
        0.9669762641898865,
        0.6285714285714286,
        0.024096385542168676
      ],
      "precision_good_medium_bad": [
        0.9551478083588175,
        0.38596491228070173,
        0.4
      ],
      "f1_good_medium_bad": [
        0.961025641025641,
        0.4782608695652174,
        0.045454545454545456
      ],
      "support_good_medium_bad": [
        969,
        105,
        83
      ],
      "confusion_3x3": [
        [
          937,
          32,
          0
        ],
        [
          36,
          66,
          3
        ],
        [
          8,
          73,
          2
        ]
      ]
    }
  },
  "original_test_calibrated": {
    "acc": 0.7157013094255043,
    "balanced_acc": 0.6494469711933868,
    "macro_f1": 0.65158928297601,
    "recall_good_medium_bad": [
      0.5802197802197803,
      0.8450067781292363,
      0.5231143552311436
    ],
    "precision_good_medium_bad": [
      0.8036529680365296,
      0.6878793452271473,
      0.5218446601941747
    ],
    "f1_good_medium_bad": [
      0.6738991703892788,
      0.7583899422082531,
      0.5224787363304981
    ],
    "support_good_medium_bad": [
      3640,
      4426,
      411
    ],
    "confusion_3x3": [
      [
        2112,
        1525,
        3
      ],
      [
        492,
        3740,
        194
      ],
      [
        24,
        172,
        215
      ]
    ]
  },
  "original_test_raw": {
    "acc": 0.6809012622389996,
    "balanced_acc": 0.6219379396582124,
    "macro_f1": 0.6197826134067782,
    "recall_good_medium_bad": [
      0.9258241758241759,
      0.5020334387708992,
      0.43795620437956206
    ],
    "precision_good_medium_bad": [
      0.6091829356471439,
      0.845509893455099,
      0.5678233438485805
    ],
    "f1_good_medium_bad": [
      0.7348451809856084,
      0.6299971647292316,
      0.4945054945054945
    ],
    "support_good_medium_bad": [
      3640,
      4426,
      411
    ],
    "confusion_3x3": [
      [
        3370,
        269,
        1
      ],
      [
        2068,
        2222,
        136
      ],
      [
        94,
        137,
        180
      ]
    ]
  },
  "balanced_test_calibrated": {
    "acc": 0.6407137064071371,
    "balanced_acc": 0.6407137064071371,
    "macro_f1": 0.6454515984421828,
    "recall_good_medium_bad": [
      0.5790754257907542,
      0.8199513381995134,
      0.5231143552311436
    ],
    "precision_good_medium_bad": [
      0.7677419354838709,
      0.4941348973607038,
      0.8921161825726142
    ],
    "f1_good_medium_bad": [
      0.6601941747572816,
      0.616651418115279,
      0.6595092024539877
    ],
    "support_good_medium_bad": [
      411,
      411,
      411
    ],
    "confusion_3x3": [
      [
        238,
        173,
        0
      ],
      [
        48,
        337,
        26
      ],
      [
        24,
        172,
        215
      ]
    ]
  },
  "balanced_test_raw": {
    "acc": 0.6236820762368208,
    "balanced_acc": 0.6236820762368208,
    "macro_f1": 0.6103039086934016,
    "recall_good_medium_bad": [
      0.9294403892944039,
      0.5036496350364964,
      0.43795620437956206
    ],
    "precision_good_medium_bad": [
      0.5779122541603631,
      0.5549597855227882,
      0.9045226130653267
    ],
    "f1_good_medium_bad": [
      0.7126865671641791,
      0.5280612244897959,
      0.5901639344262295
    ],
    "support_good_medium_bad": [
      411,
      411,
      411
    ],
    "confusion_3x3": [
      [
        382,
        29,
        0
      ],
      [
        185,
        207,
        19
      ],
      [
        94,
        137,
        180
      ]
    ]
  },
  "stratified_balanced_test_calibrated": {
    "acc": 0.6577453365774534,
    "balanced_acc": 0.6577453365774534,
    "macro_f1": 0.6616383003123335,
    "recall_good_medium_bad": [
      0.6058394160583942,
      0.8442822384428224,
      0.5231143552311436
    ],
    "precision_good_medium_bad": [
      0.7955271565495208,
      0.5095447870778267,
      0.899581589958159
    ],
    "f1_good_medium_bad": [
      0.6878453038674033,
      0.6355311355311355,
      0.6615384615384615
    ],
    "support_good_medium_bad": [
      411,
      411,
      411
    ],
    "confusion_3x3": [
      [
        249,
        162,
        0
      ],
      [
        40,
        347,
        24
      ],
      [
        24,
        172,
        215
      ]
    ]
  },
  "stratified_balanced_test_raw": {
    "acc": 0.6204379562043796,
    "balanced_acc": 0.6204379562043796,
    "macro_f1": 0.6052683101325246,
    "recall_good_medium_bad": [
      0.9440389294403893,
      0.4793187347931874,
      0.43795620437956206
    ],
    "precision_good_medium_bad": [
      0.5748148148148148,
      0.5518207282913166,
      0.8955223880597015
    ],
    "f1_good_medium_bad": [
      0.714548802946593,
      0.5130208333333334,
      0.5882352941176471
    ],
    "support_good_medium_bad": [
      411,
      411,
      411
    ],
    "confusion_3x3": [
      [
        388,
        23,
        0
      ],
      [
        193,
        197,
        21
      ],
      [
        94,
        137,
        180
      ]
    ]
  },
  "runtime": {
    "elapsed_sec": 17.332343300000502,
    "peak_cuda_memory_bytes": 517443072
  }
}