{
  "variant_id": "single_em_snr01_uniform",
  "family": "real_noise_snr",
  "spec": {
    "id": "single_em_snr01_uniform",
    "family": "real_noise_snr",
    "mix": {
      "name": "single_em",
      "mode": "weighted",
      "weights": {
        "em": 1.0
      }
    },
    "snr": {
      "good": [
        16,
        20
      ],
      "medium": [
        8,
        14
      ],
      "bad": [
        -6,
        0
      ],
      "sampler": "uniform"
    },
    "class_weight": "1.00,1.40,1.70",
    "note": "Only real NSTDB em/ma/bw noise mixed at class-specific SNR."
  },
  "variant_dir": "E:\\GPTProject2\\ecg\\outputs\\external_benchmarks\\e311_real_noise_snr_but_match_grid_10s_2026_06_04\\scan_variants\\single_em_snr01_uniform",
  "morph_overall_distance": 0.46767025089605746,
  "morph_medium_distance": 0.3138709677419355,
  "morph_by_class": {
    "good": 0.4045161290322581,
    "medium": 0.3138709677419355,
    "bad": 0.6846236559139786
  },
  "sqi_overall_distance": 0.4325396825396825,
  "sqi_by_class": {
    "good": 0.3630952380952381,
    "medium": 0.26785714285714285,
    "bad": 0.6666666666666666
  },
  "domain_separability_bal_acc": 0.8894345238095238,
  "overall_but_like_score": 0.4661272721454174,
  "audit": {
    "spec": {
      "id": "single_em_snr01_uniform",
      "family": "real_noise_snr",
      "mix": {
        "name": "single_em",
        "mode": "weighted",
        "weights": {
          "em": 1.0
        }
      },
      "snr": {
        "good": [
          16,
          20
        ],
        "medium": [
          8,
          14
        ],
        "bad": [
          -6,
          0
        ],
        "sampler": "uniform"
      },
      "class_weight": "1.00,1.40,1.70",
      "note": "Only real NSTDB em/ma/bw noise mixed at class-specific SNR."
    },
    "rows": 180,
    "sample_per_class": 60,
    "split_counts": {
      "test": 32,
      "train": 119,
      "val": 29
    },
    "class_counts": {
      "bad": 60,
      "good": 60,
      "medium": 60
    },
    "snr_by_class": {
      "good": {
        "mean": 18.030317306518555,
        "min": 16.001201629638672,
        "max": 19.95478057861328
      },
      "medium": {
        "mean": 11.241161346435547,
        "min": 8.088237762451172,
        "max": 13.970579147338867
      },
      "bad": {
        "mean": -2.7560720443725586,
        "min": -5.983569622039795,
        "max": -0.016740277409553528
      }
    }
  }
}