scope,component,n,mean_ms,median_ms,p95_ms,std_ms,min_ms,max_ms
per_lead,MLP_predict,100,0.25879399850964546,0.23274999693967402,0.3614349858253263,0.05090283316454673,0.2142000012099743,0.4412999842315912
per_lead,SVM_predict,100,0.664355001936201,0.5636999994749203,1.1063800091505982,0.2058007387151673,0.5025999853387475,1.2652000004891306
per_lead,eplimited_PandT,100,38.658453999087214,37.04979999747593,45.20948498684446,7.707073295836621,28.235399979166687,92.98330001183785
per_lead,fSQI,100,0.03497099853120744,0.023200002033263445,0.056489992130082094,0.037297146631141205,0.018099992303177714,0.3716999781318009
per_lead,kSQI,100,0.8450659993104637,0.701700002537109,1.3175799875170924,0.30915150480027315,0.3809999907389283,2.076999982818961
per_lead,sSQI,100,0.5226189998211339,0.38019999919924885,0.8979649894172325,0.22345623729529443,0.287900009425357,1.135500002419576
per_lead,shared_pSQI_basSQI_PSD,100,0.4344899993157014,0.37289998726919293,0.6806350225815548,0.17094928411376387,0.22509999689646065,1.4080999826546758
per_lead,wqrs,100,42.61668100109091,39.684600007603876,57.589829976495814,13.30355366662383,29.84259999357164,129.7463999944739
