scope,component,n,mean_ms,median_ms,p95_ms,std_ms,min_ms,max_ms
full_12lead,feature84_ms,100,16.0072479993687,14.754999996512197,23.319815004651897,4.269594471579869,10.403299995232373,32.455099979415536
full_12lead,mlp_predict_ms,100,0.28736399981426075,0.2521999995224178,0.40766001475276425,0.06291417345249418,0.2300000051036477,0.46370000927709043
full_12lead,qrs_ms,100,570.5235089967027,566.7820000089705,674.6093099965947,62.54670095302308,402.11869997438043,794.1006000037305
full_12lead,svm_predict_ms,100,0.48547999787842855,0.3980000037699938,0.7952699976158328,0.1519856455304865,0.357700017048046,0.8670999959576875
full_12lead,total_ms,100,587.3057489987696,585.0752499973169,694.2768749882816,64.74080619673302,413.4607999876607,813.0961999995634
