{
  "variant_id": "triple_balanced_snr04_uniform",
  "family": "real_noise_snr",
  "spec": {
    "id": "triple_balanced_snr04_uniform",
    "family": "real_noise_snr",
    "mix": {
      "name": "triple_balanced",
      "mode": "weighted",
      "weights": {
        "em": 0.3333333333333333,
        "ma": 0.3333333333333333,
        "bw": 0.3333333333333333
      }
    },
    "snr": {
      "good": [
        10,
        14
      ],
      "medium": [
        2,
        8
      ],
      "bad": [
        0,
        6
      ],
      "sampler": "uniform"
    },
    "class_weight": "1.00,1.40,1.70",
    "note": "Only real NSTDB em/ma/bw noise mixed at class-specific SNR."
  },
  "variant_dir": "E:\\GPTProject2\\ecg\\outputs\\external_benchmarks\\e311_real_noise_snr_but_match_grid_10s_2026_06_04\\scan_variants\\triple_balanced_snr04_uniform",
  "morph_overall_distance": 0.4553584229390681,
  "morph_medium_distance": 0.31561827956989247,
  "morph_by_class": {
    "good": 0.46075268817204307,
    "medium": 0.31561827956989247,
    "bad": 0.5897043010752687
  },
  "sqi_overall_distance": 0.4523809523809524,
  "sqi_by_class": {
    "good": 0.40476190476190477,
    "medium": 0.2857142857142857,
    "bad": 0.6666666666666667
  },
  "domain_separability_bal_acc": 0.9714285714285714,
  "overall_but_like_score": 0.4715837813620071,
  "audit": {
    "spec": {
      "id": "triple_balanced_snr04_uniform",
      "family": "real_noise_snr",
      "mix": {
        "name": "triple_balanced",
        "mode": "weighted",
        "weights": {
          "em": 0.3333333333333333,
          "ma": 0.3333333333333333,
          "bw": 0.3333333333333333
        }
      },
      "snr": {
        "good": [
          10,
          14
        ],
        "medium": [
          2,
          8
        ],
        "bad": [
          0,
          6
        ],
        "sampler": "uniform"
      },
      "class_weight": "1.00,1.40,1.70",
      "note": "Only real NSTDB em/ma/bw noise mixed at class-specific SNR."
    },
    "rows": 180,
    "sample_per_class": 60,
    "split_counts": {
      "test": 32,
      "train": 119,
      "val": 29
    },
    "class_counts": {
      "bad": 60,
      "good": 60,
      "medium": 60
    },
    "snr_by_class": {
      "good": {
        "mean": 12.244284629821777,
        "min": 10.160873413085938,
        "max": 13.980386734008789
      },
      "medium": {
        "mean": 5.395406723022461,
        "min": 2.088238000869751,
        "max": 7.891655921936035
      },
      "bad": {
        "mean": 3.3484606742858887,
        "min": 0.0018042039591819048,
        "max": 5.932171821594238
      }
    }
  }
}