{
  "base_acc": 0.7225249772933696,
  "base_confusion_3x3": [
    [
      700,
      33,
      1
    ],
    [
      34,
      693,
      7
    ],
    [
      94,
      442,
      198
    ]
  ],
  "base_recall_good_medium_bad": [
    0.9536784741144414,
    0.944141689373297,
    0.26975476839237056
  ],
  "base_precision_good_medium_bad": [
    0.8454106280193237,
    0.5933219178082192,
    0.9611650485436893
  ],
  "base_f1_good_medium_bad": [
    0.8962868117797695,
    0.7287066246056783,
    0.4212765957446809
  ],
  "final_acc": 0.9627611262488647,
  "final_confusion_3x3": [
    [
      699,
      33,
      2
    ],
    [
      34,
      693,
      7
    ],
    [
      0,
      6,
      728
    ]
  ],
  "final_recall_good_medium_bad": [
    0.952316076294278,
    0.944141689373297,
    0.9918256130790191
  ],
  "final_precision_good_medium_bad": [
    0.9536152796725784,
    0.9467213114754098,
    0.9877883310719131
  ],
  "final_f1_good_medium_bad": [
    0.9529652351738243,
    0.9454297407912687,
    0.9898028552005439
  ],
  "corrected_by_encoder_delta": 530,
  "harmed_by_encoder_delta": 1,
  "encoder_delta_abs_mean": 100.09262084960938,
  "encoder_delta_abs_p95": 484.15704345703125,
  "encoder_gate_mean": 0.2873398959636688,
  "encoder_gate_p95": 1.0
}