{
  "base_acc": 0.9863760217983651,
  "base_confusion_3x3": [
    [
      720,
      14,
      0
    ],
    [
      14,
      719,
      1
    ],
    [
      0,
      1,
      733
    ]
  ],
  "base_recall_good_medium_bad": [
    0.9809264305177112,
    0.9795640326975477,
    0.9986376021798365
  ],
  "base_precision_good_medium_bad": [
    0.9809264305177112,
    0.9795640326975477,
    0.9986376021798365
  ],
  "base_f1_good_medium_bad": [
    0.9809264305177112,
    0.9795640326975477,
    0.9986376021798365
  ],
  "final_acc": 0.9863760217983651,
  "final_confusion_3x3": [
    [
      720,
      14,
      0
    ],
    [
      14,
      719,
      1
    ],
    [
      0,
      1,
      733
    ]
  ],
  "final_recall_good_medium_bad": [
    0.9809264305177112,
    0.9795640326975477,
    0.9986376021798365
  ],
  "final_precision_good_medium_bad": [
    0.9809264305177112,
    0.9795640326975477,
    0.9986376021798365
  ],
  "final_f1_good_medium_bad": [
    0.9809264305177112,
    0.9795640326975477,
    0.9986376021798365
  ],
  "corrected_by_encoder_delta": 0,
  "harmed_by_encoder_delta": 0,
  "encoder_delta_abs_mean": 0.0,
  "encoder_delta_abs_p95": 0.0
}