set,n,baseline_step_median,baseline_step_p90,baseline_step_p95,band_0p3_1_median,band_0p3_1_p90,band_0p3_1_p95,lf_ratio_median,lf_ratio_p90,lf_ratio_p95,sqi_basSQI_median,sqi_basSQI_p90,sqi_basSQI_p95,flatline_ratio_median,flatline_ratio_p90,flatline_ratio_p95,contact_loss_win_ratio_median,contact_loss_win_ratio_p90,contact_loss_win_ratio_p95,qrs_visibility_median,qrs_visibility_p90,qrs_visibility_p95,qrs_band_ratio_median,qrs_band_ratio_p90,qrs_band_ratio_p95,non_qrs_diff_p95_median,non_qrs_diff_p95_p90,non_qrs_diff_p95_p95,detector_agreement_median,detector_agreement_p90,detector_agreement_p95,bw_score_median,bw_score_p90,bw_score_p95
all_bad_before_drop,5156,0.027805033350936002,0.04698155286997785,0.30098373422958247,0.00020388767118734998,0.00044835187386925,0.023030927614076928,0.00020388767118734998,0.00044835187386925,0.023030927614076928,0.9996714291641906,0.9997901294233221,0.9998154242438759,0.0072057646116893,0.0112089671737389,0.0144115292233787,0.0,0.0,0.0,0.2462702383570051,0.26129969938564357,0.2655027315299283,0.8095484326642155,0.8257382848608004,0.8304145883802103,0.37469379901885985,0.3920868135988712,0.39860789282247416,0.4449944320643648,0.6796227589829592,0.6796227589829592,0.09083187868163264,5.027377034162777,523.6045732574547
kept_bad_after_drop,4082,0.0274442660911546,0.042835812405009666,0.04967062232166187,0.00019633291983885002,0.00035479279915281997,0.00044058374159204486,0.00019633291983885002,0.00035479279915281997,0.00044058374159204486,0.9996806559830732,0.9997927756741641,0.9998174892901158,0.0072057646116893,0.010408326661329,0.0112089671737389,0.0,0.0,0.0,0.24744115271428735,0.2620590401819563,0.2659301590289043,0.8107085922419532,0.8260642675804003,0.8305652649683656,0.37508881213143463,0.39120857149362553,0.39617120400071143,0.4449944320643648,0.6796227589829592,0.6796227589829592,-0.05344792901336812,3.103098776266379,4.865189197092924
removed_bad_outlier,1074,0.02927634581654935,1.2786036071551425,1.6544362196297284,0.00024238691750900002,0.3637966883523173,0.5429074044328527,0.00024238691750900002,0.3637966883523173,0.5429074044328527,0.9996211247823816,0.9997768389766232,0.9998085110709665,0.0080064051240992,0.4171337069655724,0.5544435548438744,0.0,0.0,0.1,0.2405865228874591,0.25785249780325253,0.26267830749946786,0.8014367674805964,0.8240819472909445,0.829286128624916,0.37248162142932395,0.3964562520384788,0.491603363007307,0.4142135623730951,1.0,1.0,1.0041448875418841,7331.4524789644565,10717.713551115094
