model,class,recall
MLP,unacceptable,0.6060606060606061
MLP,acceptable,0.9827586206896552
E31,unacceptable,0.8181818181818182
E31,acceptable,0.9482758620689656
