good_record_id,medium_record_id,good_source_idx,medium_source_idx,sqi_distance,good_l_detail,medium_l_detail,local_detail_delta,good_mlp_margin,medium_mlp_margin,good_conformer_margin,medium_conformer_margin,good_conformer_medium_prob,medium_conformer_medium_prob,rank_score,good_iSQI,good_bSQI,good_pSQI,good_sSQI,good_kSQI,good_fSQI,good_basSQI,medium_iSQI,medium_bSQI,medium_pSQI,medium_sSQI,medium_kSQI,medium_fSQI,medium_basSQI
butv116_00038,butv116_10806,72,3014,0.41753567702678984,0.6796475920381352,0.5899003846629827,0.08974720737515252,0.2754180421513553,0.35517596394115314,0.9825242953374982,-0.9423643704503775,0.0086285276338458,0.9708775281906128,0.9444922526903248,0.9999999999999286,0.9285714285713622,0.6415245684517936,0.9495584644591077,0.7241872527981694,0.0032025620496397116,0.9912450700816194,0.9999999999999413,0.94117647058818,0.6407507617169692,1.0049386195836427,0.7209121020201926,0.0032025620496397116,0.9951802293650935
butv116_00038,butv116_10815,72,3024,0.6371364214563997,0.6796475920381352,0.6178994706187447,0.061748121419390456,0.2754180421513553,0.2595343984099549,0.9825242953374982,-0.9424506407231094,0.0086285276338458,0.9709946513175964,0.8976697211749859,0.9999999999999286,0.9285714285713622,0.6415245684517936,0.9495584644591077,0.7241872527981694,0.0032025620496397116,0.9912450700816194,0.9999999999999413,0.94117647058818,0.6363716832410099,0.9754620946131656,0.6792295321085429,0.0024019215372297837,0.9923721123974725
butv116_01792,butv116_10780,2877,2985,0.4856931298320693,0.6287640473171603,0.6406096211137046,0.011845573796544273,0.17968894028584137,0.1119243715948548,0.9418467525392771,-0.9670904651284219,0.0289745684713125,0.9832592010498048,0.887353450001954,0.9999999999999286,0.9999999999999286,0.645962978270947,0.976542878190475,0.7568322253950472,0.0016012810248198558,0.9890037492399921,0.9999999999999333,0.9999999999999333,0.6491477314542944,0.9494964600546044,0.7191563886595688,0.0008006405124099279,0.9927267579383914
