{
  "variant_id": "em_heavy_snr03_uniform",
  "family": "real_noise_snr",
  "spec": {
    "id": "em_heavy_snr03_uniform",
    "family": "real_noise_snr",
    "mix": {
      "name": "em_heavy",
      "mode": "weighted",
      "weights": {
        "em": 0.7,
        "ma": 0.15,
        "bw": 0.15
      }
    },
    "snr": {
      "good": [
        12,
        16
      ],
      "medium": [
        4,
        10
      ],
      "bad": [
        -2,
        4
      ],
      "sampler": "uniform"
    },
    "class_weight": "1.00,1.40,1.70",
    "note": "Only real NSTDB em/ma/bw noise mixed at class-specific SNR."
  },
  "variant_dir": "E:\\GPTProject2\\ecg\\outputs\\external_benchmarks\\e311_real_noise_snr_but_match_grid_10s_2026_06_04\\scan_variants\\em_heavy_snr03_uniform",
  "morph_overall_distance": 0.4549372759856631,
  "morph_medium_distance": 0.3057795698924731,
  "morph_by_class": {
    "good": 0.4271774193548387,
    "medium": 0.3057795698924731,
    "bad": 0.6318548387096775
  },
  "sqi_overall_distance": 0.4424603174603175,
  "sqi_by_class": {
    "good": 0.39285714285714285,
    "medium": 0.2619047619047619,
    "bad": 0.6726190476190477
  },
  "domain_separability_bal_acc": 0.9611111111111111,
  "overall_but_like_score": 0.4663936891961086,
  "audit": {
    "spec": {
      "id": "em_heavy_snr03_uniform",
      "family": "real_noise_snr",
      "mix": {
        "name": "em_heavy",
        "mode": "weighted",
        "weights": {
          "em": 0.7,
          "ma": 0.15,
          "bw": 0.15
        }
      },
      "snr": {
        "good": [
          12,
          16
        ],
        "medium": [
          4,
          10
        ],
        "bad": [
          -2,
          4
        ],
        "sampler": "uniform"
      },
      "class_weight": "1.00,1.40,1.70",
      "note": "Only real NSTDB em/ma/bw noise mixed at class-specific SNR."
    },
    "rows": 180,
    "sample_per_class": 60,
    "split_counts": {
      "test": 32,
      "train": 119,
      "val": 29
    },
    "class_counts": {
      "bad": 60,
      "good": 60,
      "medium": 60
    },
    "snr_by_class": {
      "good": {
        "mean": 14.244283676147461,
        "min": 12.160872459411621,
        "max": 15.980386734008789
      },
      "medium": {
        "mean": 7.395406723022461,
        "min": 4.088237762451172,
        "max": 9.891655921936035
      },
      "bad": {
        "mean": 1.3484607934951782,
        "min": -1.9981958866119385,
        "max": 3.9321718215942383
      }
    }
  }
}