bucket,true,n,oos01_mean,oos05_mean
bad_to_good,bad,102,30.852941176470587,42.61764705882353
bad_to_medium,bad,48,26.5625,40.166666666666664
correct,bad,261,21.3639846743295,37.68199233716475
correct,good,3238,4.076590487955528,8.755095738109944
correct,medium,3826,1.1157867224255096,4.917929952953476
good_to_medium,good,397,4.0705289672544085,12.198992443324936
medium_to_good,medium,424,3.455188679245283,11.61320754716981
nonbad_to_bad,good,5,24.0,31.4
nonbad_to_bad,medium,176,7.017045454545454,18.02840909090909
