bucket,true,n,nn_median,nn_p90
bad_to_good,bad,102,686131.90625,814724.0
bad_to_medium,bad,48,657278.84375,945449.25
correct,bad,261,550877.125,975047.9375
correct,good,3238,5.575733184814453,9.390453338623047
correct,medium,3826,1.9043540358543396,3.6652309894561768
good_to_medium,good,397,6.860048770904541,8.805086135864258
medium_to_good,medium,424,1.9846240878105164,1441.1898193359375
nonbad_to_bad,good,5,128.3618621826172,100000.0390625
nonbad_to_bad,medium,176,4.327535152435303,2882.30078125
