{
  "variant_id": "triple_balanced_snr07_triangular",
  "family": "real_noise_snr",
  "spec": {
    "id": "triple_balanced_snr07_triangular",
    "family": "real_noise_snr",
    "mix": {
      "name": "triple_balanced",
      "mode": "weighted",
      "weights": {
        "em": 0.3333333333333333,
        "ma": 0.3333333333333333,
        "bw": 0.3333333333333333
      }
    },
    "snr": {
      "good": [
        16,
        20
      ],
      "medium": [
        6,
        12
      ],
      "bad": [
        -6,
        0
      ],
      "sampler": "triangular"
    },
    "class_weight": "1.00,1.40,1.70",
    "note": "Only real NSTDB em/ma/bw noise mixed at class-specific SNR."
  },
  "variant_dir": "E:\\GPTProject2\\ecg\\outputs\\external_benchmarks\\e311_real_noise_snr_but_match_grid_10s_2026_06_04\\scan_variants\\triple_balanced_snr07_triangular",
  "morph_overall_distance": 0.447589605734767,
  "morph_medium_distance": 0.2989516129032258,
  "morph_by_class": {
    "good": 0.43400537634408604,
    "medium": 0.2989516129032258,
    "bad": 0.6098118279569893
  },
  "sqi_overall_distance": 0.43650793650793657,
  "sqi_by_class": {
    "good": 0.375,
    "medium": 0.27976190476190477,
    "bad": 0.6547619047619049
  },
  "domain_separability_bal_acc": 0.9567460317460317,
  "overall_but_like_score": 0.4596834997439836,
  "audit": {
    "spec": {
      "id": "triple_balanced_snr07_triangular",
      "family": "real_noise_snr",
      "mix": {
        "name": "triple_balanced",
        "mode": "weighted",
        "weights": {
          "em": 0.3333333333333333,
          "ma": 0.3333333333333333,
          "bw": 0.3333333333333333
        }
      },
      "snr": {
        "good": [
          16,
          20
        ],
        "medium": [
          6,
          12
        ],
        "bad": [
          -6,
          0
        ],
        "sampler": "triangular"
      },
      "class_weight": "1.00,1.40,1.70",
      "note": "Only real NSTDB em/ma/bw noise mixed at class-specific SNR."
    },
    "rows": 180,
    "sample_per_class": 60,
    "split_counts": {
      "test": 32,
      "train": 119,
      "val": 29
    },
    "class_counts": {
      "bad": 60,
      "good": 60,
      "medium": 60
    },
    "snr_by_class": {
      "good": {
        "mean": 18.18118667602539,
        "min": 16.56722640991211,
        "max": 19.801939010620117
      },
      "medium": {
        "mean": 9.271780014038086,
        "min": 6.51450252532959,
        "max": 11.429884910583496
      },
      "bad": {
        "mean": -2.77902889251709,
        "min": -5.926430702209473,
        "max": -0.45109236240386963
      }
    }
  }
}