{
  "variant_id": "ma_heavy_snr02_uniform",
  "family": "real_noise_snr",
  "spec": {
    "id": "ma_heavy_snr02_uniform",
    "family": "real_noise_snr",
    "mix": {
      "name": "ma_heavy",
      "mode": "weighted",
      "weights": {
        "em": 0.15,
        "ma": 0.7,
        "bw": 0.15
      }
    },
    "snr": {
      "good": [
        14,
        18
      ],
      "medium": [
        6,
        12
      ],
      "bad": [
        -4,
        2
      ],
      "sampler": "uniform"
    },
    "class_weight": "1.00,1.40,1.70",
    "note": "Only real NSTDB em/ma/bw noise mixed at class-specific SNR."
  },
  "variant_dir": "E:\\GPTProject2\\ecg\\outputs\\external_benchmarks\\e311_real_noise_snr_but_match_grid_10s_2026_06_04\\scan_variants\\ma_heavy_snr02_uniform",
  "morph_overall_distance": 0.4410573476702509,
  "morph_medium_distance": 0.2976075268817204,
  "morph_by_class": {
    "good": 0.4504301075268818,
    "medium": 0.2976075268817204,
    "bad": 0.5751344086021505
  },
  "sqi_overall_distance": 0.4424603174603175,
  "sqi_by_class": {
    "good": 0.40476190476190477,
    "medium": 0.2619047619047619,
    "bad": 0.6607142857142857
  },
  "domain_separability_bal_acc": 0.9702380952380952,
  "overall_but_like_score": 0.45832341269841265,
  "audit": {
    "spec": {
      "id": "ma_heavy_snr02_uniform",
      "family": "real_noise_snr",
      "mix": {
        "name": "ma_heavy",
        "mode": "weighted",
        "weights": {
          "em": 0.15,
          "ma": 0.7,
          "bw": 0.15
        }
      },
      "snr": {
        "good": [
          14,
          18
        ],
        "medium": [
          6,
          12
        ],
        "bad": [
          -4,
          2
        ],
        "sampler": "uniform"
      },
      "class_weight": "1.00,1.40,1.70",
      "note": "Only real NSTDB em/ma/bw noise mixed at class-specific SNR."
    },
    "rows": 180,
    "sample_per_class": 60,
    "split_counts": {
      "test": 32,
      "train": 119,
      "val": 29
    },
    "class_counts": {
      "bad": 60,
      "good": 60,
      "medium": 60
    },
    "snr_by_class": {
      "good": {
        "mean": 16.244285583496094,
        "min": 14.160873413085938,
        "max": 17.980384826660156
      },
      "medium": {
        "mean": 9.395405769348145,
        "min": 6.088237762451172,
        "max": 11.891655921936035
      },
      "bad": {
        "mean": -0.6515392065048218,
        "min": -3.9981961250305176,
        "max": 1.9321718215942383
      }
    }
  }
}