{
  "anchor_id": "history_h_bad_rescue__hypothesis__h_bad_rescue_05",
  "spec_id": "h_bad_rescue_05",
  "mode": "hypothesis",
  "run_dir": "E:\\GPTProject2\\ecg\\outputs\\external_benchmarks\\e311_but_morphology_guided_grid_10s_2026_06_03\\runs\\hypothesis\\h_bad_rescue_05_seed0",
  "checkpoint": "E:\\GPTProject2\\ecg\\outputs\\external_benchmarks\\e311_but_morphology_guided_grid_10s_2026_06_03\\runs\\hypothesis\\h_bad_rescue_05_seed0\\ckpt_best.pt",
  "calibration": {
    "t_bad": 0.07,
    "t_good": 0.9099999999999999,
    "key": [
      0.8440260594106747,
      0.9879518072289156,
      0.9054733455419792
    ],
    "val_report": {
      "acc": 0.8997407087294728,
      "balanced_acc": 0.9054733455419792,
      "macro_f1": 0.8440260594106747,
      "recall_good_medium_bad": [
        0.8998968008255934,
        0.8285714285714286,
        0.9879518072289156
      ],
      "precision_good_medium_bad": [
        0.9797752808988764,
        0.4702702702702703,
        1.0
      ],
      "f1_good_medium_bad": [
        0.9381387842926304,
        0.6,
        0.9939393939393939
      ],
      "support_good_medium_bad": [
        969,
        105,
        83
      ],
      "confusion_3x3": [
        [
          872,
          97,
          0
        ],
        [
          18,
          87,
          0
        ],
        [
          0,
          1,
          82
        ]
      ]
    }
  },
  "original_test_calibrated": {
    "acc": 0.8229326412645983,
    "balanced_acc": 0.8177034517785587,
    "macro_f1": 0.7453532151604952,
    "recall_good_medium_bad": [
      0.8865384615384615,
      0.7733845458653411,
      0.7931873479318735
    ],
    "precision_good_medium_bad": [
      0.8541556379036527,
      0.874552887072049,
      0.4152866242038217
    ],
    "f1_good_medium_bad": [
      0.8700458344567269,
      0.820863309352518,
      0.5451505016722408
    ],
    "support_good_medium_bad": [
      3640,
      4426,
      411
    ],
    "confusion_3x3": [
      [
        3227,
        406,
        7
      ],
      [
        551,
        3423,
        452
      ],
      [
        0,
        85,
        326
      ]
    ]
  },
  "original_test_raw": {
    "acc": 0.803822106877433,
    "balanced_acc": 0.7379521174742512,
    "macro_f1": 0.7112600345631422,
    "recall_good_medium_bad": [
      0.9758241758241758,
      0.6857207410754632,
      0.5523114355231143
    ],
    "precision_good_medium_bad": [
      0.7605995717344753,
      0.9205338186229906,
      0.44509803921568625
    ],
    "f1_good_medium_bad": [
      0.8548736462093863,
      0.7859640036255341,
      0.49294245385450597
    ],
    "support_good_medium_bad": [
      3640,
      4426,
      411
    ],
    "confusion_3x3": [
      [
        3552,
        84,
        4
      ],
      [
        1112,
        3035,
        279
      ],
      [
        6,
        178,
        227
      ]
    ]
  },
  "balanced_test_calibrated": {
    "acc": 0.8240064882400648,
    "balanced_acc": 0.824006488240065,
    "macro_f1": 0.825739134723389,
    "recall_good_medium_bad": [
      0.8856447688564477,
      0.7931873479318735,
      0.7931873479318735
    ],
    "precision_good_medium_bad": [
      0.8899755501222494,
      0.7117903930131004,
      0.8907103825136612
    ],
    "f1_good_medium_bad": [
      0.8878048780487805,
      0.7502876869965478,
      0.8391248391248392
    ],
    "support_good_medium_bad": [
      411,
      411,
      411
    ],
    "confusion_3x3": [
      [
        364,
        47,
        0
      ],
      [
        45,
        326,
        40
      ],
      [
        0,
        85,
        326
      ]
    ]
  },
  "balanced_test_raw": {
    "acc": 0.7429034874290349,
    "balanced_acc": 0.7429034874290349,
    "macro_f1": 0.7353729909010335,
    "recall_good_medium_bad": [
      0.9902676399026764,
      0.6861313868613139,
      0.5523114355231143
    ],
    "precision_good_medium_bad": [
      0.794921875,
      0.6077586206896551,
      0.8832684824902723
    ],
    "f1_good_medium_bad": [
      0.8819068255687974,
      0.6445714285714286,
      0.6796407185628742
    ],
    "support_good_medium_bad": [
      411,
      411,
      411
    ],
    "confusion_3x3": [
      [
        407,
        4,
        0
      ],
      [
        99,
        282,
        30
      ],
      [
        6,
        178,
        227
      ]
    ]
  },
  "stratified_balanced_test_calibrated": {
    "acc": 0.829683698296837,
    "balanced_acc": 0.829683698296837,
    "macro_f1": 0.8309500933727171,
    "recall_good_medium_bad": [
      0.9002433090024331,
      0.7956204379562044,
      0.7931873479318735
    ],
    "precision_good_medium_bad": [
      0.8958837772397095,
      0.7234513274336283,
      0.8858695652173914
    ],
    "f1_good_medium_bad": [
      0.8980582524271845,
      0.7578215527230591,
      0.8369704749679076
    ],
    "support_good_medium_bad": [
      411,
      411,
      411
    ],
    "confusion_3x3": [
      [
        370,
        40,
        1
      ],
      [
        43,
        327,
        41
      ],
      [
        0,
        85,
        326
      ]
    ]
  },
  "stratified_balanced_test_raw": {
    "acc": 0.7518248175182481,
    "balanced_acc": 0.7518248175182483,
    "macro_f1": 0.7459799010048694,
    "recall_good_medium_bad": [
      0.9708029197080292,
      0.732360097323601,
      0.5523114355231143
    ],
    "precision_good_medium_bad": [
      0.8044354838709677,
      0.6142857142857143,
      0.9190283400809717
    ],
    "f1_good_medium_bad": [
      0.8798235942668137,
      0.6681465038845728,
      0.6899696048632219
    ],
    "support_good_medium_bad": [
      411,
      411,
      411
    ],
    "confusion_3x3": [
      [
        399,
        11,
        1
      ],
      [
        91,
        301,
        19
      ],
      [
        6,
        178,
        227
      ]
    ]
  },
  "runtime": {
    "elapsed_sec": 17.32165299999997,
    "peak_cuda_memory_bytes": 517443072
  }
}