scenario,skipped,train_n,val_n,test_n,sqis,threshold,val_Ac,test_Ac,test_Se,test_Sp,test_tn,test_fp,test_fn,test_tp,test_AUC
train_em_test_ma,False,733,157,157,"bSQI,basSQI,kSQI,sSQI,fSQI",0.5535,1.0,0.9808917197452229,1.0,0.926829268292683,38,3,0,116,0.9993692178301093
train_ma_test_em,False,733,157,157,"bSQI,basSQI,kSQI,sSQI,fSQI",0.0845,1.0,0.8535031847133758,1.0,0.43902439024390244,18,23,0,116,0.9997897392767031
synthetic_poor_to_original_poor,False,925,198,149,"bSQI,basSQI,kSQI,sSQI,fSQI",0.224,0.9949494949494949,0.7919463087248322,1.0,0.06060606060606061,2,31,0,116,0.4286833855799373
original_poor_to_synthetic_poor,False,699,150,198,"bSQI,basSQI,kSQI,sSQI,fSQI",0.6395000000000001,0.9466666666666667,0.7575757575757576,0.9741379310344828,0.45121951219512196,37,45,3,113,0.9592094196804037
