{
  "variant_id": "single_ma_snr02_uniform",
  "family": "real_noise_snr",
  "spec": {
    "id": "single_ma_snr02_uniform",
    "family": "real_noise_snr",
    "mix": {
      "name": "single_ma",
      "mode": "weighted",
      "weights": {
        "ma": 1.0
      }
    },
    "snr": {
      "good": [
        14,
        18
      ],
      "medium": [
        6,
        12
      ],
      "bad": [
        -4,
        2
      ],
      "sampler": "uniform"
    },
    "class_weight": "1.00,1.40,1.70",
    "note": "Only real NSTDB em/ma/bw noise mixed at class-specific SNR."
  },
  "variant_dir": "E:\\GPTProject2\\ecg\\outputs\\external_benchmarks\\e311_real_noise_snr_but_match_grid_10s_2026_06_04\\scan_variants\\single_ma_snr02_uniform",
  "morph_overall_distance": 0.44141577060931897,
  "morph_medium_distance": 0.30276881720430104,
  "morph_by_class": {
    "good": 0.45392473118279575,
    "medium": 0.30276881720430104,
    "bad": 0.5675537634408601
  },
  "sqi_overall_distance": 0.44841269841269843,
  "sqi_by_class": {
    "good": 0.39285714285714285,
    "medium": 0.2857142857142857,
    "bad": 0.6666666666666667
  },
  "domain_separability_bal_acc": 0.9408730158730159,
  "overall_but_like_score": 0.45774929595494107,
  "audit": {
    "spec": {
      "id": "single_ma_snr02_uniform",
      "family": "real_noise_snr",
      "mix": {
        "name": "single_ma",
        "mode": "weighted",
        "weights": {
          "ma": 1.0
        }
      },
      "snr": {
        "good": [
          14,
          18
        ],
        "medium": [
          6,
          12
        ],
        "bad": [
          -4,
          2
        ],
        "sampler": "uniform"
      },
      "class_weight": "1.00,1.40,1.70",
      "note": "Only real NSTDB em/ma/bw noise mixed at class-specific SNR."
    },
    "rows": 180,
    "sample_per_class": 60,
    "split_counts": {
      "test": 32,
      "train": 119,
      "val": 29
    },
    "class_counts": {
      "bad": 60,
      "good": 60,
      "medium": 60
    },
    "snr_by_class": {
      "good": {
        "mean": 16.030317306518555,
        "min": 14.001202583312988,
        "max": 17.95478057861328
      },
      "medium": {
        "mean": 9.241162300109863,
        "min": 6.088237762451172,
        "max": 11.970579147338867
      },
      "bad": {
        "mean": -0.7560719847679138,
        "min": -3.9835691452026367,
        "max": 1.9832597970962524
      }
    }
  }
}