{
  "stage1": {
    "status": "completed",
    "stage": "denoise_pretrain",
    "architecture": "uformer1d_hier_residual_denoiser_detached_full_tokens_head",
    "split_counts": {
      "train": 10935,
      "val": 2184,
      "test": 2202
    },
    "checkpoint_load": {
      "loaded": false
    },
    "lambda_den": 1.0,
    "lambda_cls": 0.0,
    "best_epoch": 10,
    "test_report": {
      "acc": 0.3333333333333333,
      "recall_good_medium_bad": [
        1.0,
        0.0,
        0.0
      ],
      "confusion_3x3": [
        [
          734,
          0,
          0
        ],
        [
          734,
          0,
          0
        ],
        [
          734,
          0,
          0
        ]
      ]
    },
    "denoise_metrics": {
      "n": 2202,
      "mse_noisy_vs_clean_mean": 0.012655483381873795,
      "mse_pred_vs_clean_mean": 0.000753939857778015,
      "mse_ratio_pred_over_noisy": 0.059574165203226795,
      "improvement_fraction": 0.9936421435059037,
      "snr_noisy_db_mean": 5.705683206182352,
      "snr_pred_db_mean": 16.99205724803738,
      "snr_improve_db_mean": 11.286374041855032,
      "deriv_corr_noisy_mean": 0.9173998967924663,
      "deriv_corr_pred_mean": 0.9786183858820606,
      "deriv_corr_delta_mean": 0.06121848908959442,
      "hf_error_energy_reduction": 0.8352279120281013,
      "drift_error_energy_reduction": 0.9147984257651657,
      "qrs_noisy": {
        "qrs_peak_count": 34008,
        "qrs_matched_fraction": 1.0,
        "qrs_timing_abs_ms_mean": 4.8786167960479885,
        "qrs_amp_rel_abs_err_mean": 0.1255096388754686
      },
      "qrs_pred": {
        "qrs_peak_count": 34008,
        "qrs_matched_fraction": 1.0,
        "qrs_timing_abs_ms_mean": 1.6485532815808046,
        "qrs_amp_rel_abs_err_mean": 0.04296652365925221
      },
      "qrs_timing_abs_ms_delta": -3.230063514467184,
      "qrs_amp_rel_abs_err_delta": -0.08254311521621638,
      "ssim_noisy_mean": 0.5973603582301539,
      "ssim_pred_mean": 0.8737111705886287,
      "ssim_delta_mean": 0.2763508123584749,
      "patch_corr_noisy_mean": 0.8744096903971079,
      "patch_corr_pred_mean": 0.9854347355585262,
      "patch_corr_delta_mean": 0.11102504516141826,
      "local_mae_noisy_mean": 0.13679047868857103,
      "local_mae_pred_mean": 0.029530253174786362,
      "local_mae_reduction": 0.7841205509500292,
      "critical_mae_noisy_mean": 0.05497605362886133,
      "critical_mae_pred_mean": 0.014434396771997784,
      "critical_mae_reduction": 0.7374421076277935,
      "qrs_mae_noisy_mean": 0.09163171477291855,
      "qrs_mae_pred_mean": 0.019982995048932486,
      "qrs_mae_reduction": 0.7819205381211494,
      "tst_mae_noisy_mean": 0.03612952684183386,
      "tst_mae_pred_mean": 0.011627850472145594,
      "tst_mae_reduction": 0.6781621159134574,
      "denoise_score": 3.9432009528129544
    },
    "output_dir": "outputs\\mainline\\e311_uformer_full_tokens_detach_seed0\\stage1_denoiser_pretrain"
  },
  "stage2": {
    "status": "completed",
    "stage": "classifier_head",
    "architecture": "uformer1d_hier_residual_denoiser_detached_full_tokens_head",
    "split_counts": {
      "train": 10935,
      "val": 2184,
      "test": 2202
    },
    "checkpoint_load": {
      "loaded": true,
      "checkpoint": "outputs\\mainline\\e311_uformer_full_tokens_detach_seed0\\stage1_denoiser_pretrain\\ckpt_best_stage1_denoiser.pt",
      "missing": 0,
      "unexpected": 0
    },
    "lambda_den": 0.5,
    "lambda_cls": 18.0,
    "best_epoch": 8,
    "test_report": {
      "acc": 0.9881925522252498,
      "recall_good_medium_bad": [
        0.989100817438692,
        0.9795640326975477,
        0.9959128065395095
      ],
      "confusion_3x3": [
        [
          726,
          7,
          1
        ],
        [
          14,
          719,
          1
        ],
        [
          0,
          3,
          731
        ]
      ]
    },
    "denoise_metrics": {
      "n": 2202,
      "mse_noisy_vs_clean_mean": 0.012655483381873795,
      "mse_pred_vs_clean_mean": 0.000563610220834777,
      "mse_ratio_pred_over_noisy": 0.0445348631722349,
      "improvement_fraction": 0.997275204359673,
      "snr_noisy_db_mean": 5.705683206182352,
      "snr_pred_db_mean": 18.091513701751026,
      "snr_improve_db_mean": 12.385830495568676,
      "deriv_corr_noisy_mean": 0.9173998967924663,
      "deriv_corr_pred_mean": 0.981432131729412,
      "deriv_corr_delta_mean": 0.0640322349369456,
      "hf_error_energy_reduction": 0.8669856723498838,
      "drift_error_energy_reduction": 0.9344601187830852,
      "qrs_noisy": {
        "qrs_peak_count": 34008,
        "qrs_matched_fraction": 1.0,
        "qrs_timing_abs_ms_mean": 4.8786167960479885,
        "qrs_amp_rel_abs_err_mean": 0.1255096388754686
      },
      "qrs_pred": {
        "qrs_peak_count": 34008,
        "qrs_matched_fraction": 1.0,
        "qrs_timing_abs_ms_mean": 1.530933897906375,
        "qrs_amp_rel_abs_err_mean": 0.037550170192629684
      },
      "qrs_timing_abs_ms_delta": -3.3476828981416134,
      "qrs_amp_rel_abs_err_delta": -0.08795946868283891,
      "ssim_noisy_mean": 0.5973603582301539,
      "ssim_pred_mean": 0.909456621149331,
      "ssim_delta_mean": 0.31209626291917725,
      "patch_corr_noisy_mean": 0.8744096903971079,
      "patch_corr_pred_mean": 0.988389913113584,
      "patch_corr_delta_mean": 0.11398022271647608,
      "local_mae_noisy_mean": 0.13679047868857103,
      "local_mae_pred_mean": 0.02600464456384268,
      "local_mae_reduction": 0.8098943375813679,
      "critical_mae_noisy_mean": 0.05497605362886133,
      "critical_mae_pred_mean": 0.012335771788488699,
      "critical_mae_reduction": 0.7756155457875885,
      "qrs_mae_noisy_mean": 0.09163171477291855,
      "qrs_mae_pred_mean": 0.01733788146402639,
      "qrs_mae_reduction": 0.810787329400046,
      "tst_mae_noisy_mean": 0.03612952684183386,
      "tst_mae_pred_mean": 0.009800991696203793,
      "tst_mae_reduction": 0.7287262648404216,
      "denoise_score": 4.29334827696874
    },
    "output_dir": "outputs\\mainline\\e311_uformer_full_tokens_detach_seed0"
  },
  "source_artifact_dir": "E:\\GPTProject2\\ecg\\outputs\\experiment\\e311_morph_denoise_gap5_7_grid\\data\\med6p25_badgap7_badcm0p75"
}