row,split,region,true,pred_raw,pred_badcal,correct_raw,correct_badcal,prob_good,prob_medium,prob_bad,is_test,is_bad_core,is_bad_outlier
32478,test,near_bad_boundary,bad,medium,bad,False,True,0.028762808069586754,0.502625584602356,0.46861162781715393,True,True,False
32497,test,near_bad_boundary,bad,medium,bad,False,True,0.04312124103307724,0.7902323603630066,0.16664643585681915,True,True,False
32511,test,near_bad_boundary,bad,medium,medium,False,False,0.03471411019563675,0.8282235264778137,0.13706234097480774,True,True,False
32518,test,near_bad_boundary,bad,medium,bad,False,True,0.04214958846569061,0.7640697956085205,0.19378061592578888,True,True,False
32519,test,near_bad_boundary,bad,medium,medium,False,False,0.03572315722703934,0.8399186730384827,0.12435813248157501,True,True,False
32559,test,near_bad_boundary,bad,medium,bad,False,True,0.027618875727057457,0.5575366020202637,0.4148445129394531,True,True,False
32566,test,near_bad_boundary,bad,medium,bad,False,True,0.026684291660785675,0.5031147599220276,0.47020095586776733,True,True,False
32581,test,near_bad_boundary,bad,medium,medium,False,False,0.04162672162055969,0.8528019189834595,0.10557138919830322,True,True,False
32590,test,near_bad_boundary,bad,medium,bad,False,True,0.040041934698820114,0.8098488450050354,0.15010923147201538,True,True,False
