rank,variant_id,full_feature_score,full_overall_distance,full_good_distance,full_medium_distance,full_bad_distance,n_common_features,mean_centroid_distance_common_pca
1,mg_qrs_confound_m_strong_detail_softbad__bw_badstrong__cw1p00_1p45_1p75,0.5300496235073078,0.5450457545427213,0.5763097426470588,0.3108304251269035,0.7479970958542015,64,7.977673638232143
2,mg_qrs_confound_m_guard_midbad__bw_badstrong__cw1p00_1p55_1p70,0.5301278857742981,0.54510299546621,0.5763097426470588,0.3111556154822335,0.7478436282693378,64,8.170353668162365
3,mg_visible_unusable_m_strong_detail_badguard__bw_badstrong__cw1p00_1p62_1p78,0.5311166884071408,0.54598177638468,0.5763097426470588,0.3108304251269035,0.7508051613800779,64,7.787327485769019
4,mg_visible_unusable_m_soft_softbad__bw_badstrong__cw1p00_1p45_1p75,0.5313926948963827,0.5461548696181855,0.5763097426470588,0.3127974302030457,0.7493574360044519,64,8.077008727199482
5,mg_qrs_confound_m_guard_softbad__bw_badstrong__cw1p00_1p45_1p75,0.5320452654348435,0.5467849074491445,0.5763097426470588,0.3111556154822335,0.7528893642181413,64,8.142527727467005
6,mg_visible_unusable_m_strong_detail_midbad__bw_badstrong__cw1p00_1p55_1p70,0.5322068821327947,0.5469380866703414,0.5763097426470588,0.3108304251269035,0.7536740922370617,64,7.923222492430248
7,mg_contact_lowamp_m_guard_badguard__bw_badstrong__cw1p00_1p62_1p78,0.533243173406463,0.5478357039154774,0.5763097426470588,0.3111556154822335,0.7560417536171397,64,7.999832877531318
8,mg_visible_unusable_m_soft_badguard__bw_badstrong__cw1p00_1p62_1p78,0.533609923263105,0.548099806781977,0.5763097426470588,0.3127974302030457,0.7551922474958264,64,8.025214181644143
9,mg_balanced_or_m_guard_midbad__bw_badstrong__cw1p00_1p55_1p70,0.5339538891827568,0.5484591388069632,0.5763097426470588,0.3111556154822335,0.7579120582915972,64,7.900828733681461
