{
  "anchor_id": "sensors2025__full__paper_table_strict__em_ma_ma_heavy__cinc0p00__cw1p00_1p40_1p70",
  "spec_id": "paper_table_strict__em_ma_ma_heavy__cinc0p00__cw1p00_1p40_1p70",
  "mode": "full",
  "run_dir": "E:\\GPTProject2\\ecg\\outputs\\external_benchmarks\\e311_sensors2025_noise_synthesis_but_10s_2026_06_05\\runs\\full\\paper_table_strict__em_ma_ma_heavy__cinc0p00__cw1p00_1p40_1p70",
  "checkpoint": "E:\\GPTProject2\\ecg\\outputs\\external_benchmarks\\e311_sensors2025_noise_synthesis_but_10s_2026_06_05\\runs\\full\\paper_table_strict__em_ma_ma_heavy__cinc0p00__cw1p00_1p40_1p70\\ckpt_best.pt",
  "calibration": {
    "t_bad": 0.7499999999999999,
    "t_good": 0.7899999999999999,
    "key": [
      0.8447308009431603,
      0.9036144578313253,
      0.8426564876637613
    ],
    "val_report": {
      "acc": 0.9273984442523768,
      "balanced_acc": 0.8426564876637613,
      "macro_f1": 0.8447308009431603,
      "recall_good_medium_bad": [
        0.957688338493292,
        0.6666666666666666,
        0.9036144578313253
      ],
      "precision_good_medium_bad": [
        0.9626556016597511,
        0.5982905982905983,
        0.9868421052631579
      ],
      "f1_good_medium_bad": [
        0.9601655457837558,
        0.6306306306306306,
        0.9433962264150944
      ],
      "support_good_medium_bad": [
        969,
        105,
        83
      ],
      "confusion_3x3": [
        [
          928,
          41,
          0
        ],
        [
          34,
          70,
          1
        ],
        [
          2,
          6,
          75
        ]
      ]
    }
  },
  "original_test_calibrated": {
    "acc": 0.8137312728559631,
    "balanced_acc": 0.7367611729086393,
    "macro_f1": 0.6955593440040437,
    "recall_good_medium_bad": [
      0.8612637362637363,
      0.7991414369633981,
      0.5498783454987834
    ],
    "precision_good_medium_bad": [
      0.8865950226244343,
      0.841742027605902,
      0.30581867388362655
    ],
    "f1_good_medium_bad": [
      0.8737458193979933,
      0.8198887343532685,
      0.39304347826086955
    ],
    "support_good_medium_bad": [
      3640,
      4426,
      411
    ],
    "confusion_3x3": [
      [
        3135,
        489,
        16
      ],
      [
        392,
        3537,
        497
      ],
      [
        9,
        176,
        226
      ]
    ]
  },
  "original_test_raw": {
    "acc": 0.7444850772679014,
    "balanced_acc": 0.714040081429776,
    "macro_f1": 0.6407360529258265,
    "recall_good_medium_bad": [
      0.9508241758241758,
      0.587889742431089,
      0.6034063260340633
    ],
    "precision_good_medium_bad": [
      0.7324867724867725,
      0.9101084295208115,
      0.2777155655095185
    ],
    "f1_good_medium_bad": [
      0.827495517035266,
      0.7143445435827042,
      0.3803680981595092
    ],
    "support_good_medium_bad": [
      3640,
      4426,
      411
    ],
    "confusion_3x3": [
      [
        3461,
        151,
        28
      ],
      [
        1207,
        2602,
        617
      ],
      [
        57,
        106,
        248
      ]
    ]
  },
  "balanced_test_calibrated": {
    "acc": 0.7380373073803731,
    "balanced_acc": 0.7380373073803731,
    "macro_f1": 0.7371436834802415,
    "recall_good_medium_bad": [
      0.8807785888077859,
      0.7834549878345499,
      0.5498783454987834
    ],
    "precision_good_medium_bad": [
      0.8765133171912833,
      0.5897435897435898,
      0.8248175182481752
    ],
    "f1_good_medium_bad": [
      0.8786407766990292,
      0.6729362591431557,
      0.6598540145985401
    ],
    "support_good_medium_bad": [
      411,
      411,
      411
    ],
    "confusion_3x3": [
      [
        362,
        48,
        1
      ],
      [
        42,
        322,
        47
      ],
      [
        9,
        176,
        226
      ]
    ]
  },
  "balanced_test_raw": {
    "acc": 0.7088402270884022,
    "balanced_acc": 0.7088402270884023,
    "macro_f1": 0.6989593378795315,
    "recall_good_medium_bad": [
      0.9659367396593674,
      0.5571776155717761,
      0.6034063260340633
    ],
    "precision_good_medium_bad": [
      0.6844827586206896,
      0.663768115942029,
      0.8051948051948052
    ],
    "f1_good_medium_bad": [
      0.8012108980827447,
      0.6058201058201058,
      0.6898470097357441
    ],
    "support_good_medium_bad": [
      411,
      411,
      411
    ],
    "confusion_3x3": [
      [
        397,
        10,
        4
      ],
      [
        126,
        229,
        56
      ],
      [
        57,
        106,
        248
      ]
    ]
  },
  "stratified_balanced_test_calibrated": {
    "acc": 0.7461476074614761,
    "balanced_acc": 0.746147607461476,
    "macro_f1": 0.7461601213983364,
    "recall_good_medium_bad": [
      0.8686131386861314,
      0.8199513381995134,
      0.5498783454987834
    ],
    "precision_good_medium_bad": [
      0.9153846153846154,
      0.5943562610229277,
      0.8188405797101449
    ],
    "f1_good_medium_bad": [
      0.8913857677902621,
      0.689161554192229,
      0.6579330422125182
    ],
    "support_good_medium_bad": [
      411,
      411,
      411
    ],
    "confusion_3x3": [
      [
        357,
        54,
        0
      ],
      [
        24,
        337,
        50
      ],
      [
        9,
        176,
        226
      ]
    ]
  },
  "stratified_balanced_test_raw": {
    "acc": 0.7234387672343877,
    "balanced_acc": 0.7234387672343877,
    "macro_f1": 0.7144282491240919,
    "recall_good_medium_bad": [
      0.9683698296836983,
      0.5985401459854015,
      0.6034063260340633
    ],
    "precision_good_medium_bad": [
      0.7132616487455197,
      0.6758241758241759,
      0.797427652733119
    ],
    "f1_good_medium_bad": [
      0.8214654282765738,
      0.6348387096774194,
      0.6869806094182825
    ],
    "support_good_medium_bad": [
      411,
      411,
      411
    ],
    "confusion_3x3": [
      [
        398,
        12,
        1
      ],
      [
        103,
        246,
        62
      ],
      [
        57,
        106,
        248
      ]
    ]
  },
  "runtime": {
    "elapsed_sec": 17.30289139999968,
    "peak_cuda_memory_bytes": 517443072
  }
}