{
  "variant_id": "pair_ma_bw_snr03_uniform",
  "family": "real_noise_snr",
  "spec": {
    "id": "pair_ma_bw_snr03_uniform",
    "family": "real_noise_snr",
    "mix": {
      "name": "pair_ma_bw",
      "mode": "weighted",
      "weights": {
        "ma": 0.5,
        "bw": 0.5
      }
    },
    "snr": {
      "good": [
        12,
        16
      ],
      "medium": [
        4,
        10
      ],
      "bad": [
        -2,
        4
      ],
      "sampler": "uniform"
    },
    "class_weight": "1.00,1.40,1.70",
    "note": "Only real NSTDB em/ma/bw noise mixed at class-specific SNR."
  },
  "variant_dir": "E:\\GPTProject2\\ecg\\outputs\\external_benchmarks\\e311_real_noise_snr_but_match_grid_10s_2026_06_04\\scan_variants\\pair_ma_bw_snr03_uniform",
  "morph_overall_distance": 0.4486559139784945,
  "morph_medium_distance": 0.322768817204301,
  "morph_by_class": {
    "good": 0.441989247311828,
    "medium": 0.322768817204301,
    "bad": 0.5812096774193548
  },
  "sqi_overall_distance": 0.4384920634920635,
  "sqi_by_class": {
    "good": 0.39285714285714285,
    "medium": 0.2619047619047619,
    "bad": 0.6607142857142857
  },
  "domain_separability_bal_acc": 0.9623015873015873,
  "overall_but_like_score": 0.46702412954429073,
  "audit": {
    "spec": {
      "id": "pair_ma_bw_snr03_uniform",
      "family": "real_noise_snr",
      "mix": {
        "name": "pair_ma_bw",
        "mode": "weighted",
        "weights": {
          "ma": 0.5,
          "bw": 0.5
        }
      },
      "snr": {
        "good": [
          12,
          16
        ],
        "medium": [
          4,
          10
        ],
        "bad": [
          -2,
          4
        ],
        "sampler": "uniform"
      },
      "class_weight": "1.00,1.40,1.70",
      "note": "Only real NSTDB em/ma/bw noise mixed at class-specific SNR."
    },
    "rows": 180,
    "sample_per_class": 60,
    "split_counts": {
      "test": 32,
      "train": 119,
      "val": 29
    },
    "class_counts": {
      "bad": 60,
      "good": 60,
      "medium": 60
    },
    "snr_by_class": {
      "good": {
        "mean": 14.16568374633789,
        "min": 12.134342193603516,
        "max": 15.968092918395996
      },
      "medium": {
        "mean": 7.367187023162842,
        "min": 4.0164313316345215,
        "max": 9.970579147338867
      },
      "bad": {
        "mean": 0.8749144077301025,
        "min": -1.9981962442398071,
        "max": 3.9321722984313965
      }
    }
  }
}