{
  "anchor_id": "sensors2025__full__paper_table_strict__em_ma_ma_heavy__cinc0p00__cw1p00_1p55_1p70",
  "spec_id": "paper_table_strict__em_ma_ma_heavy__cinc0p00__cw1p00_1p55_1p70",
  "mode": "full",
  "run_dir": "E:\\GPTProject2\\ecg\\outputs\\external_benchmarks\\e311_sensors2025_noise_synthesis_but_10s_2026_06_05\\runs\\full\\paper_table_strict__em_ma_ma_heavy__cinc0p00__cw1p00_1p55_1p70",
  "checkpoint": "E:\\GPTProject2\\ecg\\outputs\\external_benchmarks\\e311_sensors2025_noise_synthesis_but_10s_2026_06_05\\runs\\full\\paper_table_strict__em_ma_ma_heavy__cinc0p00__cw1p00_1p55_1p70\\ckpt_best.pt",
  "calibration": {
    "t_bad": 0.05,
    "t_good": 0.7499999999999999,
    "key": [
      0.8151811405446076,
      0.927710843373494,
      0.7830980711878918
    ],
    "val_report": {
      "acc": 0.9299913569576491,
      "balanced_acc": 0.7830980711878918,
      "macro_f1": 0.8151811405446076,
      "recall_good_medium_bad": [
        0.9834881320949432,
        0.4380952380952381,
        0.927710843373494
      ],
      "precision_good_medium_bad": [
        0.941699604743083,
        0.71875,
        0.9506172839506173
      ],
      "f1_good_medium_bad": [
        0.9621403331650682,
        0.5443786982248521,
        0.9390243902439024
      ],
      "support_good_medium_bad": [
        969,
        105,
        83
      ],
      "confusion_3x3": [
        [
          953,
          16,
          0
        ],
        [
          55,
          46,
          4
        ],
        [
          4,
          2,
          77
        ]
      ]
    }
  },
  "original_test_calibrated": {
    "acc": 0.7666627344579451,
    "balanced_acc": 0.7478635075234962,
    "macro_f1": 0.6794348662656882,
    "recall_good_medium_bad": [
      0.9101648351648352,
      0.6570266606416629,
      0.6763990267639902
    ],
    "precision_good_medium_bad": [
      0.7619595216191353,
      0.8737980769230769,
      0.3470661672908864
    ],
    "f1_good_medium_bad": [
      0.8294942413620431,
      0.7500644828475626,
      0.45874587458745875
    ],
    "support_good_medium_bad": [
      3640,
      4426,
      411
    ],
    "confusion_3x3": [
      [
        3313,
        323,
        4
      ],
      [
        999,
        2908,
        519
      ],
      [
        36,
        97,
        278
      ]
    ]
  },
  "original_test_raw": {
    "acc": 0.7317447210097912,
    "balanced_acc": 0.7085610240587794,
    "macro_f1": 0.6597960740592833,
    "recall_good_medium_bad": [
      0.9832417582417582,
      0.5366018978761862,
      0.6058394160583942
    ],
    "precision_good_medium_bad": [
      0.6656127952389809,
      0.943208895949166,
      0.42783505154639173
    ],
    "f1_good_medium_bad": [
      0.7938338693578796,
      0.6840437788018433,
      0.5015105740181269
    ],
    "support_good_medium_bad": [
      3640,
      4426,
      411
    ],
    "confusion_3x3": [
      [
        3579,
        60,
        1
      ],
      [
        1719,
        2375,
        332
      ],
      [
        79,
        83,
        249
      ]
    ]
  },
  "balanced_test_calibrated": {
    "acc": 0.7331711273317113,
    "balanced_acc": 0.7331711273317113,
    "macro_f1": 0.7291004676822945,
    "recall_good_medium_bad": [
      0.9148418491484185,
      0.6082725060827251,
      0.6763990267639902
    ],
    "precision_good_medium_bad": [
      0.7258687258687259,
      0.6544502617801047,
      0.8348348348348348
    ],
    "f1_good_medium_bad": [
      0.8094725511302476,
      0.6305170239596469,
      0.7473118279569892
    ],
    "support_good_medium_bad": [
      411,
      411,
      411
    ],
    "confusion_3x3": [
      [
        376,
        35,
        0
      ],
      [
        106,
        250,
        55
      ],
      [
        36,
        97,
        278
      ]
    ]
  },
  "balanced_test_raw": {
    "acc": 0.6926196269261963,
    "balanced_acc": 0.6926196269261963,
    "macro_f1": 0.6808487088164671,
    "recall_good_medium_bad": [
      0.9878345498783455,
      0.48418491484184917,
      0.6058394160583942
    ],
    "precision_good_medium_bad": [
      0.6160849772382397,
      0.6933797909407665,
      0.867595818815331
    ],
    "f1_good_medium_bad": [
      0.7588785046728972,
      0.5702005730659025,
      0.7134670487106017
    ],
    "support_good_medium_bad": [
      411,
      411,
      411
    ],
    "confusion_3x3": [
      [
        406,
        5,
        0
      ],
      [
        174,
        199,
        38
      ],
      [
        79,
        83,
        249
      ]
    ]
  },
  "stratified_balanced_test_calibrated": {
    "acc": 0.7396593673965937,
    "balanced_acc": 0.7396593673965937,
    "macro_f1": 0.7343651106106863,
    "recall_good_medium_bad": [
      0.9343065693430657,
      0.6082725060827251,
      0.6763990267639902
    ],
    "precision_good_medium_bad": [
      0.7398843930635838,
      0.6684491978609626,
      0.8176470588235294
    ],
    "f1_good_medium_bad": [
      0.8258064516129032,
      0.6369426751592356,
      0.7403462050599201
    ],
    "support_good_medium_bad": [
      411,
      411,
      411
    ],
    "confusion_3x3": [
      [
        384,
        27,
        0
      ],
      [
        99,
        250,
        62
      ],
      [
        36,
        97,
        278
      ]
    ]
  },
  "stratified_balanced_test_raw": {
    "acc": 0.7031630170316302,
    "balanced_acc": 0.7031630170316303,
    "macro_f1": 0.6916958084657233,
    "recall_good_medium_bad": [
      0.9902676399026764,
      0.51338199513382,
      0.6058394160583942
    ],
    "precision_good_medium_bad": [
      0.6359375,
      0.7080536912751678,
      0.8440677966101695
    ],
    "f1_good_medium_bad": [
      0.774500475737393,
      0.5952045133991537,
      0.7053824362606232
    ],
    "support_good_medium_bad": [
      411,
      411,
      411
    ],
    "confusion_3x3": [
      [
        407,
        4,
        0
      ],
      [
        154,
        211,
        46
      ],
      [
        79,
        83,
        249
      ]
    ]
  },
  "runtime": {
    "elapsed_sec": 17.41154639999968,
    "peak_cuda_memory_bytes": 517443072
  }
}