construction,n_original,n_generated,c2st_auc,rbf_mmd,swd,cdf_gap_mean,cdf_gap_max,pca_overlap,pc1_var,pc2_var
within_original_resample,158,383,0.707034735763625,0.0002747928538366917,0.03297627770817082,0.0232845037766213,0.04732789106653007,0.8172323759791122,0.5019687274700334,0.17227038023323524
fixed_synthetic,158,383,0.9695111874938029,0.5079629292729986,0.7186065834820383,0.5106079921808995,0.8420035033215454,0.8433420365535248,0.9092434013023567,0.03454523407921641
quota_draw,158,383,0.6445946392570314,0.004749323797047955,0.1263054179938501,0.23028836141905387,0.45941435039825496,0.9138381201044387,0.4661403644117075,0.22250905516969874
smc_gapfill,158,383,0.6172786462636745,0.0036275374986007858,0.10990627703900399,0.2255617010394128,0.45569620253164556,0.9086161879895561,0.5749470027819139,0.11754311994224236
