true,region,n,err_rate,nn_dist_median,nn_dist_p90,same_class_nn_rate,same_region_nn_rate,pred_top
bad,outlier_low_confidence,292,0.9863013698630136,29.1688175201416,61.25093231201174,0.0,0.0,good
medium,outlier_low_confidence,2179,0.3152822395594309,23.528661727905273,65.10229034423828,0.7627351996328591,0.0,medium
good,outlier_low_confidence,2411,0.15844048112816259,19.383729934692383,26.248903274536133,0.841974284529241,0.0,good
good,good_medium_overlap,1191,0.11335012594458438,16.208415985107422,20.37492561340332,0.8446683459277917,0.0,good
bad,near_bad_boundary,119,0.10084033613445378,26.584842681884766,29.313093185424805,1.0,0.0,bad
medium,good_medium_overlap,1711,0.0017533606078316774,11.725773811340332,16.26604461669922,0.9596727060198714,0.0,medium
medium,clean_core,531,0.0,11.604405403137207,15.070694923400879,0.9943502824858758,0.0,medium
good,clean_core,38,0.0,11.67452621459961,16.033987045288086,0.9473684210526315,0.0,good
medium,medium_bad_overlap,5,0.0,12.958784103393555,15.471744155883789,0.8,0.0,medium
