{
  "candidate": "predtop20_sqiquery_subject111_shift_stress_pretrain",
  "bank": "qrs_stress_v5",
  "n_synthetic_train": 9229,
  "n_original_test": 8477,
  "correct_nn_dist_median": 16.815092086791992,
  "wrong_nn_dist_median": 25.81104278564453,
  "correct_same_class_nn_rate": 0.9386555826286369,
  "wrong_same_class_nn_rate": 0.31866666666666665,
  "bad_outlier_wrong_nn_dist_median": 29.188783645629883,
  "medium_to_good_nn_dist_median": 42.67884063720703,
  "good_to_medium_nn_dist_median": 16.07973861694336
}