{
  "variant_id": "bw_heavy_snr01_uniform",
  "family": "real_noise_snr",
  "spec": {
    "id": "bw_heavy_snr01_uniform",
    "family": "real_noise_snr",
    "mix": {
      "name": "bw_heavy",
      "mode": "weighted",
      "weights": {
        "em": 0.15,
        "ma": 0.15,
        "bw": 0.7
      }
    },
    "snr": {
      "good": [
        16,
        20
      ],
      "medium": [
        8,
        14
      ],
      "bad": [
        -6,
        0
      ],
      "sampler": "uniform"
    },
    "class_weight": "1.00,1.40,1.70",
    "note": "Only real NSTDB em/ma/bw noise mixed at class-specific SNR."
  },
  "variant_dir": "E:\\GPTProject2\\ecg\\outputs\\external_benchmarks\\e311_real_noise_snr_but_match_grid_10s_2026_06_04\\scan_variants\\bw_heavy_snr01_uniform",
  "morph_overall_distance": 0.4419354838709677,
  "morph_medium_distance": 0.27575268817204296,
  "morph_by_class": {
    "good": 0.4161290322580645,
    "medium": 0.27575268817204296,
    "bad": 0.6339247311827956
  },
  "sqi_overall_distance": 0.42658730158730157,
  "sqi_by_class": {
    "good": 0.34523809523809523,
    "medium": 0.30357142857142855,
    "bad": 0.6309523809523808
  },
  "domain_separability_bal_acc": 0.9476190476190476,
  "overall_but_like_score": 0.4486559139784946,
  "audit": {
    "spec": {
      "id": "bw_heavy_snr01_uniform",
      "family": "real_noise_snr",
      "mix": {
        "name": "bw_heavy",
        "mode": "weighted",
        "weights": {
          "em": 0.15,
          "ma": 0.15,
          "bw": 0.7
        }
      },
      "snr": {
        "good": [
          16,
          20
        ],
        "medium": [
          8,
          14
        ],
        "bad": [
          -6,
          0
        ],
        "sampler": "uniform"
      },
      "class_weight": "1.00,1.40,1.70",
      "note": "Only real NSTDB em/ma/bw noise mixed at class-specific SNR."
    },
    "rows": 180,
    "sample_per_class": 60,
    "split_counts": {
      "test": 32,
      "train": 119,
      "val": 29
    },
    "class_counts": {
      "bad": 60,
      "good": 60,
      "medium": 60
    },
    "snr_by_class": {
      "good": {
        "mean": 18.244285583496094,
        "min": 16.160873413085938,
        "max": 19.98038673400879
      },
      "medium": {
        "mean": 11.395406723022461,
        "min": 8.088237762451172,
        "max": 13.891655921936035
      },
      "bad": {
        "mean": -2.6515393257141113,
        "min": -5.998195648193359,
        "max": -0.06782788783311844
      }
    }
  }
}