config,n_synthetic_bad,mean_ks_all_features,median_ks_all_features,mean_gap_all_features,top25_mean_ks,top25_mean_gap
qrsbank_highamp_patch_balanced,1319,0.5243180999708361,0.5000830849439696,1.9660748572572269,0.9202139437307217,8.302266618013382
qrsbank_highamp_stattoken_badguard,1319,0.5403405238299877,0.52770493420711,2.1604315540900134,0.9303721166928036,9.35329819636885
qrsbank_highamp_mix_patch_guard,1319,0.4819568717096421,0.42118354502684674,1.4811936573577449,0.9436619689054596,6.34090582691133
qrsbank_highamp_mix_stattoken_guard,1319,0.4840903092172733,0.43022941830153605,1.517987301980611,0.9441168589736932,6.62068395934999
qrsbank_badexpert_badguard,1319,0.5106588720264502,0.4893015152616656,1.5538121753572571,0.9649214327998589,7.045132591351867
qrsbank_badstress_hardneg_balanced,1319,0.5173179946176301,0.5034558143882353,1.6163022152671531,0.9651766074340253,7.4787616649270054
qrsbank_stattoken_badguard,1319,0.5190787311244902,0.509770270129924,1.625312266687271,0.9654495414749655,7.370646049976349
base_synthetic,1319,0.7507249231534442,0.8665422123443456,1.752790071225939,1.0,4.41957534790039
