{
  "note": "Clean/SemiClean node diagnostic bad-veto ensemble search. Original BUT is not used.",
  "node_id": "N7182_gm_trim_bad",
  "base_variant": "nl_n7180_gm_trim_bad_boundaryblocks_visualgate_mediumprot_e430e1072ca7",
  "specialists": {
    "core": "nl_n7182_gm_trim_bad_boundaryblocks_badattackwide_core122_9c92624a97fe",
    "outlier": "nl_n7182_gm_trim_bad_boundaryblocks_badattackwide_outlier_b9dea2cfac81",
    "dual": "nl_n7182_gm_trim_bad_boundaryblocks_badattackwide_dual_n7_5b567b543eaf"
  },
  "best_eligible": {
    "objective": 1.0393052852671159,
    "row": {
      "node_id": "N7182_gm_trim_bad",
      "base_variant": "nl_n7180_gm_trim_bad_boundaryblocks_visualgate_mediumprot_e430e1072ca7",
      "prediction_mode": "pc1_simple_pc1_gm_gate_t226_bad_veto_core_0.950",
      "pc1_mode": "simple_pc1_gm_gate_t226",
      "bad_score": "core",
      "threshold": 0.95,
      "eligible_by_node_gates": true,
      "n": 18448,
      "acc": 0.9908933217692975,
      "macro_f1": 0.9898053990960923,
      "good_recall": 0.9993038150932888,
      "medium_recall": 0.9923419660261765,
      "bad_recall": 0.9735553379040157,
      "good_precision": 0.9959755759089648,
      "medium_precision": 0.9843922651933702,
      "bad_precision": 0.993503248375812,
      "good_f1": 0.9976369196552682,
      "medium_f1": 0.9883511302177229,
      "bad_f1": 0.9834281474152857,
      "support_good": 7182,
      "support_medium": 7182,
      "support_bad": 4084,
      "confusion_3x3": [
        [
          7177,
          5,
          0
        ],
        [
          29,
          7127,
          26
        ],
        [
          0,
          108,
          3976
        ]
      ],
      "train_acc": 0.9980052717817197,
      "train_good_recall": 0.9992686048637777,
      "train_medium_recall": 0.9947871416159861,
      "train_bad_recall": 1.0,
      "val_acc": 0.9848866498740554,
      "val_good_recall": 0.9968152866242038,
      "val_medium_recall": 0.9512195121951219,
      "val_bad_recall": 0.0,
      "test_acc": 0.966616841056303,
      "test_good_recall": 1.0,
      "test_medium_recall": 0.9891826923076923,
      "test_bad_recall": 0.10084033613445378
    }
  }
}