{
  "created_at": "2026-06-13T12:34:50",
  "rules": 972,
  "best_rule": "badstress_00815",
  "best_cfg": {
    "pc2_min": 14.0,
    "qv_max": 0.05,
    "qrs_max": 3.2,
    "qrs_band_max": 0.14,
    "base_min": 1.1,
    "nonq_min": 0.045,
    "entropy_min": 0.7,
    "lf_min": 0.55,
    "den3_max": 0.12,
    "diff_ratio_max": 6.0,
    "hf_max": 1.2
  },
  "best_metrics": {
    "n": 8477,
    "acc": 0.897015453580276,
    "macro_f1": 0.8034753605112313,
    "good_recall": 0.9068681318681319,
    "medium_recall": 0.9265702666064166,
    "bad_recall": 0.49148418491484186,
    "good_precision": 0.9205242610150586,
    "medium_precision": 0.8882391163092918,
    "bad_precision": 0.7372262773722628,
    "support_good": 3640,
    "support_medium": 4426,
    "support_bad": 411,
    "rule": "badstress_00815",
    "pc2_min": 14.0,
    "qv_max": 0.05,
    "qrs_max": 3.2,
    "qrs_band_max": 0.14,
    "base_min": 1.1,
    "nonq_min": 0.045,
    "entropy_min": 0.7,
    "lf_min": 0.55,
    "den3_max": 0.12,
    "diff_ratio_max": 6.0,
    "hf_max": 1.2
  }
}