split,prediction,n,acc,good_to_medium,medium_to_good,good_recall,medium_recall
train_val,best_pred_class,9597,0.9552985307908721,199,230,0.9652705061082024,0.9405223687613137
train_val,visual_gate_pred,9597,0.9825987287694071,37,130,0.993542757417103,0.9663822084303078
train_val,visual_gate_delta,9597,0.027300197978535,-162,-100,0.028272251308900542,0.025859839668994078
test,best_pred_class,3562,0.9691184727681078,5,105,0.9963768115942029,0.9518790100824931
test,visual_gate_pred,3562,0.9876473891072431,0,44,1.0,0.9798350137488543
test,visual_gate_delta,3562,0.018528916339135337,-5,-61,0.0036231884057971175,0.027956003666361195
all,best_pred_class,13159,0.9590394406869823,204,335,0.9713080168776371,0.9446189452802116
all,visual_gate_pred,13159,0.9839653469108595,37,174,0.9947960618846695,0.9712349148619607
all,visual_gate_delta,13159,0.024925906223877137,-167,-161,0.023488045007032388,0.026615969581749055
