feature,op,threshold,train_rescue_pass_rate,train_medium_lost_pass_rate,train_spread
flatline_ratio,>=,0.1697357886309047,0.953125,0.0029498525073746312,0.9501751474926253
pc1,<=,-2.660846206651393,0.94921875,0.0,0.94921875
qrs_visibility,>=,0.5026219181722926,0.94921875,0.01327433628318584,0.9359444137168141
pc3,<=,1.1671711623827932,0.94921875,0.032448377581120944,0.916770372418879
non_qrs_diff_p95,<=,0.07623103774385526,0.94921875,0.09734513274336283,0.8518736172566371
template_corr,>=,0.6122880279758645,0.8893229166666666,0.11651917404129794,0.7728037426253687
qrs_prom_p90,>=,6.004155136421888,0.6002604166666666,0.48672566371681414,0.11353475294985249
