waveform_group,all_rows,selected_rows,pc1_median_all,pc3_median_all,flatline_ratio_median_all,qrs_visibility_median_all,template_corr_median_all,non_qrs_diff_p95_median_all,baseline_step_median_all,amplitude_entropy_median_all
best_good_to_medium,204,5,-3.6569692969349292,-1.808392177293368,0.2826261008807045,0.5978124391475039,0.7225659079431868,0.044047997391316956,0.6212780600387675,0.7222018803086544
best_medium_to_good,335,5,-0.6974397199045627,2.970189785697557,0.0936749399519615,0.2380111460098058,0.5457445232804805,0.111920903623104,0.3438034437451625,0.6353394471972886
best_correct_good_boundary,6906,5,-4.816024229669601,-1.2457685883005019,0.3274619695756605,0.5760704475758396,0.6785213556655358,0.0508072754368185,0.2986661608126068,0.6056827405748023
best_correct_medium_boundary,5714,5,-0.0676793523022057,2.122954373771267,0.0832666132906325,0.25795488592782023,0.5700990456601304,0.10312839113175865,0.6969632214888364,0.7280203968703761
v2_damaged_medium,726,5,-0.47776790594747554,2.790827552682241,0.0944755804643715,0.29111394247098793,0.5560880319368083,0.1125631520757451,0.47441822223844377,0.6691546458099022
mediumheavy_rescued_medium,326,5,-0.7080457470586428,3.3146962375826656,0.09247397918334666,0.1718687950517076,0.5322814793489413,0.11511437445878975,0.5344304199597365,0.6621822815669662
