{
  "node_id": "N7110_gm_trim_bad",
  "balanced": {
    "variant_id": "nl_n7110_gm_trim_bad_geom_addedring_n7100base_g003_m010_g_ff57b2cf1d57",
    "prediction_mode": "medium_guarded_pmed0005",
    "n": 18304,
    "acc": 0.9462412587412588,
    "macro_f1": 0.951798882289424,
    "good_recall": 0.9713080168776371,
    "medium_recall": 0.9070323488045007,
    "bad_recall": 0.9708619000979432,
    "good_precision": 0.912647019955068,
    "medium_precision": 0.9523036030714708,
    "bad_precision": 1.0,
    "support_good": 7110,
    "support_medium": 7110,
    "support_bad": 4084
  },
  "good_raw_endpoint": {
    "variant_id": "nl_n7110_gm_trim_bad_geom_addedring_n7100base_g003_m010_g_ff57b2cf1d57",
    "prediction_mode": "raw",
    "n": 18304,
    "acc": 0.9377731643356644,
    "macro_f1": 0.9443593481028616,
    "good_recall": 0.9886075949367089,
    "medium_recall": 0.8679324894514768,
    "bad_recall": 0.9708619000979432,
    "good_precision": 0.8821536144578314,
    "medium_precision": 0.9686077538847905,
    "bad_precision": 1.0,
    "support_good": 7110,
    "support_medium": 7110,
    "support_bad": 4084
  },
  "medium_heavy_endpoint": {
    "variant_id": "nl_n7110_gm_trim_bad_geom_addedring_n7100base_g004_m014_g_541e49ea0b00",
    "prediction_mode": "medium_guarded_pmed0005",
    "n": 18304,
    "acc": 0.9055397727272727,
    "macro_f1": 0.917003626801701,
    "good_recall": 0.8315049226441632,
    "medium_recall": 0.9421940928270042,
    "bad_recall": 0.970617042115573,
    "good_precision": 0.9349992092361221,
    "medium_precision": 0.8355993513783211,
    "bad_precision": 1.0,
    "support_good": 7110,
    "support_medium": 7110,
    "support_bad": 4084
  },
  "group_counts": {
    "other": 16578,
    "good_lost_by_mediumheavy": 999,
    "medium_rescued_by_mediumheavy": 326,
    "medium_lost_by_raw": 278,
    "good_rescued_by_raw": 123
  },
  "refine_target_rows": 1726,
  "refine_target_class_counts": {
    "good": 1122,
    "medium": 604
  },
  "refine_target_group_counts": {
    "good_lost_by_mediumheavy": 999,
    "medium_rescued_by_mediumheavy": 326,
    "medium_lost_by_raw": 278,
    "good_rescued_by_raw": 123
  },
  "top_goodraw_gaps": [
    {
      "feature": "pc1",
      "positive_group": "good_rescued_by_raw",
      "negative_group": "medium_lost_by_raw",
      "positive_n": 123,
      "negative_n": 278,
      "positive_median": -3.797279891439513,
      "negative_median": -0.6593827138949109,
      "median_delta": -3.137897177544602,
      "cohen_d": -4.539849900994428,
      "ks": 0.9928057553956835,
      "rank_score": 1.6737832405448476
    },
    {
      "feature": "pc3",
      "positive_group": "good_rescued_by_raw",
      "negative_group": "medium_lost_by_raw",
      "positive_n": 123,
      "negative_n": 278,
      "positive_median": -1.8249173061751656,
      "negative_median": 2.909052887838351,
      "median_delta": -4.733970194013517,
      "cohen_d": -3.471365837798525,
      "ks": 0.9235245949581798,
      "rank_score": 1.4442294706279586
    },
    {
      "feature": "qrs_visibility",
      "positive_group": "good_rescued_by_raw",
      "negative_group": "medium_lost_by_raw",
      "positive_n": 123,
      "negative_n": 278,
      "positive_median": 0.6019978226226266,
      "negative_median": 0.21929250705294295,
      "median_delta": 0.3827053155696836,
      "cohen_d": 2.7812474393172746,
      "ks": 0.9205708603848628,
      "rank_score": 1.3377579762824539
    },
    {
      "feature": "flatline_ratio",
      "positive_group": "good_rescued_by_raw",
      "negative_group": "medium_lost_by_raw",
      "positive_n": 123,
      "negative_n": 278,
      "positive_median": 0.2850280224179343,
      "negative_median": 0.0976781425140112,
      "median_delta": 0.1873498799039231,
      "cohen_d": 2.8551260936956964,
      "ks": 0.8767620050301222,
      "rank_score": 1.3050309190844767
    },
    {
      "feature": "template_corr",
      "positive_group": "good_rescued_by_raw",
      "negative_group": "medium_lost_by_raw",
      "positive_n": 123,
      "negative_n": 278,
      "positive_median": 0.7216401512066158,
      "negative_median": 0.534343097218056,
      "median_delta": 0.1872970539885599,
      "cohen_d": 2.087502563831301,
      "ks": 0.8099959057144528,
      "rank_score": 1.1231212902891479
    },
    {
      "feature": "non_qrs_diff_p95",
      "positive_group": "good_rescued_by_raw",
      "negative_group": "medium_lost_by_raw",
      "positive_n": 123,
      "negative_n": 278,
      "positive_median": 0.0469270527362823,
      "negative_median": 0.10442445413209489,
      "median_delta": -0.05749740139581259,
      "cohen_d": -1.598609280802237,
      "ks": 0.7002105632567117,
      "rank_score": 0.9400019553770472
    },
    {
      "feature": "band_30_45",
      "positive_group": "good_rescued_by_raw",
      "negative_group": "medium_lost_by_raw",
      "positive_n": 123,
      "negative_n": 278,
      "positive_median": 0.0158648532731872,
      "negative_median": 0.026287031902368,
      "median_delta": -0.010422178629180798,
      "cohen_d": -1.2901395378353255,
      "ks": 0.5693396502310347,
      "rank_score": 0.7628605809063336
    },
    {
      "feature": "knn_label_purity",
      "positive_group": "good_rescued_by_raw",
      "negative_group": "medium_lost_by_raw",
      "positive_n": 123,
      "negative_n": 278,
      "positive_median": 1.0,
      "negative_median": 0.9,
      "median_delta": 0.09999999999999998,
      "cohen_d": 1.2450970014934861,
      "ks": 0.5052933263145581,
      "rank_score": 0.6920578765385811
    }
  ],
  "top_mediumheavy_gaps": [
    {
      "feature": "pc1",
      "positive_group": "medium_rescued_by_mediumheavy",
      "negative_group": "good_lost_by_mediumheavy",
      "positive_n": 326,
      "negative_n": 999,
      "positive_median": -0.7080457470586428,
      "negative_median": -3.929524198358457,
      "median_delta": 3.2214784512998142,
      "cohen_d": 3.986364473459117,
      "ks": 1.0,
      "rank_score": 1.5979546710188675
    },
    {
      "feature": "pc3",
      "positive_group": "medium_rescued_by_mediumheavy",
      "negative_group": "good_lost_by_mediumheavy",
      "positive_n": 326,
      "negative_n": 999,
      "positive_median": 3.3146962375826656,
      "negative_median": -1.1690776262629523,
      "median_delta": 4.483773863845618,
      "cohen_d": 3.7541510438566785,
      "ks": 0.9603161443652242,
      "rank_score": 1.523438800943726
    },
    {
      "feature": "flatline_ratio",
      "positive_group": "medium_rescued_by_mediumheavy",
      "negative_group": "good_lost_by_mediumheavy",
      "positive_n": 326,
      "negative_n": 999,
      "positive_median": 0.09247397918334666,
      "negative_median": 0.2626100880704564,
      "median_delta": -0.17013610888710973,
      "cohen_d": -2.732420412004343,
      "ks": 0.9158207287041643,
      "rank_score": 1.3256837905048158
    },
    {
      "feature": "template_corr",
      "positive_group": "medium_rescued_by_mediumheavy",
      "negative_group": "good_lost_by_mediumheavy",
      "positive_n": 326,
      "negative_n": 999,
      "positive_median": 0.5322814793489413,
      "negative_median": 0.6588127579662717,
      "median_delta": -0.12653127861733038,
      "cohen_d": -2.1387848985129225,
      "ks": 0.8164637029667704,
      "rank_score": 1.1372814377437088
    },
    {
      "feature": "qrs_visibility",
      "positive_group": "medium_rescued_by_mediumheavy",
      "negative_group": "good_lost_by_mediumheavy",
      "positive_n": 326,
      "negative_n": 999,
      "positive_median": 0.1718687950517076,
      "negative_median": 0.6198926068513592,
      "median_delta": -0.44802381179965156,
      "cohen_d": -2.1093289855632573,
      "ks": 0.7446157814255974,
      "rank_score": 1.061015129260086
    },
    {
      "feature": "non_qrs_diff_p95",
      "positive_group": "medium_rescued_by_mediumheavy",
      "negative_group": "good_lost_by_mediumheavy",