{
  "node_id": "N7110_gm_trim_bad",
  "base_variant": "nl_n7110_gm_trim_bad_geom_directrule_n7100base_g003_m008__69ab5b71cf7d",
  "base_prediction_mode": "raw",
  "alt_variant": "nl_n7110_gm_trim_bad_geom_directrule_n7100base_g004_m010__59b96f510b3e",
  "alt_prediction_mode": "medium_guarded_pmed0005",
  "selection_method": "threshold chosen only by train+val objective on endpoint disagreements",
  "gate_rule": "if endpoints disagree good-vs-medium and qrs_visibility <= 0.03784960, use alt medium-lean prediction; otherwise use base raw prediction",
  "threshold": 0.03784959593435119,
  "disagreement_rows": 705,
  "trainval_disagreement_rows": 454,
  "test_disagreement_rows": 251,
  "gate_flips": 66,
  "base_all": {
    "n": 18304,
    "acc": 0.9496284965034965,
    "macro_f1": 0.9546322740979828,
    "good_recall": 0.960337552742616,
    "medium_recall": 0.9268635724331927,
    "bad_recall": 0.970617042115573,
    "good_precision": 0.9298651777202778,
    "medium_precision": 0.9426405378343584,
    "bad_precision": 0.9984886649874055,
    "support_good": 7110,
    "support_medium": 7110,
    "support_bad": 4084,
    "confusion_3x3": [
      [
        6828,
        281,
        1
      ],
      [
        515,
        6590,
        5
      ],
      [
        0,
        120,
        3964
      ]
    ]
  },
  "alt_all": {
    "n": 18304,
    "acc": 0.9495738636363636,
    "macro_f1": 0.9547176326352079,
    "good_recall": 0.9485232067510548,
    "medium_recall": 0.9383966244725739,
    "bad_recall": 0.9708619000979432,
    "good_precision": 0.9392757660167131,
    "medium_precision": 0.9322341763308649,
    "bad_precision": 0.9994958406856567,
    "support_good": 7110,
    "support_medium": 7110,
    "support_bad": 4084,
    "confusion_3x3": [
      [
        6744,
        366,
        0
      ],
      [
        436,
        6672,
        2
      ],
      [
        0,
        119,
        3965
      ]
    ]
  },
  "gated_all": {
    "n": 18304,
    "acc": 0.9529064685314685,
    "macro_f1": 0.9574497872350259,
    "good_recall": 0.960337552742616,
    "medium_recall": 0.9353023909985936,
    "bad_recall": 0.970617042115573,
    "good_precision": 0.9375257448853495,
    "medium_precision": 0.9431286342362786,
    "bad_precision": 0.9984886649874055,
    "support_good": 7110,
    "support_medium": 7110,
    "support_bad": 4084,
    "confusion_3x3": [
      [
        6828,
        281,
        1
      ],
      [
        455,
        6650,
        5
      ],
      [
        0,
        120,
        3964
      ]
    ]
  },
  "gated_trainval": {
    "n": 14334,
    "acc": 0.9651876656899679,
    "macro_f1": 0.9675164737508765,
    "good_recall": 0.9520069808027923,
    "medium_recall": 0.951929295106704,
    "bad_recall": 0.9997477931904162,
    "good_precision": 0.961402890377159,
    "medium_precision": 0.9413771050948625,
    "bad_precision": 0.998740236835475,
    "support_good": 5730,
    "support_medium": 4639,
    "support_bad": 3965,
    "confusion_3x3": [
      [
        5455,
        274,
        1
      ],
      [
        219,
        4416,
        4
      ],
      [
        0,
        1,
        3964
      ]
    ]
  },
  "gated_test": {
    "n": 3970,
    "acc": 0.9085642317380352,
    "macro_f1": 0.6145207281225299,
    "good_recall": 0.994927536231884,
    "medium_recall": 0.9040874140024282,
    "bad_recall": 0.0,
    "good_precision": 0.853325046612803,
    "medium_precision": 0.9466101694915254,
    "bad_precision": 0.0,
    "support_good": 1380,
    "support_medium": 2471,
    "support_bad": 119,
    "confusion_3x3": [
      [
        1373,
        7,
        0
      ],
      [
        236,
        2234,
        1
      ],
      [
        0,
        119,
        0
      ]
    ]
  },
  "group_counts": {
    "unused": 17505,
    "remaining_medium_to_good": 455,
    "remaining_good_to_medium": 281,
    "gate_fixed_medium": 63
  },
  "note": "This is a held-out geometry-rule artifact, not a standalone checkpoint. Original BUT remains report-only."
}