{
  "best_variant": "nl_n7110_gm_trim_bad_geom_addedring_n7100base_g003_m010_g_ff57b2cf1d57",
  "failed_medium_rescue_v2_variant": "nl_n7110_gm_trim_bad_geom_mediumrescue_n7110best_g000_m00_d93e65e2310d",
  "medium_heavy_reference_variant": "nl_n7110_gm_trim_bad_geom_addedring_n7100base_g004_m014_g_541e49ea0b00",
  "group_counts": {
    "best_correct_good_boundary": 6906,
    "best_correct_medium_boundary": 5714,
    "unused": 4093,
    "v2_damaged_medium": 726,
    "best_medium_to_good": 335,
    "mediumheavy_rescued_medium": 326,
    "best_good_to_medium": 204
  },
  "selected_counts": {
    "best_good_to_medium": 5,
    "best_medium_to_good": 5,
    "best_correct_good_boundary": 5,
    "best_correct_medium_boundary": 5,
    "v2_damaged_medium": 5,
    "mediumheavy_rescued_medium": 5
  },
  "heldout_geometry_gate": {
    "best_thresholds": {
      "pc1_cut": -2.526588962399171,
      "pc3_cut": 0.9236126636548955,
      "flatline_cut": 0.1585268214571657,
      "qrs_visibility_cut": 0.527038498994941,
      "non_qrs_diff_p95_cut": 0.06899095394182937,
      "train_acc": 0.9948374494209572,
      "train_macro_f1": 0.9951913091937814,
      "train_good_recall": 0.9914485165794066,
      "train_medium_recall": 0.994610907523173,
      "train_bad_recall": 1.0,
      "train_flips": 558.0,
      "test_acc": 0.9448362720403023,
      "test_macro_f1": 0.6402901523331258,
      "test_good_recall": 0.9978260869565218,
      "test_medium_recall": 0.9607446377984622,
      "test_bad_recall": 0.0,
      "test_flips": 133.0,
      "rank_score": 1.5826694335047036
    },
    "base_all_metrics": {
      "n": 18304,
      "acc": 0.9462412587412588,
      "macro_f1": 0.951798882289424,
      "good_recall": 0.9713080168776371,
      "medium_recall": 0.9070323488045007,
      "bad_recall": 0.9708619000979432,
      "good_precision": 0.912647019955068,
      "medium_precision": 0.9523036030714708,
      "bad_precision": 1.0,
      "support_good": 7110,
      "support_medium": 7110,
      "support_bad": 4084
    },
    "base_train_val_metrics": {
      "n": 14334,
      "acc": 0.9559090274870936,
      "macro_f1": 0.9586915356278704,
      "good_recall": 0.9652705061082024,
      "medium_recall": 0.9066609183013581,
      "bad_recall": 1.0,
      "good_precision": 0.9273977196512407,
      "medium_precision": 0.9548240635641316,
      "bad_precision": 1.0,
      "support_good": 5730,
      "support_medium": 4639,
      "support_bad": 3965
    },
    "base_test_metrics": {
      "n": 3970,
      "acc": 0.9113350125944585,
      "macro_f1": 0.616377792101131,
      "good_recall": 0.9963768115942029,
      "medium_recall": 0.9077296641036018,
      "bad_recall": 0.0,
      "good_precision": 0.8577666874610106,
      "medium_precision": 0.9476130122517955,
      "bad_precision": 0.0,
      "support_good": 1380,
      "support_medium": 2471,
      "support_bad": 119
    },
    "all_metrics": {
      "n": 18304,
      "acc": 0.9839925699300699,
      "macro_f1": 0.9841683942741325,
      "good_recall": 0.9926863572433192,
      "medium_recall": 0.9828410689170183,
      "bad_recall": 0.9708619000979432,
      "good_precision": 0.983008356545961,
      "medium_precision": 0.9761139823997765,
      "bad_precision": 1.0,
      "support_good": 7110,
      "support_medium": 7110,
      "support_bad": 4084
    },
    "train_val_metrics": {
      "n": 14334,
      "acc": 0.9948374494209572,
      "macro_f1": 0.9951913091937814,
      "good_recall": 0.9914485165794066,
      "medium_recall": 0.994610907523173,
      "bad_recall": 1.0,
      "good_precision": 0.9956186470382054,
      "medium_precision": 0.98949174351276,
      "bad_precision": 1.0,
      "support_good": 5730,
      "support_medium": 4639,
      "support_bad": 3965
    },
    "test_metrics": {
      "n": 3970,
      "acc": 0.9448362720403023,
      "macro_f1": 0.6402901523331258,
      "good_recall": 0.9978260869565218,
      "medium_recall": 0.9607446377984622,
      "bad_recall": 0.0,
      "good_precision": 0.9341926729986432,
      "medium_precision": 0.9511217948717948,
      "bad_precision": 0.0,
      "support_good": 1380,
      "support_medium": 2471,
      "support_bad": 119
    },
    "all_flips": 691,
    "train_val_flips": 558,
    "test_flips": 133,
    "note": "Report-only held-out geometry gate. Thresholds are learned on train+val rows, then reported on test rows. The node test split's bad recall is already 0.0 under the base best model, so bad guardrail evaluation must use the all-node diagnostic and explicit bad buckets rather than this split alone."
  },
  "top_best_error_gaps": [
    {
      "feature": "pc1",
      "left_group": "best_good_to_medium",
      "right_group": "best_medium_to_good",
      "left_n": 204,
      "right_n": 335,
      "left_median": -3.6569692969349292,
      "right_median": -0.6974397199045627,
      "median_delta": -2.9595295770303665,
      "cohen_d": -4.422321698790468,
      "ks": 0.991044776119403,
      "rank_score": 1.6543930309379733,
      "comparison": "best_errors"
    },
    {
      "feature": "pc3",
      "left_group": "best_good_to_medium",
      "right_group": "best_medium_to_good",
      "left_n": 204,
      "right_n": 335,
      "left_median": -1.808392177293368,
      "right_median": 2.970189785697557,
      "median_delta": -4.778581962990925,
      "cohen_d": -3.876957844248752,
      "ks": 0.9586479367866549,
      "rank_score": 1.5401916134239677,
      "comparison": "best_errors"
    },
    {
      "feature": "flatline_ratio",
      "left_group": "best_good_to_medium",
      "right_group": "best_medium_to_good",
      "left_n": 204,
      "right_n": 335,
      "left_median": 0.2826261008807045,
      "right_median": 0.0936749399519615,
      "median_delta": 0.188951160928743,
      "cohen_d": 3.070124350995519,
      "ks": 0.90171202809482,
      "rank_score": 1.3622306807441478,
      "comparison": "best_errors"
    },
    {
      "feature": "qrs_visibility",
      "left_group": "best_good_to_medium",
      "right_group": "best_medium_to_good",
      "left_n": 204,
      "right_n": 335,
      "left_median": 0.5978124391475039,
      "right_median": 0.2380111460098058,
      "median_delta": 0.35980129313769815,
      "cohen_d": 2.8015324713461234,
      "ks": 0.926251097453907,
      "rank_score": 1.3464809681558254,
      "comparison": "best_errors"
    },
    {
      "feature": "template_corr",
      "left_group": "best_good_to_medium",
      "right_group": "best_medium_to_good",
      "left_n": 204,
      "right_n": 335,
      "left_median": 0.7225659079431868,
      "right_median": 0.5457445232804805,
      "median_delta": 0.17682138466270625,
      "cohen_d": 2.4801651616147913,
      "ks": 0.8829821480831138,
      "rank_score": 1.2550069223253324,
      "comparison": "best_errors"
    },
    {
      "feature": "non_qrs_diff_p95",
      "left_group": "best_good_to_medium",
      "right_group": "best_medium_to_good",
      "left_n": 204,
      "right_n": 335,
      "left_median": 0.044047997391316956,
      "right_median": 0.111920903623104,
      "median_delta": -0.06787290623178704,
      "cohen_d": -1.8766642044996422,
      "ks": 0.7919227392449517,
      "rank_score": 1.0734223699198981,
      "comparison": "best_errors"
    },
    {
      "feature": "band_30_45",
      "left_group": "best_good_to_medium",
      "right_group": "best_medium_to_good",
      "left_n": 204,
      "right_n": 335,
      "left_median": 0.015742159220384952,
      "right_median": 0.0300318570069353,
      "median_delta": -0.01428969778655035,
      "cohen_d": -1.64965541000395,
      "ks": 0.729675153643547,
      "rank_score": 0.9771234651441394,
      "comparison": "best_errors"
    },
    {
      "feature": "amplitude_entropy",
      "left_group": "best_good_to_medium",
      "right_group": "best_medium_to_good",
      "left_n": 204,
      "right_n": 335,
      "left_median": 0.7222018803086544,
      "right_median": 0.6353394471972886,