{
  "node_id": "N7150_gm_trim_bad",
  "high_good": {
    "variant_id": "nl_n7150_gm_trim_bad_geom_addedring_n7100base_g006_m020_g_e319672f8889",
    "n": 18384,
    "acc": 0.9413620539599652,
    "macro_f1": 0.947486976645337,
    "good_recall": 0.9907692307692307,
    "medium_recall": 0.8752447552447552,
    "bad_recall": 0.970617042115573,
    "support_good": 7150,
    "support_medium": 7150,
    "support_bad": 4084
  },
  "medium_strong": {
    "variant_id": "nl_n7150_gm_trim_bad_geom_addedring_n7100base_g004_m026_g_0662ffd18c65",
    "n": 18384,
    "acc": 0.9161771105308965,
    "macro_f1": 0.9262827437119517,
    "good_recall": 0.8846153846153846,
    "medium_recall": 0.9166433566433566,
    "bad_recall": 0.970617042115573,
    "support_good": 7150,
    "support_medium": 7150,
    "support_bad": 4084
  },
  "group_counts": {
    "other": 17251,
    "good_rescued_by_highgood": 759,
    "medium_lost_by_highgood": 374
  },
  "top_mediumstrong_gaps": [],
  "top_highgood_gaps": [
    {
      "feature": "pc1",
      "positive_group": "good_rescued_by_highgood",
      "negative_group": "medium_lost_by_highgood",
      "positive_n": 759,
      "negative_n": 374,
      "positive_median": -4.424028513087573,
      "negative_median": -0.8491768622868019,
      "median_delta": -3.5748516508007713,
      "cohen_d": -4.284039159670591,
      "ks": 0.9893435635123614,
      "rank_score": 1.63194943746295
    },
    {
      "feature": "pc3",
      "positive_group": "good_rescued_by_highgood",
      "negative_group": "medium_lost_by_highgood",
      "positive_n": 759,
      "negative_n": 374,
      "positive_median": -1.8999295449646108,
      "negative_median": 2.784129225369429,
      "median_delta": -4.6840587703340395,
      "cohen_d": -3.264015065234698,
      "ks": 0.8802604045570798,
      "rank_score": 1.3698626643422844
    },
    {
      "feature": "flatline_ratio",
      "positive_group": "good_rescued_by_highgood",
      "negative_group": "medium_lost_by_highgood",
      "positive_n": 759,
      "negative_n": 374,
      "positive_median": 0.3122497998398719,
      "negative_median": 0.1152922337870296,
      "median_delta": 0.1969575660528423,
      "cohen_d": 3.015096085248191,
      "ks": 0.8653413934743858,
      "rank_score": 1.3176058062616143
    },
    {
      "feature": "qrs_visibility",
      "positive_group": "good_rescued_by_highgood",
      "negative_group": "medium_lost_by_highgood",
      "positive_n": 759,
      "negative_n": 374,
      "positive_median": 0.6123746706380894,
      "negative_median": 0.24112152427590033,
      "median_delta": 0.37125314636218903,
      "cohen_d": 2.0863319296807035,
      "ks": 0.7572270014725258,
      "rank_score": 1.0701767909246311
    },
    {
      "feature": "template_corr",
      "positive_group": "good_rescued_by_highgood",
      "negative_group": "medium_lost_by_highgood",
      "positive_n": 759,
      "negative_n": 374,
      "positive_median": 0.7178736194267961,
      "negative_median": 0.5369144016196317,
      "median_delta": 0.1809592178071644,
      "cohen_d": 1.7360329997514918,
      "ks": 0.777881112919476,
      "rank_score": 1.0382860628821997
    },
    {
      "feature": "knn_label_purity",
      "positive_group": "good_rescued_by_highgood",
      "negative_group": "medium_lost_by_highgood",
      "positive_n": 759,
      "negative_n": 374,
      "positive_median": 1.0,
      "negative_median": 0.8666666666666667,
      "median_delta": 0.1333333333333333,
      "cohen_d": 1.5756092457605644,
      "ks": 0.694605905603348,
      "rank_score": 0.9309472924674327
    },
    {
      "feature": "non_qrs_diff_p95",
      "positive_group": "good_rescued_by_highgood",
      "negative_group": "medium_lost_by_highgood",
      "positive_n": 759,
      "negative_n": 374,
      "positive_median": 0.0509538248181343,
      "negative_median": 0.08509539514780046,
      "median_delta": -0.03414157032966616,
      "cohen_d": -1.4239272781580508,
      "ks": 0.6364798883980469,
      "rank_score": 0.8500689801217545
    },
    {
      "feature": "band_30_45",
      "positive_group": "good_rescued_by_highgood",
      "negative_group": "medium_lost_by_highgood",
      "positive_n": 759,
      "negative_n": 374,
      "positive_median": 0.0138376516968746,
      "negative_median": 0.023975499284405698,
      "median_delta": -0.010137847587531097,
      "cohen_d": -1.322085405376858,
      "ks": 0.5311167945439045,
      "rank_score": 0.7294296053504332
    },
    {
      "feature": "non_qrs_rms_ratio",
      "positive_group": "good_rescued_by_highgood",
      "negative_group": "medium_lost_by_highgood",
      "positive_n": 759,
      "negative_n": 374,
      "positive_median": 0.3418829712279428,
      "negative_median": 0.4765358679809758,
      "median_delta": -0.134652896753033,
      "cohen_d": -1.2097833910649531,
      "ks": 0.4665581647678834,
      "rank_score": 0.6480256734276264
    },
    {
      "feature": "boundary_confidence",
      "positive_group": "good_rescued_by_highgood",
      "negative_group": "medium_lost_by_highgood",
      "positive_n": 759,
      "negative_n": 374,
      "positive_median": 0.7706829783488821,
      "negative_median": 0.646392234349517,
      "median_delta": 0.12429074399936513,
      "cohen_d": 0.7750587271152656,
      "ks": 0.4289312562969852,
      "rank_score": 0.5451900653642751
    }
  ]
}