{
  "base_key": "nl_n7150_gm_trim_bad_geom_addedring_n7100base_g006_m020_g_e319672f8889::raw",
  "alt_key": "nl_n7150_gm_trim_bad_geom_mediumlost_n7150base_g000_m022__f297c2a54bbc::medium_guarded_pmed0005",
  "threshold": 0.5052716105408475,
  "disagreement_rows": 1302,
  "trainval_disagreement_rows": 1066,
  "test_disagreement_rows": 236,
  "gate_flips": 695,
  "group_counts": {
    "unused": 17109,
    "remaining_medium_to_good": 641,
    "gate_fixed_medium": 554,
    "remaining_good_to_medium": 80
  },
  "base_all": {
    "n": 18384,
    "acc": 0.9317341166231505,
    "macro_f1": 0.9391013365410595,
    "good_recall": 0.9935664335664336,
    "medium_recall": 0.8476923076923077,
    "bad_recall": 0.970617042115573,
    "good_precision": 0.8669758359775446,
    "medium_precision": 0.9734982332155477,
    "bad_precision": 1.0,
    "support_good": 7150,
    "support_medium": 7150,
    "support_bad": 4084,
    "confusion_3x3": [
      [
        7104,
        46,
        0
      ],
      [
        1089,
        6061,
        0
      ],
      [
        1,
        119,
        3964
      ]
    ]
  },
  "alt_all": {
    "n": 18384,
    "acc": 0.9226501305483029,
    "macro_f1": 0.931814419884005,
    "good_recall": 0.9064335664335664,
    "medium_recall": 0.9114685314685315,
    "bad_recall": 0.970617042115573,
    "good_precision": 0.9110205229125667,
    "medium_precision": 0.892006569942513,
    "bad_precision": 1.0,
    "support_good": 7150,
    "support_medium": 7150,
    "support_bad": 4084,
    "confusion_3x3": [
      [
        6481,
        669,
        0
      ],
      [
        633,
        6517,
        0
      ],
      [
        0,
        120,
        3964
      ]
    ]
  },
  "gated_all": {
    "n": 18384,
    "acc": 0.9542536988685814,
    "macro_f1": 0.9586302079001686,
    "good_recall": 0.9888111888111888,
    "medium_recall": 0.9103496503496503,
    "bad_recall": 0.970617042115573,
    "good_precision": 0.9168720010374789,
    "medium_precision": 0.9701892979579669,
    "bad_precision": 1.0,
    "support_good": 7150,
    "support_medium": 7150,
    "support_bad": 4084,
    "confusion_3x3": [
      [
        7070,
        80,
        0
      ],
      [
        641,
        6509,
        0
      ],
      [
        0,
        120,
        3964
      ]
    ]
  },
  "gated_trainval": {
    "n": 14386,
    "acc": 0.9728207979980537,
    "macro_f1": 0.9745607604515752,
    "good_recall": 0.9867963863794301,
    "medium_recall": 0.932690246516613,
    "bad_recall": 0.9997477931904162,
    "good_precision": 0.9476142809476142,
    "medium_precision": 0.9826106594399278,
    "bad_precision": 1.0,
    "support_good": 5756,
    "support_medium": 4665,
    "support_bad": 3965,
    "confusion_3x3": [
      [
        5680,
        76,
        0
      ],
      [
        314,
        4351,
        0
      ],
      [
        0,
        1,
        3964
      ]
    ]
  },
  "gated_test": {
    "n": 3998,
    "acc": 0.8874437218609305,
    "macro_f1": 0.5997281810481302,
    "good_recall": 0.9971305595408895,
    "medium_recall": 0.86841046277666,
    "bad_recall": 0.0,
    "good_precision": 0.8095515433896331,
    "medium_precision": 0.9460762823323103,
    "bad_precision": 0.0,
    "support_good": 1394,
    "support_medium": 2485,
    "support_bad": 119,
    "confusion_3x3": [
      [
        1390,
        4,
        0
      ],
      [
        327,
        2158,
        0
      ],
      [
        0,
        119,
        0
      ]
    ]
  },
  "delta_acc_vs_base": 0.022519582245430825,
  "delta_good_recall_vs_base": -0.004755244755244803,
  "delta_medium_recall_vs_base": 0.06265734265734257,
  "delta_bad_recall_vs_base": 0.0,
  "eligible_by_node_gates": true,
  "trainval_objective": 1.3013559099756162,
  "created_at": "2026-06-11T10:08:09",
  "node_id": "N7150_gm_trim_bad",
  "artifact_id": "rule_n7150_gm_trim_bad_qrslow_bisect_e319672f8889_f297c2a54bbc",
  "base_variant": "nl_n7150_gm_trim_bad_geom_addedring_n7100base_g006_m020_g_e319672f8889",
  "base_prediction_mode": "raw",
  "alt_variant": "nl_n7150_gm_trim_bad_geom_mediumlost_n7150base_g000_m022__f297c2a54bbc",
  "alt_prediction_mode": "medium_guarded_pmed0005",
  "rule_description": "if endpoints disagree good-vs-medium and qrs_visibility <= 0.50527161, use alt endpoint; otherwise use base endpoint"
}