node_id,variant_id,acc_delta_vs_n7150,macro_f1_delta_vs_n7150,good_recall_delta_vs_n7150,medium_recall_delta_vs_n7150,bad_recall_delta_vs_n7150,good_to_medium_delta_vs_n7150,medium_to_good_delta_vs_n7150,gm_error_total_delta_vs_n7150
N7150_gm_trim_bad,nl_n7150_gm_trim_bad_boundaryblocks_micro_bad_probe_n7125_84064417a3c4,0.0,0.0,0.0,0.0,0.0,0.0,0.0,0.0
N7160_gm_trim_bad,nl_n7160_gm_trim_bad_boundaryblocks_micro_good_pair_n7150_6bd59f8d5ac2,-0.01646843479555371,-0.014291841061939814,0.023940110150279303,-0.06625737393128484,1.5572987344114608e-11,-171.0,475.0,304.0
N7175_gm_trim_bad,nl_n7175_gm_trim_bad_boundaryblocks_micro_bad_probe_n7150_969a76661658,-0.04175469886858141,-0.036142598899999934,0.014219881099999943,-0.1216037203,0.00024495790000000905,-294.0,-427.0,-721.0
N7200_gm_trim_bad,nl_n7200_gm_trim_bad_goodlike_aux_tail_a12_good124_mid172_ec4f54fe7e3d,-0.017822198868581385,-0.015134598900000018,-0.02749211890000003,-0.01819672029999997,-4.210000004167824e-08,-294.0,-427.0,-721.0
