group,n,orig_missed_like_n,orig_missed_like_rate,qrs_visibility_median,qrs_visibility_p75,qrs_band_ratio_median,qrs_band_ratio_p75,qrs_prom_p90_median,qrs_prom_p90_p75,non_qrs_rms_ratio_median,non_qrs_rms_ratio_p75,diff_abs_p95_median,diff_abs_p95_p75,baseline_step_median,baseline_step_p75,pc1_median,pc1_p75,pc2_median,pc2_p75,pc3_median,pc3_p75,pc4_median,pc4_p75,band_15_30_median,band_15_30_p75,amplitude_entropy_median,amplitude_entropy_p75
node_bad,4084,0,0.0,0.24743108015665455,0.25528817188383135,0.8107081621111836,0.8194173314357993,2.7726194947048453,3.0162175097257133,0.9863379820235252,1.0083712673221923,0.3926582850515842,0.39797921385616053,0.0274442660911546,0.034712378565764354,10.417240126183543,10.55311746115354,-0.04054816965729165,0.051299978523817596,-1.1125379870025256,-0.8990691099601786,0.6185622809838938,0.7888932098589444,0.8339478906749893,0.8413837485963602,0.8864840163479851,0.9074554240587107
node_medium,7188,875,0.12173066221480244,0.2564616093442691,0.3783066824879154,0.5103028295178731,0.5663086507862419,5.575747465848783,6.069973881143772,0.4908781985378455,0.6220818414532999,0.26832203865051163,0.35162995830178145,0.6468176928554088,1.0178824052253719,-0.17631079288264875,0.42565012371737815,0.6048714005116078,3.98712299793614,2.324850586697607,3.0339807030776873,-1.3398936824963767,-0.6596687468648766,0.24348273994452765,0.2746607214599676,0.7142271272263091,0.7718577579748945
node_good,7188,0,0.0,0.5770396303042632,0.6891744220600998,0.5022235311339831,0.5456710507043581,6.548497524189096,7.25761778496849,0.29611029718223836,0.36761915485943053,0.15434313076548256,0.22732338616624348,0.3053652195531613,0.5275444856680581,-4.772460627741526,-3.703005676669578,-1.0243884437542228,1.9926113764322033,-1.2522658627702388,-0.08686112594447493,0.2810389548406791,3.9325721120556674,0.22099175753523326,0.2459581762590032,0.6082507045232097,0.6496098039959267
orig_missed_bad,279,154,0.5519713261648745,0.0391815003094401,0.07724724500903905,0.1460987100999959,0.23630730097292785,3.426244618364704,4.32860392535808,0.6132502829080979,0.7180075354092965,0.0729952365159987,0.1114618696272371,1.3660047159040571,1.6969694355974796,-4.272193636398299,-2.5649007366785472,11.388612299876293,13.910701678770355,-1.177333783080447,-0.13454565631200055,0.6934656897135042,1.6345161660816152,0.0315707129977143,0.06929578576183965,0.7696542850787029,0.8369457308418302
