group,n,qrs_visibility_median,qrs_band_ratio_median,qrs_prom_p90_median,non_qrs_rms_ratio_median,diff_abs_p95_median,baseline_step_median,pc1_median,pc2_median,pc3_median,band_15_30_median,amplitude_entropy_median
original_test_bad_outlier_missed,279,0.0391815003094401,0.1460987100999959,3.426244618364704,0.6132502829080979,0.0729952365159987,1.3660047159040571,-4.272193636398299,11.388612299876293,-1.177333783080447,0.0315707129977143,0.7696542850787029
original_test_bad_outlier_caught,13,0.006602739366696,0.0306763718428229,2.0310794057565267,0.8302893977947772,0.0379994552582502,1.8073717126609168,-3.479012505572663,17.50492700183353,-0.43546809271999,0.0095222700073954,0.880004502820384
clean_node_medium_in_original_missed_band,875,0.0497075953001987,0.2352974292860777,3.4491037939096656,0.7225175368634941,0.1023343071341514,1.4338713614445804,-0.8164428790603214,8.693159803467843,2.4743803467924472,0.0993562434311033,0.8080255782685289
clean_node_bad_core,4084,0.24743108015665455,0.8107081621111836,2.7726194947048453,0.9863379820235252,0.3926582850515842,0.0274442660911546,10.417240126183543,-0.04054816965729165,-1.1125379870025256,0.8339478906749893,0.8864840163479851
clean_node_good,7188,0.5770396303042632,0.5022235311339831,6.548497524189096,0.29611029718223836,0.15434313076548256,0.3053652195531613,-4.772460627741526,-1.0243884437542228,-1.2522658627702388,0.22099175753523326,0.6082507045232097
