{
  "node_id": "N7200_gm_trim_bad",
  "old_best": {
    "variant_id": "nl_n7200_gm_trim_bad_goodlike_aux_tail_a12_good124_mid172_ec4f54fe7e3d",
    "n": 18484,
    "acc": 0.93643150833153,
    "macro_f1": 0.9436222919381514,
    "good_recall": 0.9313888888888889,
    "medium_recall": 0.9220833333333334,
    "bad_recall": 0.970617042115573,
    "good_precision": 0.9228017063437457,
    "medium_precision": 0.9153453743278643,
    "bad_precision": 1.0,
    "support_good": 7200,
    "support_medium": 7200,
    "support_bad": 4084
  },
  "good_heavy": {
    "variant_id": "nl_n7200_gm_trim_bad_geom_stack_n7000_g008_m044_g115_m184_2839a07720c5",
    "n": 18484,
    "acc": 0.927288465700065,
    "macro_f1": 0.9354531964495344,
    "good_recall": 0.9809722222222222,
    "medium_recall": 0.8488888888888889,
    "bad_recall": 0.9708619000979432,
    "good_precision": 0.8665194454668139,
    "medium_precision": 0.9597989949748744,
    "bad_precision": 1.0,
    "support_good": 7200,
    "support_medium": 7200,
    "support_bad": 4084
  },
  "medium_heavy": {
    "variant_id": "nl_n7200_gm_trim_bad_geom_stack_n7000_g000_m052_g110_m188_046b9e5a9ba9",
    "n": 18484,
    "acc": 0.8309889634278295,
    "macro_f1": 0.8512262203455084,
    "good_recall": 0.6520833333333333,
    "medium_recall": 0.9306944444444445,
    "bad_recall": 0.970617042115573,
    "good_precision": 0.9039276087793608,
    "medium_precision": 0.7185288440917864,
    "bad_precision": 1.0,
    "support_good": 7200,
    "support_medium": 7200,
    "support_bad": 4084
  },
  "group_counts": {
    "other": 15107,
    "good_lost_by_mediumheavy": 2397,
    "medium_rescued_by_mediumheavy": 808,
    "good_rescued_by_goodheavy": 99,
    "medium_lost_by_goodheavy": 73
  },
  "top_goodheavy_gaps": [
    {
      "feature": "pc1",
      "positive_group": "good_rescued_by_goodheavy",
      "negative_group": "medium_lost_by_goodheavy",
      "positive_n": 99,
      "negative_n": 73,
      "positive_median": -4.175824372835011,
      "negative_median": -0.7821506641106903,
      "median_delta": -3.3936737087243207,
      "cohen_d": -4.40592841734864,
      "ks": 1.0,
      "rank_score": 1.660889262602296
    },
    {
      "feature": "pc3",
      "positive_group": "good_rescued_by_goodheavy",
      "negative_group": "medium_lost_by_goodheavy",
      "positive_n": 99,
      "negative_n": 73,
      "positive_median": -2.3891772089063505,
      "negative_median": 2.662867890238541,
      "median_delta": -5.052045099144891,
      "cohen_d": -3.870205221146935,
      "ks": 0.9524007195240072,
      "rank_score": 1.5329315026960475
    },
    {
      "feature": "flatline_ratio",
      "positive_group": "good_rescued_by_goodheavy",
      "negative_group": "medium_lost_by_goodheavy",
      "positive_n": 99,
      "negative_n": 73,
      "positive_median": 0.3154523618895116,
      "negative_median": 0.1192954363490792,
      "median_delta": 0.1961569255404324,
      "cohen_d": 3.0163326262943593,
      "ks": 0.9119966791199668,
      "rank_score": 1.3644465730641206
    },
    {
      "feature": "qrs_visibility",
      "positive_group": "good_rescued_by_goodheavy",
      "negative_group": "medium_lost_by_goodheavy",
      "positive_n": 99,
      "negative_n": 73,
      "positive_median": 0.5626789130167495,
      "negative_median": 0.1918137648511872,
      "median_delta": 0.3708651481655624,
      "cohen_d": 2.359271177451763,
      "ks": 0.8347862183478622,
      "rank_score": 1.1886768949656266
    },
    {
      "feature": "non_qrs_diff_p95",
      "positive_group": "good_rescued_by_goodheavy",
      "negative_group": "medium_lost_by_goodheavy",
      "positive_n": 99,
      "negative_n": 73,
      "positive_median": 0.0369629199034534,
      "negative_median": 0.07645597262308,
      "median_delta": -0.0394930527196266,
      "cohen_d": -2.0387448192869617,
      "ks": 0.8226096582260966,
      "rank_score": 1.1284213811191408
    },
    {
      "feature": "knn_label_purity",
      "positive_group": "good_rescued_by_goodheavy",
      "negative_group": "medium_lost_by_goodheavy",
      "positive_n": 99,
      "negative_n": 73,
      "positive_median": 1.0,
      "negative_median": 0.8666666666666667,
      "median_delta": 0.1333333333333333,
      "cohen_d": 1.732126343232107,
      "ks": 0.6710945067109451,
      "rank_score": 0.9309134581957611
    },
    {
      "feature": "template_corr",
      "positive_group": "good_rescued_by_goodheavy",
      "negative_group": "medium_lost_by_goodheavy",
      "positive_n": 99,
      "negative_n": 73,
      "positive_median": 0.7412084432474296,
      "negative_median": 0.5420836827967951,
      "median_delta": 0.19912476045063454,
      "cohen_d": 1.2247702913695673,
      "ks": 0.7036114570361146,
      "rank_score": 0.8873270007415497
    },
    {
      "feature": "band_30_45",
      "positive_group": "good_rescued_by_goodheavy",
      "negative_group": "medium_lost_by_goodheavy",
      "positive_n": 99,
      "negative_n": 73,
      "positive_median": 0.0165446719186778,
      "negative_median": 0.0289700267132857,
      "median_delta": -0.0124253547946079,
      "cohen_d": -1.4792550881142634,
      "ks": 0.6430053964300539,
      "rank_score": 0.8648936596471934
    }
  ],
  "top_mediumheavy_gaps": [
    {
      "feature": "pc1",
      "positive_group": "medium_rescued_by_mediumheavy",
      "negative_group": "good_lost_by_mediumheavy",
      "positive_n": 808,
      "negative_n": 2397,
      "positive_median": -0.4167120146381361,
      "negative_median": -3.6200527608148727,
      "median_delta": 3.2033407461767367,
      "cohen_d": 4.70493022207367,
      "ks": 1.0,
      "rank_score": 1.7057395333110503
    },
    {
      "feature": "flatline_ratio",
      "positive_group": "medium_rescued_by_mediumheavy",
      "negative_group": "good_lost_by_mediumheavy",
      "positive_n": 808,
      "negative_n": 2397,
      "positive_median": 0.0856685348278622,
      "negative_median": 0.2241793434747798,
      "median_delta": -0.13851080864691762,
      "cohen_d": -3.0839149908322563,
      "ks": 0.9359760757051926,
      "rank_score": 1.398563324330031
    },
    {
      "feature": "pc3",
      "positive_group": "medium_rescued_by_mediumheavy",
      "negative_group": "good_lost_by_mediumheavy",
      "positive_n": 808,
      "negative_n": 2397,
      "positive_median": 2.898573098196572,
      "negative_median": -0.4246587535580406,
      "median_delta": 3.3232318517546124,
      "cohen_d": 2.940982754687651,
      "ks": 0.9071074817118758,
      "rank_score": 1.3482548949150235
    },
    {
      "feature": "non_qrs_diff_p95",
      "positive_group": "medium_rescued_by_mediumheavy",
      "negative_group": "good_lost_by_mediumheavy",
      "positive_n": 808,
      "negative_n": 2397,
      "positive_median": 0.12998463707044722,
      "negative_median": 0.064528564363718,
      "median_delta": 0.06545607270672922,
      "cohen_d": 2.2886508711022597,
      "ks": 0.8986671664663337,
      "rank_score": 1.2419647971316727
    },
    {
      "feature": "qrs_visibility",
      "positive_group": "medium_rescued_by_mediumheavy",
      "negative_group": "good_lost_by_mediumheavy",
      "positive_n": 808,
      "negative_n": 2397,
      "positive_median": 0.3888605108716717,
      "negative_median": 0.6238037679371445,
      "median_delta": -0.2349432570654728,
      "cohen_d": -2.2321940365899775,
      "ks": 0.8731200717067952,
      "rank_score": 1.2079491771952917
    },
    {
      "feature": "template_corr",
      "positive_group": "medium_rescued_by_mediumheavy",
      "negative_group": "good_lost_by_mediumheavy",
      "positive_n": 808,
      "negative_n": 2397,
      "positive_median": 0.5658483779805485,
      "negative_median": 0.6651872577147644,
      "median_delta": -0.09933887973421585,
      "cohen_d": -1.5262483193419132,
      "ks": 0.6549477069108663,
      "rank_score": 0.8838849548121533
    },
    {
      "feature": "wavelet_e4",