{
  "created_at": "2026-06-13T12:53:31",
  "centroid_metrics": {
    "n": 8477,
    "acc": 0.8105461837914356,
    "good_recall": 0.7505494505494505,
    "medium_recall": 0.9053321283325803,
    "bad_recall": 0.32116788321167883,
    "good_precision": 0.8659270998415214,
    "medium_precision": 0.7817011314865392,
    "bad_precision": 0.673469387755102,
    "good_f1": 0.8041206769683591,
    "medium_f1": 0.8389865996649917,
    "bad_f1": 0.43492586490939045,
    "support_good": 3640,
    "support_medium": 4426,
    "support_bad": 411,
    "confusion_3x3": [
      [
        2732,
        905,
        3
      ],
      [
        358,
        4007,
        61
      ],
      [
        65,
        214,
        132
      ]
    ]
  },
  "test_rows": 8477,
  "trainval_rows": 24479,
  "prediction_source": "E:\\GPTProject2\\ecg\\reports\\external_benchmarks\\e311_but_node_ladder_tuning_10s_2026_06_08\\analysis\\original_bucketed_checkpoint\\nl_n7200_gm_trim_bad_goodlike_aux_tai_acecb57de1__feature_pc1_qrsprom_visiblegood_w_389c0336_original_test_predictions.csv"
}