record_id,class_name,dist_good_centroid,dist_medium_centroid,dist_bad_centroid,centroid_margin_second_minus_best
111001,bad,3.6365229105277033,3.59571652503038,4.875809359888633,0.04353136207043784
111001,good,2.0880426915523644,2.2419749875556185,5.1284490083555205,0.14831855083344203
111001,medium,1.8192624085230271,1.5936919873218627,4.767053798616535,0.14228715530006708
122001,bad,4.820126327479238,4.562684348703384,3.692819382375031,0.9004562888692433
122001,good,0.5175645625223884,0.7972948163942571,4.654459086443534,0.30244382161808986
122001,medium,1.1379042187547777,0.8852609432379945,4.454380762600022,0.2127228269404111
125001,good,1.6598098591193546,1.4013847180563093,4.846485242347754,0.24789416306173073
