{
  "created_at": "2026-06-13T11:22:36",
  "trainval_rows": 24479,
  "test_rows": 8477,
  "best_test": {
    "n": 8477,
    "acc": 0.785537336321812,
    "macro_f1": 0.6796849383210447,
    "good_recall": 0.9373626373626374,
    "medium_recall": 0.7067329417080885,
    "bad_recall": 0.2895377128953771,
    "good_precision": 0.68971093592076,
    "medium_precision": 0.9181097739947167,
    "bad_precision": 0.967479674796748,
    "good_f1": 0.7946896471410272,
    "medium_f1": 0.7986722839269756,
    "bad_f1": 0.44569288389513106,
    "support_good": 3640,
    "support_medium": 4426,
    "support_bad": 411,
    "confusion_3x3": [
      [
        3412,
        228,
        0
      ],
      [
        1294,
        3128,
        4
      ],
      [
        241,
        51,
        119
      ]
    ],
    "rule": "original_trainval_tree_d6_leaf200",
    "dataset": "original_test",
    "depth": 6,
    "leaf": 200
  },
  "selection_note": "Report-only original train/val upper-bound probe; not used for Clean/SemiClean selection."
}