{
  "created_at": "2026-06-13T11:16:50",
  "rules_tested": 12800,
  "node_viable_rules": 12800,
  "top_original_report_only": [
    {
      "rule": "pc1qrs_family_00025",
      "n": 8477,
      "acc": 0.8676418544296332,
      "macro_f1": 0.7806314692222348,
      "good_recall": 0.8082417582417583,
      "medium_recall": 0.9527790329868956,
      "bad_recall": 0.4768856447688564,
      "good_precision": 0.9435535599743425,
      "medium_precision": 0.8267006469319741,
      "bad_precision": 0.7596899224806202,
      "support_good": 3640,
      "support_medium": 4426,
      "support_bad": 411,
      "dataset": "original_test",
      "bad_pc1_min": 5.8,
      "strict_pc1_max": -2.55,
      "strict_qrs_prom_min": 4.6,
      "wide_pc1_max": -2.25,
      "wide_qrs_prom_min": 8.6,
      "wide_qrs_band_min": 0.02,
      "precision_bad_veto": 1.0
    },
    {
      "rule": "pc1qrs_family_00027",
      "n": 8477,
      "acc": 0.8676418544296332,
      "macro_f1": 0.7806314692222348,
      "good_recall": 0.8082417582417583,
      "medium_recall": 0.9527790329868956,
      "bad_recall": 0.4768856447688564,
      "good_precision": 0.9435535599743425,
      "medium_precision": 0.8267006469319741,
      "bad_precision": 0.7596899224806202,
      "support_good": 3640,
      "support_medium": 4426,
      "support_bad": 411,
      "dataset": "original_test",
      "bad_pc1_min": 5.8,
      "strict_pc1_max": -2.55,
      "strict_qrs_prom_min": 4.6,
      "wide_pc1_max": -2.25,
      "wide_qrs_prom_min": 8.6,
      "wide_qrs_band_min": 0.04,
      "precision_bad_veto": 1.0
    },
    {
      "rule": "pc1qrs_family_00029",
      "n": 8477,
      "acc": 0.8676418544296332,
      "macro_f1": 0.7806314692222348,
      "good_recall": 0.8082417582417583,
      "medium_recall": 0.9527790329868956,
      "bad_recall": 0.4768856447688564,
      "good_precision": 0.9435535599743425,
      "medium_precision": 0.8267006469319741,
      "bad_precision": 0.7596899224806202,
      "support_good": 3640,
      "support_medium": 4426,
      "support_bad": 411,
      "dataset": "original_test",
      "bad_pc1_min": 5.8,
      "strict_pc1_max": -2.55,
      "strict_qrs_prom_min": 4.6,
      "wide_pc1_max": -2.25,
      "wide_qrs_prom_min": 8.6,
      "wide_qrs_band_min": 0.06,
      "precision_bad_veto": 1.0
    },
    {
      "rule": "pc1qrs_family_00031",
      "n": 8477,
      "acc": 0.8676418544296332,
      "macro_f1": 0.7806314692222348,
      "good_recall": 0.8082417582417583,
      "medium_recall": 0.9527790329868956,
      "bad_recall": 0.4768856447688564,
      "good_precision": 0.9435535599743425,
      "medium_precision": 0.8267006469319741,
      "bad_precision": 0.7596899224806202,
      "support_good": 3640,
      "support_medium": 4426,
      "support_bad": 411,
      "dataset": "original_test",
      "bad_pc1_min": 5.8,
      "strict_pc1_max": -2.55,
      "strict_qrs_prom_min": 4.6,
      "wide_pc1_max": -2.25,
      "wide_qrs_prom_min": 8.6,
      "wide_qrs_band_min": 0.08,
      "precision_bad_veto": 1.0
    },
    {
      "rule": "pc1qrs_family_03225",
      "n": 8477,
      "acc": 0.8676418544296332,
      "macro_f1": 0.7806314692222348,
      "good_recall": 0.8082417582417583,
      "medium_recall": 0.9527790329868956,
      "bad_recall": 0.4768856447688564,
      "good_precision": 0.9435535599743425,
      "medium_precision": 0.8267006469319741,
      "bad_precision": 0.7596899224806202,
      "support_good": 3640,
      "support_medium": 4426,
      "support_bad": 411,
      "dataset": "original_test",
      "bad_pc1_min": 6.237,
      "strict_pc1_max": -2.55,
      "strict_qrs_prom_min": 4.6,
      "wide_pc1_max": -2.25,
      "wide_qrs_prom_min": 8.6,
      "wide_qrs_band_min": 0.02,
      "precision_bad_veto": 1.0
    }
  ]
}