variant_id,pc1_bad_gate_threshold,node_test_acc,node_test_good_recall,node_test_medium_recall,node_test_bad_recall,node_all_acc,node_all_good_recall,node_all_medium_recall,node_all_bad_recall
nl_n17043_gm_trim_bad_boundaryblocks_teacherwall_goodsafe_5e30e8c689a6_uformergeom_N17043_gm_probe_nodecal_geom_tabular_badgate,7.82,0.9816737935247404,0.9947802197802198,0.9704021690013557,1.0,0.9881908360888049,0.9884996772868626,0.9831576966503576,1.0
nl_n17043_gm_trim_bad_boundaryblocks_teacherwall_goodsafe_5e30e8c689a6_uformergeom_N17043_gm_probe_nodecal_geom_bad_guard,7.82,0.9808185705558949,0.9854395604395605,0.9765024853140534,1.0,0.9860494410329083,0.9884410021709793,0.9768535942792623,1.0
nl_n17043_gm_trim_bad_boundaryblocks_teacherwall_goodsafe_5e30e8c689a6_uformergeom_N17043_gm_probe_nodecal_geom_balanced,7.82,0.9681124007330483,0.9796703296703296,0.9577496610935382,1.0,0.985514092268934,0.989555829372763,0.9734663153933008,1.0
nl_n17043_gm_trim_bad_boundaryblocks_teacherwall_goodsafe_5e30e8c689a6_uformergeom_N17043_gm_probe_nodecal_geom_tabular_pc1bad_aug,7.82,0.95222968845449,0.9747252747252747,0.9324446452779033,1.0,0.9816091954022989,0.9896731796045297,0.9616108392924351,1.0
nl_n17043_gm_trim_bad_boundaryblocks_teacherwall_goodsafe_5e30e8c689a6_uformergeom_N17043_gm_probe_nodecal_geom_medium_guard,7.82,0.9165546731826512,0.9972527472527473,0.8479439674649797,1.0,0.9708392379152889,0.9941324884116646,0.9222807677832141,1.0
