bucket,threshold,n,acc,macro_f1,good_recall,medium_recall,bad_recall,good_precision,medium_precision,bad_precision
trainval_selection,0.13,24479,0.992932717839781,0.9931447081740492,0.9976870849809744,0.9771041599484037,1.0,0.9895656034929328,0.9949105237235265,0.9997948717948718
node_test_original_test_all_10s+,0.13,8477,0.963548425150407,0.9306830954417679,0.9563186813186814,0.9728874830546769,0.927007299270073,0.9767115600448933,0.9717896637327917,0.7904564315352697
original_test_main_without_bad_stress,0.13,8185,0.9659132559560171,0.8814274079353249,0.9563186813186814,0.9728874830546769,1.0,0.9786336800674726,0.9768602540834845,0.5409090909090909
bad_core_nearboundary,0.13,119,1.0,0.3333333333333333,0.0,0.0,1.0,0.0,0.0,1.0
bad_outlier_stress,0.13,292,0.8972602739726028,0.31528279181708785,0.0,0.0,0.8972602739726028,0.0,0.0,1.0
node_all_original_all_10s+,0.13,32956,0.9853744386454667,0.985233025715266,0.9888517279821628,0.9753481369966127,0.9943235572374646,0.9868829419687298,0.9851739213077362,0.9809594922531267
