n,acc,macro_f1,good_recall,medium_recall,bad_recall,confusion_3x3,split,model,bank
1951,0.9948744233726294,0.9944747203619855,0.9937238493723849,0.9959415584415584,0.991701244813278,"[[475, 3, 0], [5, 1227, 0], [0, 2, 239]]",synthetic_test,primitive_extra_trees,qrs_enhanced
32956,0.83071367884452,0.8555371387557704,0.7954585460306284,0.8367519759126835,0.9322611163670766,"[[13557, 3486, 0], [1734, 8893, 1], [273, 85, 4927]]",original_test_all_10s+,primitive_extra_trees,qrs_enhanced
1951,0.9948744233726294,0.994133995088652,0.99581589958159,0.9951298701298701,0.991701244813278,"[[476, 2, 0], [5, 1226, 1], [0, 2, 239]]",synthetic_test,primitive_extra_trees,qrs_enhanced_v2
32956,0.8276186430392037,0.8530952033818636,0.7892976588628763,0.8371283402333459,0.9320719016083254,"[[13452, 3591, 0], [1727, 8897, 4], [268, 91, 4926]]",original_test_all_10s+,primitive_extra_trees,qrs_enhanced_v2
1951,0.9933367503844183,0.99268215476109,0.9916317991631799,0.9943181818181818,0.991701244813278,"[[474, 4, 0], [6, 1225, 1], [0, 2, 239]]",synthetic_test,primitive_extra_trees,qrs_stress_v3
32956,0.8282861997815268,0.8534412431596866,0.7941090183653112,0.8315769665035755,0.9318826868495743,"[[13534, 3509, 0], [1788, 8838, 2], [270, 90, 4925]]",original_test_all_10s+,primitive_extra_trees,qrs_stress_v3
