{
  "created_at": "2026-06-13T21:23:56.509498",
  "summary": [
    {
      "level": 15000,
      "bad_min": 7.4,
      "good_max": -1.75,
      "qprom_min": 2.5,
      "qbr_veto_max": 0.45,
      "flat_veto_min": 0.04,
      "qvis_veto_max": 0.08,
      "fit_acc": 0.9304458367384001,
      "fit_macro_f1": 0.937603393360193,
      "fit_good": 0.9300109621384602,
      "fit_medium": 0.8868107062237988,
      "fit_bad": 1.0,
      "test_acc": 0.9311735623211033,
      "test_good": 0.9344157911493155,
      "test_medium": 0.9270221418888387,
      "test_bad": 1.0,
      "all_acc": 0.9306340872374798,
      "all_macro_f1": 0.944788031343848,
      "all_good": 0.9309333333333333,
      "all_medium": 0.9035566428302597,
      "all_bad": 1.0,
      "gate_fit": false,
      "gate_all": false,
      "score": 1.1194315779333528,
      "veto_total": 808,
      "veto_true_good": 186,
      "veto_true_medium": 622,
      "confusion_3x3": "[[13964, 1036, 0], [1025, 9603, 0], [0, 0, 4084]]"
    },
    {
      "level": 17043,
      "bad_min": 7.4,
      "good_max": -1.25,
      "qprom_min": 2.5,
      "qbr_veto_max": 0.45,
      "flat_veto_min": 0.04,
      "qvis_veto_max": 0.08,
      "fit_acc": 0.88879932117098,
      "fit_macro_f1": 0.8970403501164347,
      "fit_good": 0.9016638066104603,
      "fit_medium": 0.789906481780071,
      "fit_bad": 1.0,
      "test_acc": 0.8906536346976176,
      "test_good": 0.8758241758241758,
      "test_medium": 0.8999096249435156,
      "test_bad": 1.0,
      "all_acc": 0.8892772791686349,
      "all_macro_f1": 0.9105169675112567,
      "all_good": 0.8961450448864636,
      "all_medium": 0.8357169740308619,
      "all_bad": 1.0,
      "gate_fit": false,
      "gate_all": false,
      "score": 1.0121302099726988,
      "veto_total": 1127,
      "veto_true_good": 307,
      "veto_true_medium": 820,
      "confusion_3x3": "[[15273, 1770, 0], [1746, 8882, 0], [0, 0, 4084]]"
    }
  ],
  "outer_good_count": 4243,
  "outer_good_missed_by_n128_rule": 2772,
  "outer_good_captured_by_n128_rule": 1471
}