level,bad_min,good_max,qprom_min,qbr_veto,flat_veto,qvis_veto,gate,veto_total,veto_good,veto_medium,acc,macro_f1,good,medium,bad,cm,confusion
12800,7.4,-1.75,4.5,0.45,0.08,0.12,True,284,68,216,0.9505670252980517,0.960910574963366,0.953359375,0.928208505833647,1.0,"[[12203, 597, 0], [763, 9865, 0], [0, 0, 4084]]","[[12203, 597, 0], [763, 9865, 0], [0, 0, 4084]]"
13500,7.4,-1.75,4.8,0.45,0.08,0.12,False,255,78,177,0.9417978165319723,0.9540468610162405,0.9335555555555556,0.9299021452766277,1.0,"[[12603, 897, 0], [745, 9883, 0], [0, 0, 4084]]","[[12603, 897, 0], [745, 9883, 0], [0, 0, 4084]]"
14000,7.4,-1.75,4.8,0.45,0.08,0.12,False,260,83,177,0.9416620228475898,0.9538864458633965,0.9335714285714286,0.9299021452766277,1.0,"[[13070, 930, 0], [745, 9883, 0], [0, 0, 4084]]","[[13070, 930, 0], [745, 9883, 0], [0, 0, 4084]]"
14500,7.4,-1.9,3.5,0.45,0.04,0.08,False,311,40,271,0.9367383267150486,0.9499575422157004,0.9260689655172414,0.9269853217914942,1.0,"[[13428, 1072, 0], [776, 9852, 0], [0, 0, 4084]]","[[13428, 1072, 0], [776, 9852, 0], [0, 0, 4084]]"
15000,7.4,-1.75,4.0,0.45,0.04,0.08,False,293,92,201,0.9285810446957459,0.9433975397715728,0.918,0.9160707564922845,1.0,"[[13770, 1230, 0], [892, 9736, 0], [0, 0, 4084]]","[[13770, 1230, 0], [892, 9736, 0], [0, 0, 4084]]"
17043,7.4,-1.5,2.5,0.45,0.04,0.08,False,1012,300,712,0.8888049126121871,0.9112796947898331,0.8728510238807722,0.8716597666541211,1.0,"[[14876, 2167, 0], [1364, 9264, 0], [0, 0, 4084]]","[[14876, 2167, 0], [1364, 9264, 0], [0, 0, 4084]]"
