method,scope,n,acc,macro_f1,good_recall,medium_recall,bad_recall,good_to_medium,medium_to_good,bad_to_nonbad,confusion
N12800 feature rule on N17043,all_n17043_target,31755,0.8701621791843804,0.8986948437943161,0.8040837880654814,0.9262325931501694,1.0,3339,784,0,"[[13704, 3339, 0], [784, 9844, 0], [0, 0, 4084]]"
N12800 feature rule on N17043,heldout_test_split,8185,0.8675626145387905,0.9070618639719493,0.7489010989010989,0.9615906009941256,1.0,914,170,0,"[[2726, 914, 0], [170, 4256, 0], [0, 0, 119]]"
HGB teacher + bad core override,all_n17043_target,31755,0.9350968351440718,0.9464012622757664,0.9715425687965734,0.8517124576590139,1.0,485,1576,0,"[[16558, 485, 0], [1576, 9052, 0], [0, 0, 4084]]"
HGB teacher + bad core override,heldout_test_split,8185,0.8284667073915699,0.8838596059416419,0.9472527472527472,0.7261635788522368,1.0,192,1212,0,"[[3448, 192, 0], [1212, 3214, 0], [0, 0, 119]]"
HGB teacher + medium guard,all_n17043_target,31755,0.9394111163596284,0.9503145270598662,0.9655577069764713,0.8742002258185924,1.0,587,1337,0,"[[16456, 587, 0], [1337, 9291, 0], [0, 0, 4084]]"
HGB teacher + medium guard,heldout_test_split,8185,0.8406841783750764,0.8922017136154147,0.9442307692307692,0.7512426570266606,1.0,203,1101,0,"[[3437, 203, 0], [1101, 3325, 0], [0, 0, 119]]"
