good_idx,medium_idx,feature_distance,good_pc1,medium_pc1,good_qrs_prom_p90,medium_qrs_prom_p90,good_qrs_visibility,medium_qrs_visibility,good_baseline_step,medium_baseline_step,good_entropy,medium_entropy
2156,25322,0.9339310802319235,-4.703411336185251,-4.904566839440793,1.2701277235309598,1.2835328661849166,0.0299432090406007,0.010245674273504,2.681447189421397,2.2423139989888345,0.8422294727233384,0.8080426676105863
2045,24409,1.0629495662441457,-4.251294137135878,-4.643561742086242,1.7349877796628288,2.192217555588544,0.0229997929464407,0.0025776303861318,2.42607881307068,2.3423082427051205,0.9224981446889374,0.8699889628660272
32628,24500,0.6337825765455302,-1.258285985816952,-1.4559974378367628,2.73044112393689,2.994278250071487,0.0798065061104014,0.046594536824574,1.924933170029243,1.8300454330326528,0.8831412767459134,0.8479940034274629
3138,6475,0.9669157740943712,-1.5335284823009463,-0.6969063388611354,4.685074284249154,4.552838604425284,0.2745830338276506,0.2411869899703536,0.4070024574952822,0.3063092701001073,0.580683730891379,0.6402783470097185
