row,split,region,true,pred_raw,pred_badcal,correct_raw,correct_badcal,prob_good,prob_medium,prob_bad,is_test,is_bad_core,is_bad_outlier,target_pc1,pred_pc1,err_pc1,target_pc2,pred_pc2,err_pc2,target_pc3,pred_pc3,err_pc3,target_pca_margin,pred_pca_margin,err_pca_margin,target_boundary_confidence,pred_boundary_confidence,err_boundary_confidence,target_knn_label_purity,pred_knn_label_purity,err_knn_label_purity,target_qrs_visibility,pred_qrs_visibility,err_qrs_visibility,target_detector_agreement,pred_detector_agreement,err_detector_agreement,target_baseline_step,pred_baseline_step,err_baseline_step,target_sqi_basSQI,pred_sqi_basSQI,err_sqi_basSQI,target_flatline_ratio,pred_flatline_ratio,err_flatline_ratio,target_non_qrs_diff_p95,pred_non_qrs_diff_p95,err_non_qrs_diff_p95,target_amplitude_entropy,pred_amplitude_entropy,err_amplitude_entropy,target_low_amp_ratio,pred_low_amp_ratio,err_low_amp_ratio,target_mean_abs,pred_mean_abs,err_mean_abs,target_ptp_p99_p01,pred_ptp_p99_p01,err_ptp_p99_p01,target_band_15_30,pred_band_15_30,err_band_15_30,target_band_30_45,pred_band_30_45,err_band_30_45
32581,test,near_bad_boundary,bad,medium,bad,False,True,0.020871786400675774,0.7571271657943726,0.22200104594230652,True,True,False,1.7523114681243896,0.2202155441045761,-1.5320959091186523,-0.5201258659362793,-0.34562620520591736,0.17449966073036194,-0.04383748769760132,0.396650105714798,0.4404875934123993,0.519639790058136,0.2759243845939636,-0.24371540546417236,-0.8696236610412598,0.3761875331401825,1.2458112239837646,0.5967285633087158,0.3067358732223511,-0.28999269008636475,-1.1219879388809204,-0.24650909006595612,0.8754788637161255,0.8112026453018188,-0.026068899780511856,-0.8372715711593628,-0.509627103805542,-0.31254842877388,0.197078675031662,0.41023021936416626,0.4104699492454529,0.0002397298812866211,-1.051586627960205,-0.6214451193809509,0.43014150857925415,2.030278444290161,0.2320343554019928,-1.7982441186904907,1.2596198320388794,-0.019369283691048622,-1.2789890766143799,-1.0615040063858032,-0.17483361065387726,0.8866704106330872,-0.43632590770721436,-0.09679479151964188,0.3395311236381531,-1.056519865989685,-0.08753208070993423,0.968987762928009,-0.057710129767656326,0.12336261570453644,0.18107274174690247,8.684181213378906,0.2892320156097412,-8.394948959350586
