{
  "variant_id": "triple_balanced_snr08_triangular",
  "family": "real_noise_snr",
  "spec": {
    "id": "triple_balanced_snr08_triangular",
    "family": "real_noise_snr",
    "mix": {
      "name": "triple_balanced",
      "mode": "weighted",
      "weights": {
        "em": 0.3333333333333333,
        "ma": 0.3333333333333333,
        "bw": 0.3333333333333333
      }
    },
    "snr": {
      "good": [
        10,
        14
      ],
      "medium": [
        4,
        10
      ],
      "bad": [
        -2,
        4
      ],
      "sampler": "triangular"
    },
    "class_weight": "1.00,1.40,1.70",
    "note": "Only real NSTDB em/ma/bw noise mixed at class-specific SNR."
  },
  "variant_dir": "E:\\GPTProject2\\ecg\\outputs\\external_benchmarks\\e311_real_noise_snr_but_match_grid_10s_2026_06_04\\scan_variants\\triple_balanced_snr08_triangular",
  "morph_overall_distance": 0.4538709677419354,
  "morph_medium_distance": 0.3095698924731182,
  "morph_by_class": {
    "good": 0.4643817204301076,
    "medium": 0.3095698924731182,
    "bad": 0.5876612903225805
  },
  "sqi_overall_distance": 0.4424603174603175,
  "sqi_by_class": {
    "good": 0.40476190476190477,
    "medium": 0.2619047619047619,
    "bad": 0.6607142857142857
  },
  "domain_separability_bal_acc": 0.9464285714285714,
  "overall_but_like_score": 0.465339861751152,
  "audit": {
    "spec": {
      "id": "triple_balanced_snr08_triangular",
      "family": "real_noise_snr",
      "mix": {
        "name": "triple_balanced",
        "mode": "weighted",
        "weights": {
          "em": 0.3333333333333333,
          "ma": 0.3333333333333333,
          "bw": 0.3333333333333333
        }
      },
      "snr": {
        "good": [
          10,
          14
        ],
        "medium": [
          4,
          10
        ],
        "bad": [
          -2,
          4
        ],
        "sampler": "triangular"
      },
      "class_weight": "1.00,1.40,1.70",
      "note": "Only real NSTDB em/ma/bw noise mixed at class-specific SNR."
    },
    "rows": 180,
    "sample_per_class": 60,
    "split_counts": {
      "test": 32,
      "train": 119,
      "val": 29
    },
    "class_counts": {
      "bad": 60,
      "good": 60,
      "medium": 60
    },
    "snr_by_class": {
      "good": {
        "mean": 12.181185722351074,
        "min": 10.56722640991211,
        "max": 13.801939964294434
      },
      "medium": {
        "mean": 7.271780490875244,
        "min": 4.514503002166748,
        "max": 9.429884910583496
      },
      "bad": {
        "mean": 1.2209712266921997,
        "min": -1.9264307022094727,
        "max": 3.54890775680542
      }
    }
  }
}