{
  "note": "Report-only original-test ensemble search. Original BUT is never used for model selection.",
  "base_variant": "nl_n7180_gm_trim_bad_boundaryblocks_visualgate_mediumprot_e430e1072ca7",
  "core_variant": "nl_n7182_gm_trim_bad_boundaryblocks_badattackwide_core122_9c92624a97fe",
  "outlier_variant": "nl_n7182_gm_trim_bad_boundaryblocks_badattackwide_outlier_b9dea2cfac81",
  "dual_variant": "nl_n7182_gm_trim_bad_boundaryblocks_badattackwide_dual_n7_5b567b543eaf",
  "best": {
    "score": 1.000742690798769,
    "row": {
      "base_mode": "simple_pc1_gm_gate_t254",
      "core_mode": "raw",
      "outlier_mode": "raw",
      "dual_mode": "raw",
      "bad_score": "all_max",
      "threshold": 0.01,
      "test_acc": 0.7357555739058629,
      "test_macro_f1": 0.6121686798878696,
      "test_good_recall": 0.8854395604395604,
      "test_medium_recall": 0.6296882060551288,
      "test_bad_recall": 0.5523114355231143,
      "gm_acc": 0.7451029010662038,
      "bad_core_recall": 0.9915966386554622,
      "bad_outlier_recall": 0.3732876712328767,
      "drop_bad_outlier_acc": 0.748686621869273
    },
    "bucket_metrics": {
      "original_test_all_10s+": {
        "n": 8477,
        "acc": 0.7357555739058629,
        "macro_f1": 0.6121686798878696,
        "good_recall": 0.8854395604395604,
        "medium_recall": 0.6296882060551288,
        "bad_recall": 0.5523114355231143
      },
      "original_test_good_medium_only": {
        "n": 8066,
        "acc": 0.7451029010662038,
        "macro_f1": 0.5381267292095403,
        "good_recall": 0.8854395604395604,
        "medium_recall": 0.6296882060551288,
        "bad_recall": 0.0
      },
      "original_test_bad_core_near_boundary": {
        "n": 119,
        "acc": 0.9915966386554622,
        "macro_f1": 0.33192686357243323,
        "good_recall": 0.0,
        "medium_recall": 0.0,
        "bad_recall": 0.9915966386554622
      },
      "original_test_bad_outlier_stress": {
        "n": 292,
        "acc": 0.3732876712328767,
        "macro_f1": 0.18121363258520365,
        "good_recall": 0.0,
        "medium_recall": 0.0,
        "bad_recall": 0.3732876712328767
      },
      "original_test_drop_bad_outlier_reference": {
        "n": 8185,
        "acc": 0.748686621869273,
        "macro_f1": 0.5916084329227186,
        "good_recall": 0.8854395604395604,
        "medium_recall": 0.6296882060551288,
        "bad_recall": 0.9915966386554622
      }
    }
  }
}