{
  "variant_id": "nl_n11200_gm_trim_bad_boundaryblocks_n10000shell_thinprob_84079be0011f",
  "node_id": "N11200_gm_trim_bad",
  "rows": [
    {
      "mode": "raw",
      "acc": 0.8675517134918185,
      "macro_f1": 0.8879769426806313,
      "good_recall": 0.8216964285714285,
      "medium_recall": 0.8762702295822355,
      "bad_recall": 0.970617042115573,
      "good_precision": 0.8886635766705292,
      "medium_precision": 0.8147856517935258,
      "bad_precision": 0.9607367910809501,
      "confusion_3x3": [
        [
          9203,
          1997,
          0
        ],
        [
          1153,
          9313,
          162
        ],
        [
          0,
          120,
          3964
        ]
      ],
      "miss_good": 1997,
      "miss_medium": 1315,
      "miss_bad": 120
    },
    {
      "mode": "simple_pc1_lowqrs_medium_keep_qbr030_flat012",
      "acc": 0.9526474220438407,
      "macro_f1": 0.9552018259745623,
      "good_recall": 0.9588392857142857,
      "medium_recall": 0.9392171622130222,
      "bad_recall": 0.970617042115573,
      "good_precision": 0.9568742760402744,
      "medium_precision": 0.9449966865473823,
      "bad_precision": 0.9607367910809501,
      "confusion_3x3": [
        [
          10739,
          461,
          0
        ],
        [
          484,
          9982,
          162
        ],
        [
          0,
          120,
          3964
        ]
      ],
      "miss_good": 461,
      "miss_medium": 646,
      "miss_bad": 120
    },
    {
      "mode": "simple_pc1_lowqrs_medium_keep_qprom45_flat012",
      "acc": 0.9508335906143871,
      "macro_f1": 0.9537664172369821,
      "good_recall": 0.9563392857142857,
      "medium_recall": 0.9374294316898758,
      "bad_recall": 0.970617042115573,
      "good_precision": 0.9551453540217585,
      "medium_precision": 0.9423950056753689,
      "bad_precision": 0.9607367910809501,
      "confusion_3x3": [
        [
          10711,
          489,
          0
        ],
        [
          503,
          9963,
          162
        ],
        [
          0,
          120,
          3964
        ]
      ],
      "miss_good": 489,
      "miss_medium": 665,
      "miss_bad": 120
    },
    {
      "mode": "feature_pc1_qrsprom_tree",
      "acc": 0.9620253164556962,
      "macro_f1": 0.9699079188266362,
      "good_recall": 0.9503571428571429,
      "medium_recall": 0.9597290176891231,
      "bad_recall": 1.0,
      "good_precision": 0.9614307650618734,
      "medium_precision": 0.9483079211602826,
      "bad_precision": 0.9997552019583843,
      "confusion_3x3": [
        [
          10644,
          556,
          0
        ],
        [
          427,
          10200,
          1
        ],
        [
          0,
          0,
          4084
        ]
      ],
      "miss_good": 556,
      "miss_medium": 428,
      "miss_bad": 0
    },
    {
      "mode": "rawbad_feature_pc1_qrsprom_tree",
      "acc": 0.9557733868477926,
      "macro_f1": 0.9607652797938564,
      "good_recall": 0.9503571428571429,
      "medium_recall": 0.9444862627022959,
      "bad_recall": 1.0,
      "good_precision": 0.9614307650618734,
      "medium_precision": 0.9475174627147442,
      "bad_precision": 0.9616199670355545,
      "confusion_3x3": [
        [
          10644,
          556,
          0
        ],
        [
          427,
          10038,
          163
        ],
        [
          0,
          0,
          4084
        ]
      ],
      "miss_good": 556,
      "miss_medium": 590,
      "miss_bad": 0
    },
    {
      "mode": "feature_pc1_qrsprom_widegood_plus_precision_veto",
      "acc": 0.9432309354739117,
      "macro_f1": 0.9533469815843946,
      "good_recall": 0.9040178571428571,
      "medium_recall": 0.9627399322544222,
      "bad_recall": 1.0,
      "good_precision": 0.9683435348125479,
      "medium_precision": 0.9050061914027949,
      "bad_precision": 0.9840963855421687,
      "confusion_3x3": [
        [
          10125,
          1074,
          1
        ],
        [
          331,
          10232,
          65
        ],
        [
          0,
          0,
          4084
        ]
      ],
      "miss_good": 1075,
      "miss_medium": 396,
      "miss_bad": 0
    },
    {
      "mode": "rawbad_feature_pc1_qrsprom_widegood_plus_precision_veto",
      "acc": 0.936979005866008,
      "macro_f1": 0.9443204262056518,
      "good_recall": 0.9040178571428571,
      "medium_recall": 0.9474971772675951,
      "bad_recall": 1.0,
      "good_precision": 0.9683435348125479,
      "medium_precision": 0.9036252692031587,
      "bad_precision": 0.9471243042671614,
      "confusion_3x3": [
        [
          10125,
          1074,
          1
        ],
        [
          331,
          10070,
          227
        ],
        [
          0,
          0,
          4084
        ]
      ],
      "miss_good": 1075,
      "miss_medium": 558,
      "miss_bad": 0
    },
    {
      "mode": "feature_pc1_qrsprom_visiblegood_plus_precision_veto",
      "acc": 0.9195353504167953,
      "macro_f1": 0.9344942502006303,
      "good_recall": 0.9079464285714286,
      "medium_recall": 0.9008280015054573,
      "bad_recall": 1.0,
      "good_precision": 0.9113640437354364,
      "medium_precision": 0.9028668427008676,
      "bad_precision": 0.9840963855421687,
      "confusion_3x3": [
        [
          10169,
          1030,
          1
        ],
        [
          989,
          9574,
          65
        ],
        [
          0,
          0,
          4084
        ]
      ],
      "miss_good": 1031,
      "miss_medium": 1054,
      "miss_bad": 0
    },
    {
      "mode": "rawbad_feature_pc1_qrsprom_visiblegood_plus_precision_veto",
      "acc": 0.9132834208088917,
      "macro_f1": 0.925299726740694,
      "good_recall": 0.9079464285714286,
      "medium_recall": 0.88558524651863,
      "bad_recall": 1.0,
      "good_precision": 0.9113640437354364,
      "medium_precision": 0.9013598927408543,
      "bad_precision": 0.9471243042671614,
      "confusion_3x3": [
        [
          10169,
          1030,
          1
        ],
        [
          989,
          9412,
          227
        ],
        [
          0,
          0,
          4084
        ]
      ],
      "miss_good": 1031,
      "miss_medium": 1216,
      "miss_bad": 0
    }
  ],
  "note": "Node-side audit only; original BUT not used. Feature tree thresholds are code-documented as clean-node trained unless mode name says diagnostic."
}