{
  "base": {
    "acc": 0.8040580394007314,
    "errors": 1661
  },
  "best_core_safe": {
    "pc1_min": 4.25,
    "pc2_max": 0.0,
    "qrs_min": 0.0,
    "qrs_max": 0.14,
    "acc": 0.8180960245369824,
    "good_recall": 0.7384615384615385,
    "medium_recall": 0.9313149570718482,
    "bad_recall": 0.30413625304136255,
    "bad_core_recall": 1.0,
    "bad_outlier_recall": 0.02054794520547945,
    "forced_total": 119,
    "forced_good": 0,
    "forced_medium": 0,
    "forced_bad": 119,
    "new_errors_on_gm": 1256,
    "total_errors": 1542,
    "gm_recall_min": 0.7384615384615385
  },
  "best_overall": {
    "pc1_min": 6.5,
    "pc2_max": 1.0,
    "qrs_min": 0.06,
    "qrs_max": 1.0,
    "acc": 0.8180960245369824,
    "good_recall": 0.7384615384615385,
    "medium_recall": 0.9313149570718482,
    "bad_recall": 0.30413625304136255,
    "bad_core_recall": 1.0,
    "bad_outlier_recall": 0.02054794520547945,
    "forced_total": 119,
    "forced_good": 0,
    "forced_medium": 0,
    "forced_bad": 119,
    "new_errors_on_gm": 1256,
    "total_errors": 1542,
    "gm_recall_min": 0.7384615384615385
  },
  "note": "Report-only original-test sweep. Do not use for model selection."
}