mode,acc,macro_f1,good_recall,medium_recall,bad_recall,good_precision,medium_precision,bad_precision,confusion_3x3,miss_good,miss_medium,miss_bad
raw,0.8675517134918185,0.8879769426806313,0.8216964285714285,0.8762702295822355,0.970617042115573,0.8886635766705292,0.8147856517935258,0.9607367910809501,"[[9203, 1997, 0], [1153, 9313, 162], [0, 120, 3964]]",1997,1315,120
simple_pc1_lowqrs_medium_keep_qbr030_flat012,0.9526474220438407,0.9552018259745623,0.9588392857142857,0.9392171622130222,0.970617042115573,0.9568742760402744,0.9449966865473823,0.9607367910809501,"[[10739, 461, 0], [484, 9982, 162], [0, 120, 3964]]",461,646,120
simple_pc1_lowqrs_medium_keep_qprom45_flat012,0.9508335906143871,0.9537664172369821,0.9563392857142857,0.9374294316898758,0.970617042115573,0.9551453540217585,0.9423950056753689,0.9607367910809501,"[[10711, 489, 0], [503, 9963, 162], [0, 120, 3964]]",489,665,120
feature_pc1_qrsprom_tree,0.9620253164556962,0.9699079188266362,0.9503571428571429,0.9597290176891231,1.0,0.9614307650618734,0.9483079211602826,0.9997552019583843,"[[10644, 556, 0], [427, 10200, 1], [0, 0, 4084]]",556,428,0
rawbad_feature_pc1_qrsprom_tree,0.9557733868477926,0.9607652797938564,0.9503571428571429,0.9444862627022959,1.0,0.9614307650618734,0.9475174627147442,0.9616199670355545,"[[10644, 556, 0], [427, 10038, 163], [0, 0, 4084]]",556,590,0
feature_pc1_qrsprom_widegood_plus_precision_veto,0.9432309354739117,0.9533469815843946,0.9040178571428571,0.9627399322544222,1.0,0.9683435348125479,0.9050061914027949,0.9840963855421687,"[[10125, 1074, 1], [331, 10232, 65], [0, 0, 4084]]",1075,396,0
rawbad_feature_pc1_qrsprom_widegood_plus_precision_veto,0.936979005866008,0.9443204262056518,0.9040178571428571,0.9474971772675951,1.0,0.9683435348125479,0.9036252692031587,0.9471243042671614,"[[10125, 1074, 1], [331, 10070, 227], [0, 0, 4084]]",1075,558,0
feature_pc1_qrsprom_visiblegood_plus_precision_veto,0.9195353504167953,0.9344942502006303,0.9079464285714286,0.9008280015054573,1.0,0.9113640437354364,0.9028668427008676,0.9840963855421687,"[[10169, 1030, 1], [989, 9574, 65], [0, 0, 4084]]",1031,1054,0
rawbad_feature_pc1_qrsprom_visiblegood_plus_precision_veto,0.9132834208088917,0.925299726740694,0.9079464285714286,0.88558524651863,1.0,0.9113640437354364,0.9013598927408543,0.9471243042671614,"[[10169, 1030, 1], [989, 9412, 227], [0, 0, 4084]]",1031,1216,0
