{
  "node_id": "N12000_gm_trim_bad",
  "n_candidates": 1964,
  "best": [
    {
      "pc1_bad_min": 7.4,
      "pc1_good_max": -1.9,
      "qrs_prom_good_min": 4.8,
      "score_trainval": 1.4526971619202782,
      "acc_trainval": 0.9570933908767,
      "macro_f1_trainval": 0.9623460326159821,
      "good_trainval": 0.959733606557377,
      "medium_trainval": 0.9255079006772009,
      "bad_trainval": 1.0,
      "acc_test": 0.956816507000737,
      "macro_f1_test": 0.9681029882228239,
      "good_test": 0.9982142857142857,
      "medium_test": 0.9347040216900135,
      "bad_test": 1.0,
      "acc_all": 0.9570230607966457,
      "macro_f1_all": 0.9659796596612851,
      "good_all": 0.9669166666666666,
      "medium_all": 0.9293375987956342,
      "bad_all": 1.0,
      "conf_all": "[[11603, 397, 0], [751, 9877, 0], [0, 0, 4084]]",
      "conf_test": "[[2236, 4, 0], [289, 4137, 0], [0, 0, 119]]"
    },
    {
      "pc1_bad_min": 7.6,
      "pc1_good_max": -1.9,
      "qrs_prom_good_min": 4.8,
      "score_trainval": 1.4526971619202782,
      "acc_trainval": 0.9570933908767,
      "macro_f1_trainval": 0.9623460326159821,
      "good_trainval": 0.959733606557377,
      "medium_trainval": 0.9255079006772009,
      "bad_trainval": 1.0,
      "acc_test": 0.956816507000737,
      "macro_f1_test": 0.9681029882228239,
      "good_test": 0.9982142857142857,
      "medium_test": 0.9347040216900135,
      "bad_test": 1.0,
      "acc_all": 0.9570230607966457,
      "macro_f1_all": 0.9659796596612851,
      "good_all": 0.9669166666666666,
      "medium_all": 0.9293375987956342,
      "bad_all": 1.0,
      "conf_all": "[[11603, 397, 0], [751, 9877, 0], [0, 0, 4084]]",
      "conf_test": "[[2236, 4, 0], [289, 4137, 0], [0, 0, 119]]"
    },
    {
      "pc1_bad_min": 7.8,
      "pc1_good_max": -1.9,
      "qrs_prom_good_min": 4.8,
      "score_trainval": 1.4526971619202782,
      "acc_trainval": 0.9570933908767,
      "macro_f1_trainval": 0.9623460326159821,
      "good_trainval": 0.959733606557377,
      "medium_trainval": 0.9255079006772009,
      "bad_trainval": 1.0,
      "acc_test": 0.956816507000737,
      "macro_f1_test": 0.9681029882228239,
      "good_test": 0.9982142857142857,
      "medium_test": 0.9347040216900135,
      "bad_test": 1.0,
      "acc_all": 0.9570230607966457,
      "macro_f1_all": 0.9659796596612851,
      "good_all": 0.9669166666666666,
      "medium_all": 0.9293375987956342,
      "bad_all": 1.0,
      "conf_all": "[[11603, 397, 0], [751, 9877, 0], [0, 0, 4084]]",
      "conf_test": "[[2236, 4, 0], [289, 4137, 0], [0, 0, 119]]"
    },
    {
      "pc1_bad_min": 8.0,
      "pc1_good_max": -1.9,
      "qrs_prom_good_min": 4.8,
      "score_trainval": 1.4526971619202782,
      "acc_trainval": 0.9570933908767,
      "macro_f1_trainval": 0.9623460326159821,
      "good_trainval": 0.959733606557377,
      "medium_trainval": 0.9255079006772009,
      "bad_trainval": 1.0,
      "acc_test": 0.956816507000737,
      "macro_f1_test": 0.9681029882228239,
      "good_test": 0.9982142857142857,
      "medium_test": 0.9347040216900135,
      "bad_test": 1.0,
      "acc_all": 0.9570230607966457,
      "macro_f1_all": 0.9659796596612851,
      "good_all": 0.9669166666666666,
      "medium_all": 0.9293375987956342,
      "bad_all": 1.0,
      "conf_all": "[[11603, 397, 0], [751, 9877, 0], [0, 0, 4084]]",
      "conf_test": "[[2236, 4, 0], [289, 4137, 0], [0, 0, 119]]"
    },
    {
      "pc1_bad_min": 5.4,
      "pc1_good_max": -1.9,
      "qrs_prom_good_min": 4.8,
      "score_trainval": 1.45250521114107,
      "acc_trainval": 0.9570432077081347,
      "macro_f1_trainval": 0.9622751046055837,
      "good_trainval": 0.959733606557377,
      "medium_trainval": 0.9253466623669784,
      "bad_trainval": 1.0,
      "acc_test": 0.956816507000737,
      "macro_f1_test": 0.9681029882228239,
      "good_test": 0.9982142857142857,
      "medium_test": 0.9347040216900135,
      "bad_test": 1.0,
      "acc_all": 0.9569856244384546,
      "macro_f1_all": 0.9659220308703999,
      "good_all": 0.9669166666666666,
      "medium_all": 0.9292435077154686,
      "bad_all": 1.0,
      "conf_all": "[[11603, 397, 0], [751, 9876, 1], [0, 0, 4084]]",
      "conf_test": "[[2236, 4, 0], [289, 4137, 0], [0, 0, 119]]"
    },
    {
      "pc1_bad_min": 5.6,
      "pc1_good_max": -1.9,
      "qrs_prom_good_min": 4.8,
      "score_trainval": 1.45250521114107,
      "acc_trainval": 0.9570432077081347,
      "macro_f1_trainval": 0.9622751046055837,
      "good_trainval": 0.959733606557377,
      "medium_trainval": 0.9253466623669784,
      "bad_trainval": 1.0,
      "acc_test": 0.956816507000737,
      "macro_f1_test": 0.9681029882228239,
      "good_test": 0.9982142857142857,
      "medium_test": 0.9347040216900135,
      "bad_test": 1.0,
      "acc_all": 0.9569856244384546,
      "macro_f1_all": 0.9659220308703999,
      "good_all": 0.9669166666666666,
      "medium_all": 0.9292435077154686,
      "bad_all": 1.0,
      "conf_all": "[[11603, 397, 0], [751, 9876, 1], [0, 0, 4084]]",
      "conf_test": "[[2236, 4, 0], [289, 4137, 0], [0, 0, 119]]"
    },
    {
      "pc1_bad_min": 5.8,
      "pc1_good_max": -1.9,
      "qrs_prom_good_min": 4.8,
      "score_trainval": 1.45250521114107,
      "acc_trainval": 0.9570432077081347,
      "macro_f1_trainval": 0.9622751046055837,
      "good_trainval": 0.959733606557377,
      "medium_trainval": 0.9253466623669784,
      "bad_trainval": 1.0,
      "acc_test": 0.956816507000737,
      "macro_f1_test": 0.9681029882228239,
      "good_test": 0.9982142857142857,
      "medium_test": 0.9347040216900135,
      "bad_test": 1.0,
      "acc_all": 0.9569856244384546,
      "macro_f1_all": 0.9659220308703999,
      "good_all": 0.9669166666666666,
      "medium_all": 0.9292435077154686,
      "bad_all": 1.0,
      "conf_all": "[[11603, 397, 0], [751, 9876, 1], [0, 0, 4084]]",
      "conf_test": "[[2236, 4, 0], [289, 4137, 0], [0, 0, 119]]"
    },
    {
      "pc1_bad_min": 6.0,
      "pc1_good_max": -1.9,
      "qrs_prom_good_min": 4.8,
      "score_trainval": 1.45250521114107,
      "acc_trainval": 0.9570432077081347,
      "macro_f1_trainval": 0.9622751046055837,
      "good_trainval": 0.959733606557377,
      "medium_trainval": 0.9253466623669784,
      "bad_trainval": 1.0,
      "acc_test": 0.956816507000737,
      "macro_f1_test": 0.9681029882228239,
      "good_test": 0.9982142857142857,
      "medium_test": 0.9347040216900135,
      "bad_test": 1.0,
      "acc_all": 0.9569856244384546,
      "macro_f1_all": 0.9659220308703999,
      "good_all": 0.9669166666666666,
      "medium_all": 0.9292435077154686,
      "bad_all": 1.0,
      "conf_all": "[[11603, 397, 0], [751, 9876, 1], [0, 0, 4084]]",
      "conf_test": "[[2236, 4, 0], [289, 4137, 0], [0, 0, 119]]"
    },
    {
      "pc1_bad_min": 6.2,
      "pc1_good_max": -1.9,
      "qrs_prom_good_min": 4.8,
      "score_trainval": 1.45250521114107,
      "acc_trainval": 0.9570432077081347,
      "macro_f1_trainval": 0.9622751046055837,
      "good_trainval": 0.959733606557377,
      "medium_trainval": 0.9253466623669784,
      "bad_trainval": 1.0,
      "acc_test": 0.956816507000737,
      "macro_f1_test": 0.9681029882228239,
      "good_test": 0.9982142857142857,
      "medium_test": 0.9347040216900135,
      "bad_test": 1.0,
      "acc_all": 0.9569856244384546,
      "macro_f1_all": 0.9659220308703999,
      "good_all": 0.9669166666666666,
      "medium_all": 0.9292435077154686,
      "bad_all": 1.0,
      "conf_all": "[[11603, 397, 0], [751, 9876, 1], [0, 0, 4084]]",
      "conf_test": "[[2236, 4, 0], [289, 4137, 0], [0, 0, 119]]"
    },
    {
      "pc1_bad_min": 6.4,
      "pc1_good_max": -1.9,
      "qrs_prom_good_min": 4.8,
      "score_trainval": 1.45250521114107,
      "acc_trainval": 0.9570432077081347,
      "macro_f1_trainval": 0.9622751046055837,
      "good_trainval": 0.959733606557377,
      "medium_trainval": 0.9253466623669784,
      "bad_trainval": 1.0,