{
  "node_id": "N12400_gm_trim_bad",
  "n_candidates": 1782,
  "best": [
    {
      "pc1_bad_min": 7.4,
      "pc1_good_max": -1.75,
      "qrs_prom_good_min": 4.8,
      "acc_trainval": 0.9516057421932811,
      "macro_f1_trainval": 0.9571950542221854,
      "good_trainval": 0.9609065716547902,
      "medium_trainval": 0.9055143502096098,
      "bad_trainval": 1.0,
      "acc_test": 0.9504458412512791,
      "good_test": 0.9986933797909407,
      "medium_test": 0.9240849525530953,
      "bad_test": 1.0,
      "acc_all": 0.9513130717025672,
      "macro_f1_all": 0.9614019479073491,
      "good_all": 0.9679032258064516,
      "medium_all": 0.9132480240873165,
      "bad_all": 1.0,
      "conf_all": "[[12002, 398, 0], [922, 9706, 0], [0, 0, 4084]]",
      "conf_test": "[[2293, 3, 0], [336, 4090, 0], [0, 0, 119]]"
    },
    {
      "pc1_bad_min": 7.6,
      "pc1_good_max": -1.75,
      "qrs_prom_good_min": 4.8,
      "acc_trainval": 0.9516057421932811,
      "macro_f1_trainval": 0.9571950542221854,
      "good_trainval": 0.9609065716547902,
      "medium_trainval": 0.9055143502096098,
      "bad_trainval": 1.0,
      "acc_test": 0.9504458412512791,
      "good_test": 0.9986933797909407,
      "medium_test": 0.9240849525530953,
      "bad_test": 1.0,
      "acc_all": 0.9513130717025672,
      "macro_f1_all": 0.9614019479073491,
      "good_all": 0.9679032258064516,
      "medium_all": 0.9132480240873165,
      "bad_all": 1.0,
      "conf_all": "[[12002, 398, 0], [922, 9706, 0], [0, 0, 4084]]",
      "conf_test": "[[2293, 3, 0], [336, 4090, 0], [0, 0, 119]]"
    },
    {
      "pc1_bad_min": 7.8,
      "pc1_good_max": -1.75,
      "qrs_prom_good_min": 4.8,
      "acc_trainval": 0.9516057421932811,
      "macro_f1_trainval": 0.9571950542221854,
      "good_trainval": 0.9609065716547902,
      "medium_trainval": 0.9055143502096098,
      "bad_trainval": 1.0,
      "acc_test": 0.9504458412512791,
      "good_test": 0.9986933797909407,
      "medium_test": 0.9240849525530953,
      "bad_test": 1.0,
      "acc_all": 0.9513130717025672,
      "macro_f1_all": 0.9614019479073491,
      "good_all": 0.9679032258064516,
      "medium_all": 0.9132480240873165,
      "bad_all": 1.0,
      "conf_all": "[[12002, 398, 0], [922, 9706, 0], [0, 0, 4084]]",
      "conf_test": "[[2293, 3, 0], [336, 4090, 0], [0, 0, 119]]"
    },
    {
      "pc1_bad_min": 8.0,
      "pc1_good_max": -1.75,
      "qrs_prom_good_min": 4.8,
      "acc_trainval": 0.9516057421932811,
      "macro_f1_trainval": 0.9571950542221854,
      "good_trainval": 0.9609065716547902,
      "medium_trainval": 0.9055143502096098,
      "bad_trainval": 1.0,
      "acc_test": 0.9504458412512791,
      "good_test": 0.9986933797909407,
      "medium_test": 0.9240849525530953,
      "bad_test": 1.0,
      "acc_all": 0.9513130717025672,
      "macro_f1_all": 0.9614019479073491,
      "good_all": 0.9679032258064516,
      "medium_all": 0.9132480240873165,
      "bad_all": 1.0,
      "conf_all": "[[12002, 398, 0], [922, 9706, 0], [0, 0, 4084]]",
      "conf_test": "[[2293, 3, 0], [336, 4090, 0], [0, 0, 119]]"
    },
    {
      "pc1_bad_min": 8.2,
      "pc1_good_max": -1.75,
      "qrs_prom_good_min": 4.8,
      "acc_trainval": 0.9516057421932811,
      "macro_f1_trainval": 0.9571950542221854,
      "good_trainval": 0.9609065716547902,
      "medium_trainval": 0.9055143502096098,
      "bad_trainval": 1.0,
      "acc_test": 0.9502996637918433,
      "good_test": 0.9986933797909407,
      "medium_test": 0.9240849525530953,
      "bad_test": 0.9915966386554622,
      "acc_all": 0.9512761876659782,
      "macro_f1_all": 0.9613460794627292,
      "good_all": 0.9679032258064516,
      "medium_all": 0.9132480240873165,
      "bad_all": 0.9997551420176298,
      "conf_all": "[[12002, 398, 0], [922, 9706, 0], [0, 1, 4083]]",
      "conf_test": "[[2293, 3, 0], [336, 4090, 0], [0, 1, 118]]"
    },
    {
      "pc1_bad_min": 5.4,
      "pc1_good_max": -1.75,
      "qrs_prom_good_min": 4.8,
      "acc_trainval": 0.9515564106358838,
      "macro_f1_trainval": 0.9571235370027181,
      "good_trainval": 0.9609065716547902,
      "medium_trainval": 0.9053531118993873,
      "bad_trainval": 1.0,
      "acc_test": 0.9504458412512791,
      "good_test": 0.9986933797909407,
      "medium_test": 0.9240849525530953,
      "bad_test": 1.0,
      "acc_all": 0.9512761876659782,
      "macro_f1_all": 0.9613440405156869,
      "good_all": 0.9679032258064516,
      "medium_all": 0.913153933007151,
      "bad_all": 1.0,
      "conf_all": "[[12002, 398, 0], [922, 9705, 1], [0, 0, 4084]]",
      "conf_test": "[[2293, 3, 0], [336, 4090, 0], [0, 0, 119]]"
    },
    {
      "pc1_bad_min": 5.6,
      "pc1_good_max": -1.75,
      "qrs_prom_good_min": 4.8,
      "acc_trainval": 0.9515564106358838,
      "macro_f1_trainval": 0.9571235370027181,
      "good_trainval": 0.9609065716547902,
      "medium_trainval": 0.9053531118993873,
      "bad_trainval": 1.0,
      "acc_test": 0.9504458412512791,
      "good_test": 0.9986933797909407,
      "medium_test": 0.9240849525530953,
      "bad_test": 1.0,
      "acc_all": 0.9512761876659782,
      "macro_f1_all": 0.9613440405156869,
      "good_all": 0.9679032258064516,
      "medium_all": 0.913153933007151,
      "bad_all": 1.0,
      "conf_all": "[[12002, 398, 0], [922, 9705, 1], [0, 0, 4084]]",
      "conf_test": "[[2293, 3, 0], [336, 4090, 0], [0, 0, 119]]"
    },
    {
      "pc1_bad_min": 5.8,
      "pc1_good_max": -1.75,
      "qrs_prom_good_min": 4.8,
      "acc_trainval": 0.9515564106358838,
      "macro_f1_trainval": 0.9571235370027181,
      "good_trainval": 0.9609065716547902,
      "medium_trainval": 0.9053531118993873,
      "bad_trainval": 1.0,
      "acc_test": 0.9504458412512791,
      "good_test": 0.9986933797909407,
      "medium_test": 0.9240849525530953,
      "bad_test": 1.0,
      "acc_all": 0.9512761876659782,
      "macro_f1_all": 0.9613440405156869,
      "good_all": 0.9679032258064516,
      "medium_all": 0.913153933007151,
      "bad_all": 1.0,
      "conf_all": "[[12002, 398, 0], [922, 9705, 1], [0, 0, 4084]]",
      "conf_test": "[[2293, 3, 0], [336, 4090, 0], [0, 0, 119]]"
    },
    {
      "pc1_bad_min": 6.0,
      "pc1_good_max": -1.75,
      "qrs_prom_good_min": 4.8,
      "acc_trainval": 0.9515564106358838,
      "macro_f1_trainval": 0.9571235370027181,
      "good_trainval": 0.9609065716547902,
      "medium_trainval": 0.9053531118993873,
      "bad_trainval": 1.0,
      "acc_test": 0.9504458412512791,
      "good_test": 0.9986933797909407,
      "medium_test": 0.9240849525530953,
      "bad_test": 1.0,
      "acc_all": 0.9512761876659782,
      "macro_f1_all": 0.9613440405156869,
      "good_all": 0.9679032258064516,
      "medium_all": 0.913153933007151,
      "bad_all": 1.0,
      "conf_all": "[[12002, 398, 0], [922, 9705, 1], [0, 0, 4084]]",
      "conf_test": "[[2293, 3, 0], [336, 4090, 0], [0, 0, 119]]"
    },
    {
      "pc1_bad_min": 6.2,
      "pc1_good_max": -1.75,
      "qrs_prom_good_min": 4.8,
      "acc_trainval": 0.9515564106358838,
      "macro_f1_trainval": 0.9571235370027181,
      "good_trainval": 0.9609065716547902,
      "medium_trainval": 0.9053531118993873,
      "bad_trainval": 1.0,
      "acc_test": 0.9504458412512791,
      "good_test": 0.9986933797909407,
      "medium_test": 0.9240849525530953,
      "bad_test": 1.0,
      "acc_all": 0.9512761876659782,
      "macro_f1_all": 0.9613440405156869,
      "good_all": 0.9679032258064516,
      "medium_all": 0.913153933007151,
      "bad_all": 1.0,
      "conf_all": "[[12002, 398, 0], [922, 9705, 1], [0, 0, 4084]]",
      "conf_test": "[[2293, 3, 0], [336, 4090, 0], [0, 0, 119]]"
    }
  ],
  "note": "Thresholds selected on node train+val guardrails; original BUT not used."
}