{
  "node_id": "N12600_gm_trim_bad",
  "n_candidates": 6903,
  "best": [
    {
      "pc1_bad_min": 7.4,
      "pc1_good_max": -1.75,
      "qrs_prom_good_min": 4.2,
      "qbr_veto_max": 0.45,
      "flat_veto_min": 0.08,
      "qvis_veto_max": 0.12,
      "acc_trainval": 0.9499633162142334,
      "macro_f1_trainval": 0.9556218613931086,
      "good_trainval": 0.960206265810469,
      "medium_trainval": 0.9009996775233795,
      "bad_trainval": 1.0,
      "acc_test": 0.9656327362749381,
      "good_test": 0.9715762273901809,
      "medium_test": 0.9615906009941256,
      "bad_test": 1.0,
      "acc_all": 0.9539030462800234,
      "macro_f1_all": 0.9635135994185703,
      "good_all": 0.9623015873015873,
      "medium_all": 0.9262325931501694,
      "bad_all": 1.0,
      "conf_all": "[[12125, 475, 0], [784, 9844, 0], [0, 0, 4084]]",
      "conf_test": "[[2256, 66, 0], [170, 4256, 0], [0, 0, 119]]"
    },
    {
      "pc1_bad_min": 7.4,
      "pc1_good_max": -1.75,
      "qrs_prom_good_min": 4.2,
      "qbr_veto_max": 0.45,
      "flat_veto_min": 0.1,
      "qvis_veto_max": 0.12,
      "acc_trainval": 0.9499633162142334,
      "macro_f1_trainval": 0.9556218613931086,
      "good_trainval": 0.960206265810469,
      "medium_trainval": 0.9009996775233795,
      "bad_trainval": 1.0,
      "acc_test": 0.9654871122761031,
      "good_test": 0.9715762273901809,
      "medium_test": 0.9613646633529146,
      "bad_test": 1.0,
      "acc_all": 0.9538664323374341,
      "macro_f1_all": 0.9634843071296849,
      "good_all": 0.9623015873015873,
      "medium_all": 0.9261385020700038,
      "bad_all": 1.0,
      "conf_all": "[[12125, 475, 0], [785, 9843, 0], [0, 0, 4084]]",
      "conf_test": "[[2256, 66, 0], [171, 4255, 0], [0, 0, 119]]"
    },
    {
      "pc1_bad_min": 7.4,
      "pc1_good_max": -1.75,
      "qrs_prom_good_min": 4.3,
      "qbr_veto_max": 0.45,
      "flat_veto_min": 0.08,
      "qvis_veto_max": 0.12,
      "acc_trainval": 0.9498165810711665,
      "macro_f1_trainval": 0.9555112427696771,
      "good_trainval": 0.9594279042615295,
      "medium_trainval": 0.9018058690744921,
      "bad_trainval": 1.0,
      "acc_test": 0.9659239842726082,
      "good_test": 0.9715762273901809,
      "medium_test": 0.9620424762765477,
      "bad_test": 1.0,
      "acc_all": 0.9538664323374341,
      "macro_f1_all": 0.9634892793376638,
      "good_all": 0.9616666666666667,
      "medium_all": 0.9268912307113286,
      "bad_all": 1.0,
      "conf_all": "[[12117, 483, 0], [777, 9851, 0], [0, 0, 4084]]",
      "conf_test": "[[2256, 66, 0], [168, 4258, 0], [0, 0, 119]]"
    },
    {
      "pc1_bad_min": 7.4,
      "pc1_good_max": -1.75,
      "qrs_prom_good_min": 4.3,
      "qbr_veto_max": 0.45,
      "flat_veto_min": 0.1,
      "qvis_veto_max": 0.12,
      "acc_trainval": 0.9498165810711665,
      "macro_f1_trainval": 0.9555112427696771,
      "good_trainval": 0.9594279042615295,
      "medium_trainval": 0.9018058690744921,
      "bad_trainval": 1.0,
      "acc_test": 0.9657783602737732,
      "good_test": 0.9715762273901809,
      "medium_test": 0.9618165386353367,
      "bad_test": 1.0,
      "acc_all": 0.9538298183948447,
      "macro_f1_all": 0.9634599926309352,
      "good_all": 0.9616666666666667,
      "medium_all": 0.926797139631163,
      "bad_all": 1.0,
      "conf_all": "[[12117, 483, 0], [778, 9850, 0], [0, 0, 4084]]",
      "conf_test": "[[2256, 66, 0], [169, 4257, 0], [0, 0, 119]]"
    },
    {
      "pc1_bad_min": 7.4,
      "pc1_good_max": -1.75,
      "qrs_prom_good_min": 4.2,
      "qbr_veto_max": 0.45,
      "flat_veto_min": 0.12,
      "qvis_veto_max": 0.12,
      "acc_trainval": 0.9499633162142334,
      "macro_f1_trainval": 0.9556218613931086,
      "good_trainval": 0.960206265810469,
      "medium_trainval": 0.9009996775233795,
      "bad_trainval": 1.0,
      "acc_test": 0.9651958642784331,
      "good_test": 0.9715762273901809,
      "medium_test": 0.9609127880704925,
      "bad_test": 1.0,
      "acc_all": 0.9537932044522555,
      "macro_f1_all": 0.9634257206403186,
      "good_all": 0.9623015873015873,
      "medium_all": 0.9259503199096726,
      "bad_all": 1.0,
      "conf_all": "[[12125, 475, 0], [787, 9841, 0], [0, 0, 4084]]",
      "conf_test": "[[2256, 66, 0], [173, 4253, 0], [0, 0, 119]]"
    },
    {
      "pc1_bad_min": 7.4,
      "pc1_good_max": -1.75,
      "qrs_prom_good_min": 4.3,
      "qbr_veto_max": 0.45,
      "flat_veto_min": 0.12,
      "qvis_veto_max": 0.12,
      "acc_trainval": 0.9498165810711665,
      "macro_f1_trainval": 0.9555112427696771,
      "good_trainval": 0.9594279042615295,
      "medium_trainval": 0.9018058690744921,
      "bad_trainval": 1.0,
      "acc_test": 0.9654871122761031,
      "good_test": 0.9715762273901809,
      "medium_test": 0.9613646633529146,
      "bad_test": 1.0,
      "acc_all": 0.9537565905096661,
      "macro_f1_all": 0.9634014173160046,
      "good_all": 0.9616666666666667,
      "medium_all": 0.9266089574708317,
      "bad_all": 1.0,
      "conf_all": "[[12117, 483, 0], [780, 9848, 0], [0, 0, 4084]]",
      "conf_test": "[[2256, 66, 0], [171, 4255, 0], [0, 0, 119]]"
    },
    {
      "pc1_bad_min": 7.4,
      "pc1_good_max": -1.75,
      "qrs_prom_good_min": 4.4,
      "qbr_veto_max": 0.45,
      "flat_veto_min": 0.08,
      "qvis_veto_max": 0.12,
      "acc_trainval": 0.9494741990706774,
      "macro_f1_trainval": 0.9552333008383842,
      "good_trainval": 0.9582603619381203,
      "medium_trainval": 0.9026120606256046,
      "bad_trainval": 1.0,
      "acc_test": 0.9662152322702782,
      "good_test": 0.9715762273901809,
      "medium_test": 0.9624943515589697,
      "bad_test": 1.0,
      "acc_all": 0.9536833626244874,
      "macro_f1_all": 0.9633502760890084,
      "good_all": 0.9607142857142857,
      "medium_all": 0.9275498682724878,
      "bad_all": 1.0,
      "conf_all": "[[12105, 495, 0], [770, 9858, 0], [0, 0, 4084]]",
      "conf_test": "[[2256, 66, 0], [166, 4260, 0], [0, 0, 119]]"
    },
    {
      "pc1_bad_min": 7.4,
      "pc1_good_max": -1.75,
      "qrs_prom_good_min": 4.4,
      "qbr_veto_max": 0.45,
      "flat_veto_min": 0.1,
      "qvis_veto_max": 0.12,
      "acc_trainval": 0.9494741990706774,
      "macro_f1_trainval": 0.9552333008383842,
      "good_trainval": 0.9582603619381203,
      "medium_trainval": 0.9026120606256046,
      "bad_trainval": 1.0,
      "acc_test": 0.9660696082714432,
      "good_test": 0.9715762273901809,
      "medium_test": 0.9622684139177587,
      "bad_test": 1.0,
      "acc_all": 0.953646748681898,
      "macro_f1_all": 0.9633209955095591,
      "good_all": 0.9607142857142857,
      "medium_all": 0.9274557771923222,
      "bad_all": 1.0,
      "conf_all": "[[12105, 495, 0], [771, 9857, 0], [0, 0, 4084]]",
      "conf_test": "[[2256, 66, 0], [167, 4259, 0], [0, 0, 119]]"
    },
    {
      "pc1_bad_min": 7.4,
      "pc1_good_max": -1.75,
      "qrs_prom_good_min": 4.2,
      "qbr_veto_max": 0.38,
      "flat_veto_min": 0.08,
      "qvis_veto_max": 0.12,
      "acc_trainval": 0.9500122279285889,
      "macro_f1_trainval": 0.9556637427453388,
      "good_trainval": 0.9603035610040864,
      "medium_trainval": 0.9009996775233795,
      "bad_trainval": 1.0,
      "acc_test": 0.9643221202854231,
      "good_test": 0.9978466838931955,
      "medium_test": 0.9457749661093539,
      "bad_test": 1.0,
      "acc_all": 0.9536101347393088,
      "macro_f1_all": 0.9632391284565198,
      "good_all": 0.9672222222222222,
      "medium_all": 0.9196462175385773,
      "bad_all": 1.0,
      "conf_all": "[[12187, 413, 0], [854, 9774, 0], [0, 0, 4084]]",
      "conf_test": "[[2317, 5, 0], [240, 4186, 0], [0, 0, 119]]"
    },
    {
      "pc1_bad_min": 7.4,
      "pc1_good_max": -1.75,
      "qrs_prom_good_min": 4.5,
      "qbr_veto_max": 0.45,
      "flat_veto_min": 0.08,
      "qvis_veto_max": 0.12,
      "acc_trainval": 0.9493274639276107,
      "macro_f1_trainval": 0.9551258246719948,
      "good_trainval": 0.9573847051955633,