{
  "node_id": "N12600_gm_trim_bad",
  "n_candidates": 1302,
  "best": [
    {
      "pc1_bad_min": 7.4,
      "pc1_good_max": -1.75,
      "qrs_prom_good_min": 4.8,
      "acc_trainval": 0.9478112007825874,
      "macro_f1_trainval": 0.9538672622594481,
      "good_trainval": 0.9532010118700136,
      "medium_trainval": 0.9055143502096098,
      "bad_trainval": 1.0,
      "acc_test": 0.9503422163972622,
      "good_test": 0.9978466838931955,
      "medium_test": 0.9240849525530953,
      "bad_test": 1.0,
      "acc_all": 0.9484475688342121,
      "macro_f1_all": 0.9591499845593175,
      "good_all": 0.9614285714285714,
      "medium_all": 0.9132480240873165,
      "bad_all": 1.0,
      "conf_all": "[[12114, 486, 0], [922, 9706, 0], [0, 0, 4084]]",
      "conf_test": "[[2317, 5, 0], [336, 4090, 0], [0, 0, 119]]"
    },
    {
      "pc1_bad_min": 7.6,
      "pc1_good_max": -1.75,
      "qrs_prom_good_min": 4.8,
      "acc_trainval": 0.9478112007825874,
      "macro_f1_trainval": 0.9538672622594481,
      "good_trainval": 0.9532010118700136,
      "medium_trainval": 0.9055143502096098,
      "bad_trainval": 1.0,
      "acc_test": 0.9503422163972622,
      "good_test": 0.9978466838931955,
      "medium_test": 0.9240849525530953,
      "bad_test": 1.0,
      "acc_all": 0.9484475688342121,
      "macro_f1_all": 0.9591499845593175,
      "good_all": 0.9614285714285714,
      "medium_all": 0.9132480240873165,
      "bad_all": 1.0,
      "conf_all": "[[12114, 486, 0], [922, 9706, 0], [0, 0, 4084]]",
      "conf_test": "[[2317, 5, 0], [336, 4090, 0], [0, 0, 119]]"
    },
    {
      "pc1_bad_min": 7.8,
      "pc1_good_max": -1.75,
      "qrs_prom_good_min": 4.8,
      "acc_trainval": 0.9478112007825874,
      "macro_f1_trainval": 0.9538672622594481,
      "good_trainval": 0.9532010118700136,
      "medium_trainval": 0.9055143502096098,
      "bad_trainval": 1.0,
      "acc_test": 0.9503422163972622,
      "good_test": 0.9978466838931955,
      "medium_test": 0.9240849525530953,
      "bad_test": 1.0,
      "acc_all": 0.9484475688342121,
      "macro_f1_all": 0.9591499845593175,
      "good_all": 0.9614285714285714,
      "medium_all": 0.9132480240873165,
      "bad_all": 1.0,
      "conf_all": "[[12114, 486, 0], [922, 9706, 0], [0, 0, 4084]]",
      "conf_test": "[[2317, 5, 0], [336, 4090, 0], [0, 0, 119]]"
    },
    {
      "pc1_bad_min": 8.0,
      "pc1_good_max": -1.75,
      "qrs_prom_good_min": 4.8,
      "acc_trainval": 0.9478112007825874,
      "macro_f1_trainval": 0.9538672622594481,
      "good_trainval": 0.9532010118700136,
      "medium_trainval": 0.9055143502096098,
      "bad_trainval": 1.0,
      "acc_test": 0.9503422163972622,
      "good_test": 0.9978466838931955,
      "medium_test": 0.9240849525530953,
      "bad_test": 1.0,
      "acc_all": 0.9484475688342121,
      "macro_f1_all": 0.9591499845593175,
      "good_all": 0.9614285714285714,
      "medium_all": 0.9132480240873165,
      "bad_all": 1.0,
      "conf_all": "[[12114, 486, 0], [922, 9706, 0], [0, 0, 4084]]",
      "conf_test": "[[2317, 5, 0], [336, 4090, 0], [0, 0, 119]]"
    },
    {
      "pc1_bad_min": 8.2,
      "pc1_good_max": -1.75,
      "qrs_prom_good_min": 4.8,
      "acc_trainval": 0.9478112007825874,
      "macro_f1_trainval": 0.9538672622594481,
      "good_trainval": 0.9532010118700136,
      "medium_trainval": 0.9055143502096098,
      "bad_trainval": 1.0,
      "acc_test": 0.9501965923984272,
      "good_test": 0.9978466838931955,
      "medium_test": 0.9240849525530953,
      "bad_test": 0.9915966386554622,
      "acc_all": 0.9484109548916227,
      "macro_f1_all": 0.9590942430985291,
      "good_all": 0.9614285714285714,
      "medium_all": 0.9132480240873165,
      "bad_all": 0.9997551420176298,
      "conf_all": "[[12114, 486, 0], [922, 9706, 0], [0, 1, 4083]]",
      "conf_test": "[[2317, 5, 0], [336, 4090, 0], [0, 1, 118]]"
    },
    {
      "pc1_bad_min": 5.4,
      "pc1_good_max": -1.75,
      "qrs_prom_good_min": 4.8,
      "acc_trainval": 0.9477622890682318,
      "macro_f1_trainval": 0.9537957769460128,
      "good_trainval": 0.9532010118700136,
      "medium_trainval": 0.9053531118993873,
      "bad_trainval": 1.0,
      "acc_test": 0.9503422163972622,
      "good_test": 0.9978466838931955,
      "medium_test": 0.9240849525530953,
      "bad_test": 1.0,
      "acc_all": 0.9484109548916227,
      "macro_f1_all": 0.9590920860942278,
      "good_all": 0.9614285714285714,
      "medium_all": 0.913153933007151,
      "bad_all": 1.0,
      "conf_all": "[[12114, 486, 0], [922, 9705, 1], [0, 0, 4084]]",
      "conf_test": "[[2317, 5, 0], [336, 4090, 0], [0, 0, 119]]"
    },
    {
      "pc1_bad_min": 5.6,
      "pc1_good_max": -1.75,
      "qrs_prom_good_min": 4.8,
      "acc_trainval": 0.9477622890682318,
      "macro_f1_trainval": 0.9537957769460128,
      "good_trainval": 0.9532010118700136,
      "medium_trainval": 0.9053531118993873,
      "bad_trainval": 1.0,
      "acc_test": 0.9503422163972622,
      "good_test": 0.9978466838931955,
      "medium_test": 0.9240849525530953,
      "bad_test": 1.0,
      "acc_all": 0.9484109548916227,
      "macro_f1_all": 0.9590920860942278,
      "good_all": 0.9614285714285714,
      "medium_all": 0.913153933007151,
      "bad_all": 1.0,
      "conf_all": "[[12114, 486, 0], [922, 9705, 1], [0, 0, 4084]]",
      "conf_test": "[[2317, 5, 0], [336, 4090, 0], [0, 0, 119]]"
    },
    {
      "pc1_bad_min": 5.8,
      "pc1_good_max": -1.75,
      "qrs_prom_good_min": 4.8,
      "acc_trainval": 0.9477622890682318,
      "macro_f1_trainval": 0.9537957769460128,
      "good_trainval": 0.9532010118700136,
      "medium_trainval": 0.9053531118993873,
      "bad_trainval": 1.0,
      "acc_test": 0.9503422163972622,
      "good_test": 0.9978466838931955,
      "medium_test": 0.9240849525530953,
      "bad_test": 1.0,
      "acc_all": 0.9484109548916227,
      "macro_f1_all": 0.9590920860942278,
      "good_all": 0.9614285714285714,
      "medium_all": 0.913153933007151,
      "bad_all": 1.0,
      "conf_all": "[[12114, 486, 0], [922, 9705, 1], [0, 0, 4084]]",
      "conf_test": "[[2317, 5, 0], [336, 4090, 0], [0, 0, 119]]"
    },
    {
      "pc1_bad_min": 6.0,
      "pc1_good_max": -1.75,
      "qrs_prom_good_min": 4.8,
      "acc_trainval": 0.9477622890682318,
      "macro_f1_trainval": 0.9537957769460128,
      "good_trainval": 0.9532010118700136,
      "medium_trainval": 0.9053531118993873,
      "bad_trainval": 1.0,
      "acc_test": 0.9503422163972622,
      "good_test": 0.9978466838931955,
      "medium_test": 0.9240849525530953,
      "bad_test": 1.0,
      "acc_all": 0.9484109548916227,
      "macro_f1_all": 0.9590920860942278,
      "good_all": 0.9614285714285714,
      "medium_all": 0.913153933007151,
      "bad_all": 1.0,
      "conf_all": "[[12114, 486, 0], [922, 9705, 1], [0, 0, 4084]]",
      "conf_test": "[[2317, 5, 0], [336, 4090, 0], [0, 0, 119]]"
    },
    {
      "pc1_bad_min": 6.2,
      "pc1_good_max": -1.75,
      "qrs_prom_good_min": 4.8,
      "acc_trainval": 0.9477622890682318,
      "macro_f1_trainval": 0.9537957769460128,
      "good_trainval": 0.9532010118700136,
      "medium_trainval": 0.9053531118993873,
      "bad_trainval": 1.0,
      "acc_test": 0.9503422163972622,
      "good_test": 0.9978466838931955,
      "medium_test": 0.9240849525530953,
      "bad_test": 1.0,
      "acc_all": 0.9484109548916227,
      "macro_f1_all": 0.9590920860942278,
      "good_all": 0.9614285714285714,
      "medium_all": 0.913153933007151,
      "bad_all": 1.0,
      "conf_all": "[[12114, 486, 0], [922, 9705, 1], [0, 0, 4084]]",
      "conf_test": "[[2317, 5, 0], [336, 4090, 0], [0, 0, 119]]"
    }
  ],
  "note": "Thresholds selected on node train+val guardrails; original BUT not used."
}