{
  "node_id": "N12800_gm_trim_bad",
  "n_candidates": 966,
  "best": [
    {
      "pc1_bad_min": 7.4,
      "pc1_good_max": -1.75,
      "qrs_prom_good_min": 4.8,
      "score_trainval": 1.4255628232516333,
      "acc_trainval": 0.9437521214178345,
      "good_trainval": 0.9451032899770466,
      "medium_trainval": 0.9055143502096098,
      "bad_trainval": 1.0,
      "acc_test": 0.9503556394251705,
      "good_test": 0.9974402730375427,
      "medium_test": 0.9240849525530953,
      "bad_test": 1.0,
      "acc_all": 0.9454056411747601,
      "good_all": 0.9546875,
      "medium_all": 0.9132480240873165,
      "bad_all": 1.0,
      "conf_all": "[[12220, 580, 0], [922, 9706, 0], [0, 0, 4084]]",
      "conf_test": "[[2338, 6, 0], [336, 4090, 0], [0, 0, 119]]"
    },
    {
      "pc1_bad_min": 7.6,
      "pc1_good_max": -1.75,
      "qrs_prom_good_min": 4.8,
      "score_trainval": 1.4255628232516333,
      "acc_trainval": 0.9437521214178345,
      "good_trainval": 0.9451032899770466,
      "medium_trainval": 0.9055143502096098,
      "bad_trainval": 1.0,
      "acc_test": 0.9503556394251705,
      "good_test": 0.9974402730375427,
      "medium_test": 0.9240849525530953,
      "bad_test": 1.0,
      "acc_all": 0.9454056411747601,
      "good_all": 0.9546875,
      "medium_all": 0.9132480240873165,
      "bad_all": 1.0,
      "conf_all": "[[12220, 580, 0], [922, 9706, 0], [0, 0, 4084]]",
      "conf_test": "[[2338, 6, 0], [336, 4090, 0], [0, 0, 119]]"
    },
    {
      "pc1_bad_min": 7.8,
      "pc1_good_max": -1.75,
      "qrs_prom_good_min": 4.8,
      "score_trainval": 1.4255628232516333,
      "acc_trainval": 0.9437521214178345,
      "good_trainval": 0.9451032899770466,
      "medium_trainval": 0.9055143502096098,
      "bad_trainval": 1.0,
      "acc_test": 0.9503556394251705,
      "good_test": 0.9974402730375427,
      "medium_test": 0.9240849525530953,
      "bad_test": 1.0,
      "acc_all": 0.9454056411747601,
      "good_all": 0.9546875,
      "medium_all": 0.9132480240873165,
      "bad_all": 1.0,
      "conf_all": "[[12220, 580, 0], [922, 9706, 0], [0, 0, 4084]]",
      "conf_test": "[[2338, 6, 0], [336, 4090, 0], [0, 0, 119]]"
    },
    {
      "pc1_bad_min": 8.0,
      "pc1_good_max": -1.75,
      "qrs_prom_good_min": 4.8,
      "score_trainval": 1.4255628232516333,
      "acc_trainval": 0.9437521214178345,
      "good_trainval": 0.9451032899770466,
      "medium_trainval": 0.9055143502096098,
      "bad_trainval": 1.0,
      "acc_test": 0.9503556394251705,
      "good_test": 0.9974402730375427,
      "medium_test": 0.9240849525530953,
      "bad_test": 1.0,
      "acc_all": 0.9454056411747601,
      "good_all": 0.9546875,
      "medium_all": 0.9132480240873165,
      "bad_all": 1.0,
      "conf_all": "[[12220, 580, 0], [922, 9706, 0], [0, 0, 4084]]",
      "conf_test": "[[2338, 6, 0], [336, 4090, 0], [0, 0, 119]]"
    },
    {
      "pc1_bad_min": 8.2,
      "pc1_good_max": -1.75,
      "qrs_prom_good_min": 4.8,
      "score_trainval": 1.4255628232516333,
      "acc_trainval": 0.9437521214178345,
      "good_trainval": 0.9451032899770466,
      "medium_trainval": 0.9055143502096098,
      "bad_trainval": 1.0,
      "acc_test": 0.9502104804761213,
      "good_test": 0.9974402730375427,
      "medium_test": 0.9240849525530953,
      "bad_test": 0.9915966386554622,
      "acc_all": 0.9453692933992439,
      "good_all": 0.9546875,
      "medium_all": 0.9132480240873165,
      "bad_all": 0.9997551420176298,
      "conf_all": "[[12220, 580, 0], [922, 9706, 0], [0, 1, 4083]]",
      "conf_test": "[[2338, 6, 0], [336, 4090, 0], [0, 1, 118]]"
    },
    {
      "pc1_bad_min": 5.4,
      "pc1_good_max": -1.75,
      "qrs_prom_good_min": 4.8,
      "score_trainval": 1.4253714718302288,
      "acc_trainval": 0.9437036318673326,
      "good_trainval": 0.9451032899770466,
      "medium_trainval": 0.9053531118993873,
      "bad_trainval": 1.0,
      "acc_test": 0.9503556394251705,
      "good_test": 0.9974402730375427,
      "medium_test": 0.9240849525530953,
      "bad_test": 1.0,
      "acc_all": 0.9453692933992439,
      "good_all": 0.9546875,
      "medium_all": 0.913153933007151,
      "bad_all": 1.0,
      "conf_all": "[[12220, 580, 0], [922, 9705, 1], [0, 0, 4084]]",
      "conf_test": "[[2338, 6, 0], [336, 4090, 0], [0, 0, 119]]"
    },
    {
      "pc1_bad_min": 5.6,
      "pc1_good_max": -1.75,
      "qrs_prom_good_min": 4.8,
      "score_trainval": 1.4253714718302288,
      "acc_trainval": 0.9437036318673326,
      "good_trainval": 0.9451032899770466,
      "medium_trainval": 0.9053531118993873,
      "bad_trainval": 1.0,
      "acc_test": 0.9503556394251705,
      "good_test": 0.9974402730375427,
      "medium_test": 0.9240849525530953,
      "bad_test": 1.0,
      "acc_all": 0.9453692933992439,
      "good_all": 0.9546875,
      "medium_all": 0.913153933007151,
      "bad_all": 1.0,
      "conf_all": "[[12220, 580, 0], [922, 9705, 1], [0, 0, 4084]]",
      "conf_test": "[[2338, 6, 0], [336, 4090, 0], [0, 0, 119]]"
    },
    {
      "pc1_bad_min": 5.8,
      "pc1_good_max": -1.75,
      "qrs_prom_good_min": 4.8,
      "score_trainval": 1.4253714718302288,
      "acc_trainval": 0.9437036318673326,
      "good_trainval": 0.9451032899770466,
      "medium_trainval": 0.9053531118993873,
      "bad_trainval": 1.0,
      "acc_test": 0.9503556394251705,
      "good_test": 0.9974402730375427,
      "medium_test": 0.9240849525530953,
      "bad_test": 1.0,
      "acc_all": 0.9453692933992439,
      "good_all": 0.9546875,
      "medium_all": 0.913153933007151,
      "bad_all": 1.0,
      "conf_all": "[[12220, 580, 0], [922, 9705, 1], [0, 0, 4084]]",
      "conf_test": "[[2338, 6, 0], [336, 4090, 0], [0, 0, 119]]"
    },
    {
      "pc1_bad_min": 6.0,
      "pc1_good_max": -1.75,
      "qrs_prom_good_min": 4.8,
      "score_trainval": 1.4253714718302288,
      "acc_trainval": 0.9437036318673326,
      "good_trainval": 0.9451032899770466,
      "medium_trainval": 0.9053531118993873,
      "bad_trainval": 1.0,
      "acc_test": 0.9503556394251705,
      "good_test": 0.9974402730375427,
      "medium_test": 0.9240849525530953,
      "bad_test": 1.0,
      "acc_all": 0.9453692933992439,
      "good_all": 0.9546875,
      "medium_all": 0.913153933007151,
      "bad_all": 1.0,
      "conf_all": "[[12220, 580, 0], [922, 9705, 1], [0, 0, 4084]]",
      "conf_test": "[[2338, 6, 0], [336, 4090, 0], [0, 0, 119]]"
    },
    {
      "pc1_bad_min": 6.2,
      "pc1_good_max": -1.75,
      "qrs_prom_good_min": 4.8,
      "score_trainval": 1.4253714718302288,
      "acc_trainval": 0.9437036318673326,
      "good_trainval": 0.9451032899770466,
      "medium_trainval": 0.9053531118993873,
      "bad_trainval": 1.0,
      "acc_test": 0.9503556394251705,
      "good_test": 0.9974402730375427,
      "medium_test": 0.9240849525530953,
      "bad_test": 1.0,
      "acc_all": 0.9453692933992439,
      "good_all": 0.9546875,
      "medium_all": 0.913153933007151,
      "bad_all": 1.0,
      "conf_all": "[[12220, 580, 0], [922, 9705, 1], [0, 0, 4084]]",
      "conf_test": "[[2338, 6, 0], [336, 4090, 0], [0, 0, 119]]"
    }
  ],
  "note": "Thresholds selected on node train+val guardrails; original BUT not used."
}