{
  "node_id": "N12800_gm_trim_bad",
  "n_candidates": 915,
  "best": [
    {
      "pc1_bad_min": 7.4,
      "pc1_good_max": -1.75,
      "qrs_prom_good_min": 4.2,
      "qbr_veto_max": 0.45,
      "flat_veto_min": 0.08,
      "qvis_veto_max": 0.12,
      "acc_trainval": 0.946079619841924,
      "macro_f1_trainval": 0.9522077788477797,
      "good_trainval": 0.9523718439173681,
      "medium_trainval": 0.9009996775233795,
      "bad_trainval": 1.0,
      "acc_test": 0.965307011177239,
      "good_test": 0.9705631399317406,
      "medium_test": 0.9615906009941256,
      "bad_test": 1.0,
      "acc_all": 0.950894155277697,
      "macro_f1_all": 0.9611520204048135,
      "good_all": 0.955703125,
      "medium_all": 0.9262325931501694,
      "bad_all": 1.0,
      "conf_all": "[[12233, 567, 0], [784, 9844, 0], [0, 0, 4084]]",
      "conf_test": "[[2275, 69, 0], [170, 4256, 0], [0, 0, 119]]"
    },
    {
      "pc1_bad_min": 7.4,
      "pc1_good_max": -1.75,
      "qrs_prom_good_min": 4.2,
      "qbr_veto_max": 0.45,
      "flat_veto_min": 0.1,
      "qvis_veto_max": 0.12,
      "acc_trainval": 0.946079619841924,
      "macro_f1_trainval": 0.9522077788477797,
      "good_trainval": 0.9523718439173681,
      "medium_trainval": 0.9009996775233795,
      "bad_trainval": 1.0,
      "acc_test": 0.9651618522281898,
      "good_test": 0.9705631399317406,
      "medium_test": 0.9613646633529146,
      "bad_test": 1.0,
      "acc_all": 0.9508578075021809,
      "macro_f1_all": 0.9611229233656097,
      "good_all": 0.955703125,
      "medium_all": 0.9261385020700038,
      "bad_all": 1.0,
      "conf_all": "[[12233, 567, 0], [785, 9843, 0], [0, 0, 4084]]",
      "conf_test": "[[2275, 69, 0], [171, 4255, 0], [0, 0, 119]]"
    },
    {
      "pc1_bad_min": 7.4,
      "pc1_good_max": -1.75,
      "qrs_prom_good_min": 4.3,
      "qbr_veto_max": 0.45,
      "flat_veto_min": 0.08,
      "qvis_veto_max": 0.12,
      "acc_trainval": 0.9458856616399166,
      "macro_f1_trainval": 0.9520585304109451,
      "good_trainval": 0.9515110941086458,
      "medium_trainval": 0.9018058690744921,
      "bad_trainval": 1.0,
      "acc_test": 0.9655973290753375,
      "good_test": 0.9705631399317406,
      "medium_test": 0.9620424762765477,
      "bad_test": 1.0,
      "acc_all": 0.9508214597266648,
      "macro_f1_all": 0.9610999671222697,
      "good_all": 0.955,
      "medium_all": 0.9268912307113286,
      "bad_all": 1.0,
      "conf_all": "[[12224, 576, 0], [777, 9851, 0], [0, 0, 4084]]",
      "conf_test": "[[2275, 69, 0], [168, 4258, 0], [0, 0, 119]]"
    },
    {
      "pc1_bad_min": 7.4,
      "pc1_good_max": -1.75,
      "qrs_prom_good_min": 4.2,
      "qbr_veto_max": 0.45,
      "flat_veto_min": 0.12,
      "qvis_veto_max": 0.12,
      "acc_trainval": 0.946079619841924,
      "macro_f1_trainval": 0.9522077788477797,
      "good_trainval": 0.9523718439173681,
      "medium_trainval": 0.9009996775233795,
      "bad_trainval": 1.0,
      "acc_test": 0.9648715343300914,
      "good_test": 0.9705631399317406,
      "medium_test": 0.9609127880704925,
      "bad_test": 1.0,
      "acc_all": 0.9507851119511486,
      "macro_f1_all": 0.9610647273210025,
      "good_all": 0.955703125,
      "medium_all": 0.9259503199096726,
      "bad_all": 1.0,
      "conf_all": "[[12233, 567, 0], [787, 9841, 0], [0, 0, 4084]]",
      "conf_test": "[[2275, 69, 0], [173, 4253, 0], [0, 0, 119]]"
    },
    {
      "pc1_bad_min": 7.4,
      "pc1_good_max": -1.75,
      "qrs_prom_good_min": 4.3,
      "qbr_veto_max": 0.45,
      "flat_veto_min": 0.1,
      "qvis_veto_max": 0.12,
      "acc_trainval": 0.9458856616399166,
      "macro_f1_trainval": 0.9520585304109451,
      "good_trainval": 0.9515110941086458,
      "medium_trainval": 0.9018058690744921,
      "bad_trainval": 1.0,
      "acc_test": 0.9654521701262883,
      "good_test": 0.9705631399317406,
      "medium_test": 0.9618165386353367,
      "bad_test": 1.0,
      "acc_all": 0.9507851119511486,
      "macro_f1_all": 0.9610708759993437,
      "good_all": 0.955,
      "medium_all": 0.926797139631163,
      "bad_all": 1.0,
      "conf_all": "[[12224, 576, 0], [778, 9850, 0], [0, 0, 4084]]",
      "conf_test": "[[2275, 69, 0], [169, 4257, 0], [0, 0, 119]]"
    },
    {
      "pc1_bad_min": 7.4,
      "pc1_good_max": -1.75,
      "qrs_prom_good_min": 4.3,
      "qbr_veto_max": 0.45,
      "flat_veto_min": 0.12,
      "qvis_veto_max": 0.12,
      "acc_trainval": 0.9458856616399166,
      "macro_f1_trainval": 0.9520585304109451,
      "good_trainval": 0.9515110941086458,
      "medium_trainval": 0.9018058690744921,
      "bad_trainval": 1.0,
      "acc_test": 0.9651618522281898,
      "good_test": 0.9705631399317406,
      "medium_test": 0.9613646633529146,
      "bad_test": 1.0,
      "acc_all": 0.9507124164001163,
      "macro_f1_all": 0.9610126917975884,
      "good_all": 0.955,
      "medium_all": 0.9266089574708317,
      "bad_all": 1.0,
      "conf_all": "[[12224, 576, 0], [780, 9848, 0], [0, 0, 4084]]",
      "conf_test": "[[2275, 69, 0], [171, 4255, 0], [0, 0, 119]]"
    },
    {
      "pc1_bad_min": 7.4,
      "pc1_good_max": -1.75,
      "qrs_prom_good_min": 4.4,
      "qbr_veto_max": 0.45,
      "flat_veto_min": 0.08,
      "qvis_veto_max": 0.12,
      "acc_trainval": 0.9455462347864035,
      "macro_f1_trainval": 0.9517853907411791,
      "good_trainval": 0.9503634276970161,
      "medium_trainval": 0.9026120606256046,
      "bad_trainval": 1.0,
      "acc_test": 0.9658876469734359,
      "good_test": 0.9705631399317406,
      "medium_test": 0.9624943515589697,
      "bad_test": 1.0,
      "acc_all": 0.950639720849084,
      "macro_f1_all": 0.9609626663606622,
      "good_all": 0.9540625,
      "medium_all": 0.9275498682724878,
      "bad_all": 1.0,
      "conf_all": "[[12212, 588, 0], [770, 9858, 0], [0, 0, 4084]]",
      "conf_test": "[[2275, 69, 0], [166, 4260, 0], [0, 0, 119]]"
    },
    {
      "pc1_bad_min": 7.4,
      "pc1_good_max": -1.75,
      "qrs_prom_good_min": 4.2,
      "qbr_veto_max": 0.38,
      "flat_veto_min": 0.08,
      "qvis_veto_max": 0.12,
      "acc_trainval": 0.946128109392426,
      "macro_f1_trainval": 0.9522491421269734,
      "good_trainval": 0.9524674827850038,
      "medium_trainval": 0.9009996775233795,
      "bad_trainval": 1.0,
      "acc_test": 0.9640005806357962,
      "good_test": 0.9965870307167235,
      "medium_test": 0.9457749661093539,
      "bad_test": 1.0,
      "acc_all": 0.9506033730735679,
      "macro_f1_all": 0.9608752957423393,
      "good_all": 0.960546875,
      "medium_all": 0.9196462175385773,
      "bad_all": 1.0,
      "conf_all": "[[12295, 505, 0], [854, 9774, 0], [0, 0, 4084]]",
      "conf_test": "[[2336, 8, 0], [240, 4186, 0], [0, 0, 119]]"
    },
    {
      "pc1_bad_min": 7.4,
      "pc1_good_max": -1.75,
      "qrs_prom_good_min": 4.4,
      "qbr_veto_max": 0.45,
      "flat_veto_min": 0.1,
      "qvis_veto_max": 0.12,
      "acc_trainval": 0.9455462347864035,
      "macro_f1_trainval": 0.9517853907411791,
      "good_trainval": 0.9503634276970161,
      "medium_trainval": 0.9026120606256046,
      "bad_trainval": 1.0,
      "acc_test": 0.9657424880243867,
      "good_test": 0.9705631399317406,
      "medium_test": 0.9622684139177587,
      "bad_test": 1.0,
      "acc_all": 0.9506033730735679,
      "macro_f1_all": 0.9609335815792767,
      "good_all": 0.9540625,
      "medium_all": 0.9274557771923222,
      "bad_all": 1.0,
      "conf_all": "[[12212, 588, 0], [771, 9857, 0], [0, 0, 4084]]",
      "conf_test": "[[2275, 69, 0], [167, 4259, 0], [0, 0, 119]]"
    },
    {
      "pc1_bad_min": 7.4,
      "pc1_good_max": -1.75,
      "qrs_prom_good_min": 4.2,
      "qbr_veto_max": 0.38,
      "flat_veto_min": 0.1,
      "qvis_veto_max": 0.12,
      "acc_trainval": 0.946128109392426,
      "macro_f1_trainval": 0.9522491421269734,
      "good_trainval": 0.9524674827850038,
      "medium_trainval": 0.9009996775233795,
      "bad_trainval": 1.0,
      "acc_test": 0.963855421686747,