{
  "created_at": "2026-06-13T08:31:36",
  "variant_id": "nl_n7187_gm_trim_bad_boundaryblocks_badoutlier_detail_pus_e71b4ab0102f",
  "prediction_mode": "simple_pc1_gm_gate_t226",
  "metrics": [
    {
      "variant_id": "nl_n7187_gm_trim_bad_boundaryblocks_badoutlier_detail_pus_e71b4ab0102f",
      "prediction_mode": "simple_pc1_gm_gate_t226",
      "bucket": "original_all_10s+",
      "n": 32956,
      "acc": 0.834901080228183,
      "macro_f1": 0.8540363461954832,
      "good_recall": 0.8151733849674353,
      "medium_recall": 0.8172751223184043,
      "bad_recall": 0.9339640491958373,
      "good_precision": 0.8746537396121884,
      "medium_precision": 0.7266187050359713,
      "bad_precision": 0.9644392340758109,
      "good_f1": 0.8438667355058159,
      "medium_f1": 0.7692852714551413,
      "bad_f1": 0.9489570316254926,
      "support_good": 17043,
      "support_medium": 10628,
      "support_bad": 5285,
      "confusion_3x3": "[[13893, 3147, 3], [1763, 8686, 179], [228, 121, 4936]]"
    },
    {
      "variant_id": "nl_n7187_gm_trim_bad_boundaryblocks_badoutlier_detail_pus_e71b4ab0102f",
      "prediction_mode": "simple_pc1_gm_gate_t226",
      "bucket": "original_test_all_10s+",
      "n": 8477,
      "acc": 0.7625339153002242,
      "macro_f1": 0.639093582275973,
      "good_recall": 0.9315934065934066,
      "medium_recall": 0.6656122910076819,
      "bad_recall": 0.30900243309002434,
      "good_precision": 0.6882484270347067,
      "medium_precision": 0.9059040590405905,
      "bad_precision": 0.4261744966442953,
      "good_f1": 0.7916423485467492,
      "medium_f1": 0.7673873404532431,
      "bad_f1": 0.35825105782792666,
      "support_good": 3640,
      "support_medium": 4426,
      "support_bad": 411,
      "confusion_3x3": "[[3391, 247, 2], [1311, 2946, 169], [225, 59, 127]]"
    },
    {
      "variant_id": "nl_n7187_gm_trim_bad_boundaryblocks_badoutlier_detail_pus_e71b4ab0102f",
      "prediction_mode": "simple_pc1_gm_gate_t226",
      "bucket": "original_test_good_medium_only",
      "n": 8066,
      "acc": 0.7856434416067444,
      "macro_f1": 0.5287747730154314,
      "good_recall": 0.9315934065934066,
      "medium_recall": 0.6656122910076819,
      "bad_recall": 0.0,
      "good_precision": 0.7211824755423224,
      "medium_precision": 0.9226432821797682,
      "bad_precision": 0.0,
      "good_f1": 0.8129944857348358,
      "medium_f1": 0.7733298333114582,
      "bad_f1": 0.0,
      "support_good": 3640,
      "support_medium": 4426,
      "support_bad": 0,
      "confusion_3x3": "[[3391, 247, 2], [1311, 2946, 169], [0, 0, 0]]"
    },
    {
      "variant_id": "nl_n7187_gm_trim_bad_boundaryblocks_badoutlier_detail_pus_e71b4ab0102f",
      "prediction_mode": "simple_pc1_gm_gate_t226",
      "bucket": "original_test_bad_core_near_boundary",
      "n": 119,
      "acc": 1.0,
      "macro_f1": 0.3333333333333333,
      "good_recall": 0.0,
      "medium_recall": 0.0,
      "bad_recall": 1.0,
      "good_precision": 0.0,
      "medium_precision": 0.0,
      "bad_precision": 1.0,
      "good_f1": 0.0,
      "medium_f1": 0.0,
      "bad_f1": 1.0,
      "support_good": 0,
      "support_medium": 0,
      "support_bad": 119,
      "confusion_3x3": "[[0, 0, 0], [0, 0, 0], [0, 0, 119]]"
    },
    {
      "variant_id": "nl_n7187_gm_trim_bad_boundaryblocks_badoutlier_detail_pus_e71b4ab0102f",
      "prediction_mode": "simple_pc1_gm_gate_t226",
      "bucket": "original_test_bad_outlier_stress",
      "n": 292,
      "acc": 0.0273972602739726,
      "macro_f1": 0.017777777777777778,
      "good_recall": 0.0,
      "medium_recall": 0.0,
      "bad_recall": 0.0273972602739726,
      "good_precision": 0.0,
      "medium_precision": 0.0,
      "bad_precision": 1.0,
      "good_f1": 0.0,
      "medium_f1": 0.0,
      "bad_f1": 0.05333333333333334,
      "support_good": 0,
      "support_medium": 0,
      "support_bad": 292,
      "confusion_3x3": "[[0, 0, 0], [0, 0, 0], [225, 59, 8]]"
    },
    {
      "variant_id": "nl_n7187_gm_trim_bad_boundaryblocks_badoutlier_detail_pus_e71b4ab0102f",
      "prediction_mode": "simple_pc1_gm_gate_t226",
      "bucket": "original_test_drop_bad_outlier_reference",
      "n": 8185,
      "acc": 0.7887599266951741,
      "macro_f1": 0.7227438031702805,
      "good_recall": 0.9315934065934066,
      "medium_recall": 0.6656122910076819,
      "bad_recall": 1.0,
      "good_precision": 0.7211824755423224,
      "medium_precision": 0.9226432821797682,
      "bad_precision": 0.4103448275862069,
      "good_f1": 0.8129944857348358,
      "medium_f1": 0.7733298333114582,
      "bad_f1": 0.5819070904645477,
      "support_good": 3640,
      "support_medium": 4426,
      "support_bad": 119,
      "confusion_3x3": "[[3391, 247, 2], [1311, 2946, 169], [0, 0, 119]]"
    },
    {
      "variant_id": "nl_n7187_gm_trim_bad_boundaryblocks_badoutlier_detail_pus_e71b4ab0102f",
      "prediction_mode": "simple_pc1_gm_gate_t226",
      "bucket": "original_test_good_medium_overlap",
      "n": 7492,
      "acc": 0.7698878804057662,
      "macro_f1": 0.5161515300034535,
      "good_recall": 0.9308717379233759,
      "medium_recall": 0.6208226221079691,
      "bad_recall": 0.0,
      "good_precision": 0.7189108061749572,
      "medium_precision": 0.9072126220886552,
      "bad_precision": 0.0,
      "good_f1": 0.8112751028308735,
      "medium_f1": 0.7371794871794872,
      "bad_f1": 0.0,
      "support_good": 3602,
      "support_medium": 3890,
      "support_bad": 0,
      "confusion_3x3": "[[3353, 247, 2], [1311, 2415, 164], [0, 0, 0]]"
    },
    {
      "variant_id": "nl_n7187_gm_trim_bad_boundaryblocks_badoutlier_detail_pus_e71b4ab0102f",
      "prediction_mode": "simple_pc1_gm_gate_t226",
      "bucket": "original_all_bad_core_near_boundary",
      "n": 4084,
      "acc": 0.9997551420176298,
      "macro_f1": 0.3332925186727072,
      "good_recall": 0.0,
      "medium_recall": 0.0,
      "bad_recall": 0.9997551420176298,
      "good_precision": 0.0,
      "medium_precision": 0.0,
      "bad_precision": 1.0,
      "good_f1": 0.0,
      "medium_f1": 0.0,
      "bad_f1": 0.9998775560181217,
      "support_good": 0,
      "support_medium": 0,
      "support_bad": 4084,
      "confusion_3x3": "[[0, 0, 0], [0, 0, 0], [0, 1, 4083]]"
    },
    {
      "variant_id": "nl_n7187_gm_trim_bad_boundaryblocks_badoutlier_detail_pus_e71b4ab0102f",
      "prediction_mode": "simple_pc1_gm_gate_t226",
      "bucket": "original_all_bad_outlier_stress",
      "n": 1201,
      "acc": 0.7102414654454621,
      "macro_f1": 0.2768581629341123,
      "good_recall": 0.0,
      "medium_recall": 0.0,
      "bad_recall": 0.7102414654454621,
      "good_precision": 0.0,
      "medium_precision": 0.0,
      "bad_precision": 1.0,
      "good_f1": 0.0,
      "medium_f1": 0.0,
      "bad_f1": 0.8305744888023369,
      "support_good": 0,
      "support_medium": 0,
      "support_bad": 1201,
      "confusion_3x3": "[[0, 0, 0], [0, 0, 0], [228, 120, 853]]"
    }
  ],
  "selection_note": "Original BUT is report-only; Clean/SemiClean/node diagnostic remains the selection source."
}