{
  "created_at": "2026-06-13T09:16:57",
  "variant_id": "nl_n7188_gm_trim_bad_boundaryblocks_badoutlier_visqrsnarr_a364001dc6cf",
  "prediction_mode": "raw",
  "metrics": [
    {
      "variant_id": "nl_n7188_gm_trim_bad_boundaryblocks_badoutlier_visqrsnarr_a364001dc6cf",
      "prediction_mode": "raw",
      "bucket": "original_all_10s+",
      "n": 32956,
      "acc": 0.7925719140672411,
      "macro_f1": 0.8233551661215565,
      "good_recall": 0.6785190400751041,
      "medium_recall": 0.9044975536319156,
      "bad_recall": 0.9352885525070955,
      "good_precision": 0.9312288613303269,
      "medium_precision": 0.6256019783938566,
      "bad_precision": 0.955723124516628,
      "good_f1": 0.7850378466447168,
      "medium_f1": 0.7396322228206509,
      "bad_f1": 0.945395428899302,
      "support_good": 17043,
      "support_medium": 10628,
      "support_bad": 5285,
      "confusion_3x3": "[[11564, 5454, 25], [811, 9613, 204], [43, 299, 4943]]"
    },
    {
      "variant_id": "nl_n7188_gm_trim_bad_boundaryblocks_badoutlier_visqrsnarr_a364001dc6cf",
      "prediction_mode": "raw",
      "bucket": "original_test_all_10s+",
      "n": 8477,
      "acc": 0.7966261649168338,
      "macro_f1": 0.6664873467163285,
      "good_recall": 0.7532967032967033,
      "medium_recall": 0.8764121102575689,
      "bad_recall": 0.32116788321167883,
      "good_precision": 0.8649842271293375,
      "medium_precision": 0.7745607028753994,
      "bad_precision": 0.4414715719063545,
      "good_f1": 0.8052863436123348,
      "medium_f1": 0.8223447106211575,
      "bad_f1": 0.37183098591549296,
      "support_good": 3640,
      "support_medium": 4426,
      "support_bad": 411,
      "confusion_3x3": "[[2742, 892, 6], [386, 3879, 161], [42, 237, 132]]"
    },
    {
      "variant_id": "nl_n7188_gm_trim_bad_boundaryblocks_badoutlier_visqrsnarr_a364001dc6cf",
      "prediction_mode": "raw",
      "bucket": "original_test_good_medium_only",
      "n": 8066,
      "acc": 0.8208529630547979,
      "macro_f1": 0.5512732078581489,
      "good_recall": 0.7532967032967033,
      "medium_recall": 0.8764121102575689,
      "bad_recall": 0.0,
      "good_precision": 0.8765984654731458,
      "medium_precision": 0.8130370991406414,
      "bad_precision": 0.0,
      "good_f1": 0.8102836879432624,
      "medium_f1": 0.8435359356311841,
      "bad_f1": 0.0,
      "support_good": 3640,
      "support_medium": 4426,
      "support_bad": 0,
      "confusion_3x3": "[[2742, 892, 6], [386, 3879, 161], [0, 0, 0]]"
    },
    {
      "variant_id": "nl_n7188_gm_trim_bad_boundaryblocks_badoutlier_visqrsnarr_a364001dc6cf",
      "prediction_mode": "raw",
      "bucket": "original_test_bad_core_near_boundary",
      "n": 119,
      "acc": 1.0,
      "macro_f1": 0.3333333333333333,
      "good_recall": 0.0,
      "medium_recall": 0.0,
      "bad_recall": 1.0,
      "good_precision": 0.0,
      "medium_precision": 0.0,
      "bad_precision": 1.0,
      "good_f1": 0.0,
      "medium_f1": 0.0,
      "bad_f1": 1.0,
      "support_good": 0,
      "support_medium": 0,
      "support_bad": 119,
      "confusion_3x3": "[[0, 0, 0], [0, 0, 0], [0, 0, 119]]"
    },
    {
      "variant_id": "nl_n7188_gm_trim_bad_boundaryblocks_badoutlier_visqrsnarr_a364001dc6cf",
      "prediction_mode": "raw",
      "bucket": "original_test_bad_outlier_stress",
      "n": 292,
      "acc": 0.04452054794520548,
      "macro_f1": 0.028415300546448086,
      "good_recall": 0.0,
      "medium_recall": 0.0,
      "bad_recall": 0.04452054794520548,
      "good_precision": 0.0,
      "medium_precision": 0.0,
      "bad_precision": 1.0,
      "good_f1": 0.0,
      "medium_f1": 0.0,
      "bad_f1": 0.08524590163934426,
      "support_good": 0,
      "support_medium": 0,
      "support_bad": 292,
      "confusion_3x3": "[[0, 0, 0], [0, 0, 0], [42, 237, 13]]"
    },
    {
      "variant_id": "nl_n7188_gm_trim_bad_boundaryblocks_badoutlier_visqrsnarr_a364001dc6cf",
      "prediction_mode": "raw",
      "bucket": "original_test_drop_bad_outlier_reference",
      "n": 8185,
      "acc": 0.8234575442883323,
      "macro_f1": 0.7471579815207003,
      "good_recall": 0.7532967032967033,
      "medium_recall": 0.8764121102575689,
      "bad_recall": 1.0,
      "good_precision": 0.8765984654731458,
      "medium_precision": 0.8130370991406414,
      "bad_precision": 0.4160839160839161,
      "good_f1": 0.8102836879432624,
      "medium_f1": 0.8435359356311841,
      "bad_f1": 0.5876543209876544,
      "support_good": 3640,
      "support_medium": 4426,
      "support_bad": 119,
      "confusion_3x3": "[[2742, 892, 6], [386, 3879, 161], [0, 0, 119]]"
    },
    {
      "variant_id": "nl_n7188_gm_trim_bad_boundaryblocks_badoutlier_visqrsnarr_a364001dc6cf",
      "prediction_mode": "raw",
      "bucket": "original_test_good_medium_overlap",
      "n": 7492,
      "acc": 0.8092632140950347,
      "macro_f1": 0.5445254837402098,
      "good_recall": 0.750694058856191,
      "medium_recall": 0.8634961439588689,
      "bad_recall": 0.0,
      "good_precision": 0.8756476683937824,
      "medium_precision": 0.7901670195248177,
      "bad_precision": 0.0,
      "good_f1": 0.8083707025411061,
      "medium_f1": 0.8252057486795235,
      "bad_f1": 0.0,
      "support_good": 3602,
      "support_medium": 3890,
      "support_bad": 0,
      "confusion_3x3": "[[2704, 892, 6], [384, 3359, 147], [0, 0, 0]]"
    },
    {
      "variant_id": "nl_n7188_gm_trim_bad_boundaryblocks_badoutlier_visqrsnarr_a364001dc6cf",
      "prediction_mode": "raw",
      "bucket": "original_all_bad_core_near_boundary",
      "n": 4084,
      "acc": 0.9997551420176298,
      "macro_f1": 0.3332925186727072,
      "good_recall": 0.0,
      "medium_recall": 0.0,
      "bad_recall": 0.9997551420176298,
      "good_precision": 0.0,
      "medium_precision": 0.0,
      "bad_precision": 1.0,
      "good_f1": 0.0,
      "medium_f1": 0.0,
      "bad_f1": 0.9998775560181217,
      "support_good": 0,
      "support_medium": 0,
      "support_bad": 4084,
      "confusion_3x3": "[[0, 0, 0], [0, 0, 0], [0, 1, 4083]]"
    },
    {
      "variant_id": "nl_n7188_gm_trim_bad_boundaryblocks_badoutlier_visqrsnarr_a364001dc6cf",
      "prediction_mode": "raw",
      "bucket": "original_all_bad_outlier_stress",
      "n": 1201,
      "acc": 0.7160699417152373,
      "macro_f1": 0.2781821122432476,
      "good_recall": 0.0,
      "medium_recall": 0.0,
      "bad_recall": 0.7160699417152373,
      "good_precision": 0.0,
      "medium_precision": 0.0,
      "bad_precision": 1.0,
      "good_f1": 0.0,
      "medium_f1": 0.0,
      "bad_f1": 0.8345463367297429,
      "support_good": 0,
      "support_medium": 0,
      "support_bad": 1201,
      "confusion_3x3": "[[0, 0, 0], [0, 0, 0], [43, 298, 860]]"
    }
  ],
  "selection_note": "Original BUT is report-only; Clean/SemiClean/node diagnostic remains the selection source."
}