{
  "created_at": "2026-06-13T04:38:29",
  "variant_id": "nl_n7180_gm_trim_bad_boundaryblocks_visualgate_mediumprot_e430e1072ca7",
  "prediction_mode": "simple_pc1_gm_gate_t226",
  "metrics": [
    {
      "variant_id": "nl_n7180_gm_trim_bad_boundaryblocks_visualgate_mediumprot_e430e1072ca7",
      "prediction_mode": "simple_pc1_gm_gate_t226",
      "bucket": "original_all_10s+",
      "n": 32956,
      "acc": 0.8320487923291662,
      "macro_f1": 0.8532464995585382,
      "good_recall": 0.8153494103150853,
      "medium_recall": 0.819909672563041,
      "bad_recall": 0.9103122043519395,
      "good_precision": 0.8660641944531007,
      "medium_precision": 0.7202248119679312,
      "bad_precision": 0.9997921862011637,
      "good_f1": 0.8399419729206963,
      "medium_f1": 0.7668412020944251,
      "bad_f1": 0.9529563236604932,
      "support_good": 17043,
      "support_medium": 10628,
      "support_bad": 5285,
      "confusion_3x3": "[[13896, 3147, 0], [1913, 8714, 1], [236, 238, 4811]]"
    },
    {
      "variant_id": "nl_n7180_gm_trim_bad_boundaryblocks_visualgate_mediumprot_e430e1072ca7",
      "prediction_mode": "simple_pc1_gm_gate_t226",
      "bucket": "original_test_all_10s+",
      "n": 8477,
      "acc": 0.7513271204435531,
      "macro_f1": 0.5253314213306957,
      "good_recall": 0.9321428571428572,
      "medium_recall": 0.6705829191143244,
      "bad_recall": 0.019464720194647202,
      "good_precision": 0.6673878835562549,
      "medium_precision": 0.8768094534711964,
      "bad_precision": 1.0,
      "good_f1": 0.7778541953232462,
      "medium_f1": 0.759953911150941,
      "bad_f1": 0.03818615751789976,
      "support_good": 3640,
      "support_medium": 4426,
      "support_bad": 411,
      "confusion_3x3": "[[3393, 247, 0], [1458, 2968, 0], [233, 170, 8]]"
    },
    {
      "variant_id": "nl_n7180_gm_trim_bad_boundaryblocks_visualgate_mediumprot_e430e1072ca7",
      "prediction_mode": "simple_pc1_gm_gate_t226",
      "bucket": "original_test_good_medium_only",
      "n": 8066,
      "acc": 0.7886188941234813,
      "macro_f1": 0.5253536064547905,
      "good_recall": 0.9321428571428572,
      "medium_recall": 0.6705829191143244,
      "bad_recall": 0.0,
      "good_precision": 0.699443413729128,
      "medium_precision": 0.9231726283048212,
      "bad_precision": 0.0,
      "good_f1": 0.79919915204334,
      "medium_f1": 0.7768616673210312,
      "bad_f1": 0.0,
      "support_good": 3640,
      "support_medium": 4426,
      "support_bad": 0,
      "confusion_3x3": "[[3393, 247, 0], [1458, 2968, 0], [0, 0, 0]]"
    },
    {
      "variant_id": "nl_n7180_gm_trim_bad_boundaryblocks_visualgate_mediumprot_e430e1072ca7",
      "prediction_mode": "simple_pc1_gm_gate_t226",
      "bucket": "original_test_bad_core_near_boundary",
      "n": 119,
      "acc": 0.06722689075630252,
      "macro_f1": 0.04199475065616798,
      "good_recall": 0.0,
      "medium_recall": 0.0,
      "bad_recall": 0.06722689075630252,
      "good_precision": 0.0,
      "medium_precision": 0.0,
      "bad_precision": 1.0,
      "good_f1": 0.0,
      "medium_f1": 0.0,
      "bad_f1": 0.12598425196850394,
      "support_good": 0,
      "support_medium": 0,
      "support_bad": 119,
      "confusion_3x3": "[[0, 0, 0], [0, 0, 0], [0, 111, 8]]"
    },
    {
      "variant_id": "nl_n7180_gm_trim_bad_boundaryblocks_visualgate_mediumprot_e430e1072ca7",
      "prediction_mode": "simple_pc1_gm_gate_t226",
      "bucket": "original_test_bad_outlier_stress",
      "n": 292,
      "acc": 0.0,
      "macro_f1": 0.0,
      "good_recall": 0.0,
      "medium_recall": 0.0,
      "bad_recall": 0.0,
      "good_precision": 0.0,
      "medium_precision": 0.0,
      "bad_precision": 0.0,
      "good_f1": 0.0,
      "medium_f1": 0.0,
      "bad_f1": 0.0,
      "support_good": 0,
      "support_medium": 0,
      "support_bad": 292,
      "confusion_3x3": "[[0, 0, 0], [0, 0, 0], [233, 59, 0]]"
    },
    {
      "variant_id": "nl_n7180_gm_trim_bad_boundaryblocks_visualgate_mediumprot_e430e1072ca7",
      "prediction_mode": "simple_pc1_gm_gate_t226",
      "bucket": "original_test_drop_bad_outlier_reference",
      "n": 8185,
      "acc": 0.7781307269395236,
      "macro_f1": 0.5636404260362837,
      "good_recall": 0.9321428571428572,
      "medium_recall": 0.6705829191143244,
      "bad_recall": 0.06722689075630252,
      "good_precision": 0.699443413729128,
      "medium_precision": 0.8923631990378833,
      "bad_precision": 1.0,
      "good_f1": 0.79919915204334,
      "medium_f1": 0.7657378740970072,
      "bad_f1": 0.12598425196850394,
      "support_good": 3640,
      "support_medium": 4426,
      "support_bad": 119,
      "confusion_3x3": "[[3393, 247, 0], [1458, 2968, 0], [0, 111, 8]]"
    },
    {
      "variant_id": "nl_n7180_gm_trim_bad_boundaryblocks_visualgate_mediumprot_e430e1072ca7",
      "prediction_mode": "simple_pc1_gm_gate_t226",
      "bucket": "original_test_good_medium_overlap",
      "n": 7492,
      "acc": 0.7724239188467699,
      "macro_f1": 0.512611059206924,
      "good_recall": 0.9314269850083287,
      "medium_recall": 0.6251928020565553,
      "bad_recall": 0.0,
      "good_precision": 0.6970704342405983,
      "medium_precision": 0.9078014184397163,
      "bad_precision": 0.0,
      "good_f1": 0.7973856209150327,
      "medium_f1": 0.740447556705739,
      "bad_f1": 0.0,
      "support_good": 3602,
      "support_medium": 3890,
      "support_bad": 0,
      "confusion_3x3": "[[3355, 247, 0], [1458, 2432, 0], [0, 0, 0]]"
    },
    {
      "variant_id": "nl_n7180_gm_trim_bad_boundaryblocks_visualgate_mediumprot_e430e1072ca7",
      "prediction_mode": "simple_pc1_gm_gate_t226",
      "bucket": "original_all_bad_core_near_boundary",
      "n": 4084,
      "acc": 0.9725759059745348,
      "macro_f1": 0.3286991062562065,
      "good_recall": 0.0,
      "medium_recall": 0.0,
      "bad_recall": 0.9725759059745348,
      "good_precision": 0.0,
      "medium_precision": 0.0,
      "bad_precision": 1.0,
      "good_f1": 0.0,
      "medium_f1": 0.0,
      "bad_f1": 0.9860973187686196,
      "support_good": 0,
      "support_medium": 0,
      "support_bad": 4084,
      "confusion_3x3": "[[0, 0, 0], [0, 0, 0], [0, 112, 3972]]"
    },
    {
      "variant_id": "nl_n7180_gm_trim_bad_boundaryblocks_visualgate_mediumprot_e430e1072ca7",
      "prediction_mode": "simple_pc1_gm_gate_t226",
      "bucket": "original_all_bad_outlier_stress",
      "n": 1201,
      "acc": 0.6985845129059117,
      "macro_f1": 0.2741830065359477,
      "good_recall": 0.0,
      "medium_recall": 0.0,
      "bad_recall": 0.6985845129059117,
      "good_precision": 0.0,
      "medium_precision": 0.0,
      "bad_precision": 1.0,
      "good_f1": 0.0,
      "medium_f1": 0.0,
      "bad_f1": 0.8225490196078431,
      "support_good": 0,
      "support_medium": 0,
      "support_bad": 1201,
      "confusion_3x3": "[[0, 0, 0], [0, 0, 0], [236, 126, 839]]"
    }
  ],
  "selection_note": "Original BUT is report-only; Clean/SemiClean/node diagnostic remains the selection source."
}