{
  "created_at": "2026-06-13T04:38:36",
  "variant_id": "nl_n7180_gm_trim_bad_boundaryblocks_origbridge_badstressp_f9488c4af248",
  "prediction_mode": "raw",
  "metrics": [
    {
      "variant_id": "nl_n7180_gm_trim_bad_boundaryblocks_origbridge_badstressp_f9488c4af248",
      "prediction_mode": "raw",
      "bucket": "original_all_10s+",
      "n": 32956,
      "acc": 0.8262531860662702,
      "macro_f1": 0.847640032586392,
      "good_recall": 0.8174617144868861,
      "medium_recall": 0.7988332706059466,
      "bad_recall": 0.9097445600756859,
      "good_precision": 0.860903417166162,
      "medium_precision": 0.7095695779356457,
      "bad_precision": 1.0,
      "good_f1": 0.8386203575513153,
      "medium_f1": 0.7515602177665649,
      "bad_f1": 0.9527395224412959,
      "support_good": 17043,
      "support_medium": 10628,
      "support_bad": 5285,
      "confusion_3x3": "[[13932, 3111, 0], [2138, 8490, 0], [113, 364, 4808]]"
    },
    {
      "variant_id": "nl_n7180_gm_trim_bad_boundaryblocks_origbridge_badstressp_f9488c4af248",
      "prediction_mode": "raw",
      "bucket": "original_test_all_10s+",
      "n": 8477,
      "acc": 0.7658369706264009,
      "macro_f1": 0.5310659592867298,
      "good_recall": 0.8936813186813187,
      "medium_recall": 0.7306823316764574,
      "bad_recall": 0.012165450121654502,
      "good_precision": 0.7141602634467618,
      "medium_precision": 0.8256318611182027,
      "bad_precision": 1.0,
      "good_f1": 0.7938987187309335,
      "medium_f1": 0.7752606975907946,
      "bad_f1": 0.02403846153846154,
      "support_good": 3640,
      "support_medium": 4426,
      "support_bad": 411,
      "confusion_3x3": "[[3253, 387, 0], [1192, 3234, 0], [110, 296, 5]]"
    },
    {
      "variant_id": "nl_n7180_gm_trim_bad_boundaryblocks_origbridge_badstressp_f9488c4af248",
      "prediction_mode": "raw",
      "bucket": "original_test_good_medium_only",
      "n": 8066,
      "acc": 0.8042400198363501,
      "macro_f1": 0.5361592890787444,
      "good_recall": 0.8936813186813187,
      "medium_recall": 0.7306823316764574,
      "bad_recall": 0.0,
      "good_precision": 0.7318335208098987,
      "medium_precision": 0.8931234465617233,
      "bad_precision": 0.0,
      "good_f1": 0.804700061842919,
      "medium_f1": 0.8037778053933142,
      "bad_f1": 0.0,
      "support_good": 3640,
      "support_medium": 4426,
      "support_bad": 0,
      "confusion_3x3": "[[3253, 387, 0], [1192, 3234, 0], [0, 0, 0]]"
    },
    {
      "variant_id": "nl_n7180_gm_trim_bad_boundaryblocks_origbridge_badstressp_f9488c4af248",
      "prediction_mode": "raw",
      "bucket": "original_test_bad_core_near_boundary",
      "n": 119,
      "acc": 0.04201680672268908,
      "macro_f1": 0.026881720430107527,
      "good_recall": 0.0,
      "medium_recall": 0.0,
      "bad_recall": 0.04201680672268908,
      "good_precision": 0.0,
      "medium_precision": 0.0,
      "bad_precision": 1.0,
      "good_f1": 0.0,
      "medium_f1": 0.0,
      "bad_f1": 0.08064516129032258,
      "support_good": 0,
      "support_medium": 0,
      "support_bad": 119,
      "confusion_3x3": "[[0, 0, 0], [0, 0, 0], [0, 114, 5]]"
    },
    {
      "variant_id": "nl_n7180_gm_trim_bad_boundaryblocks_origbridge_badstressp_f9488c4af248",
      "prediction_mode": "raw",
      "bucket": "original_test_bad_outlier_stress",
      "n": 292,
      "acc": 0.0,
      "macro_f1": 0.0,
      "good_recall": 0.0,
      "medium_recall": 0.0,
      "bad_recall": 0.0,
      "good_precision": 0.0,
      "medium_precision": 0.0,
      "bad_precision": 0.0,
      "good_f1": 0.0,
      "medium_f1": 0.0,
      "bad_f1": 0.0,
      "support_good": 0,
      "support_medium": 0,
      "support_bad": 292,
      "confusion_3x3": "[[0, 0, 0], [0, 0, 0], [110, 182, 0]]"
    },
    {
      "variant_id": "nl_n7180_gm_trim_bad_boundaryblocks_origbridge_badstressp_f9488c4af248",
      "prediction_mode": "raw",
      "bucket": "original_test_drop_bad_outlier_reference",
      "n": 8185,
      "acc": 0.7931582162492364,
      "macro_f1": 0.5592983852465133,
      "good_recall": 0.8936813186813187,
      "medium_recall": 0.7306823316764574,
      "bad_recall": 0.04201680672268908,
      "good_precision": 0.7318335208098987,
      "medium_precision": 0.8658634538152611,
      "bad_precision": 1.0,
      "good_f1": 0.804700061842919,
      "medium_f1": 0.7925499326062982,
      "bad_f1": 0.08064516129032258,
      "support_good": 3640,
      "support_medium": 4426,
      "support_bad": 119,
      "confusion_3x3": "[[3253, 387, 0], [1192, 3234, 0], [0, 114, 5]]"
    },
    {
      "variant_id": "nl_n7180_gm_trim_bad_boundaryblocks_origbridge_badstressp_f9488c4af248",
      "prediction_mode": "raw",
      "bucket": "original_test_good_medium_overlap",
      "n": 7492,
      "acc": 0.7905766150560598,
      "macro_f1": 0.5264087622024096,
      "good_recall": 0.8925596890616324,
      "medium_recall": 0.6961439588688946,
      "bad_recall": 0.0,
      "good_precision": 0.7311803502387991,
      "medium_precision": 0.8749596122778676,
      "bad_precision": 0.0,
      "good_f1": 0.8038504813101638,
      "medium_f1": 0.7753758052970652,
      "bad_f1": 0.0,
      "support_good": 3602,
      "support_medium": 3890,
      "support_bad": 0,
      "confusion_3x3": "[[3215, 387, 0], [1182, 2708, 0], [0, 0, 0]]"
    },
    {
      "variant_id": "nl_n7180_gm_trim_bad_boundaryblocks_origbridge_badstressp_f9488c4af248",
      "prediction_mode": "raw",
      "bucket": "original_all_bad_core_near_boundary",
      "n": 4084,
      "acc": 0.9718413320274241,
      "macro_f1": 0.3285732025332174,
      "good_recall": 0.0,
      "medium_recall": 0.0,
      "bad_recall": 0.9718413320274241,
      "good_precision": 0.0,
      "medium_precision": 0.0,
      "bad_precision": 1.0,
      "good_f1": 0.0,
      "medium_f1": 0.0,
      "bad_f1": 0.9857196075996523,
      "support_good": 0,
      "support_medium": 0,
      "support_bad": 4084,
      "confusion_3x3": "[[0, 0, 0], [0, 0, 0], [0, 115, 3969]]"
    },
    {
      "variant_id": "nl_n7180_gm_trim_bad_boundaryblocks_origbridge_badstressp_f9488c4af248",
      "prediction_mode": "raw",
      "bucket": "original_all_bad_outlier_stress",
      "n": 1201,
      "acc": 0.6985845129059117,
      "macro_f1": 0.2741830065359477,
      "good_recall": 0.0,
      "medium_recall": 0.0,
      "bad_recall": 0.6985845129059117,
      "good_precision": 0.0,
      "medium_precision": 0.0,
      "bad_precision": 1.0,
      "good_f1": 0.0,
      "medium_f1": 0.0,
      "bad_f1": 0.8225490196078431,
      "support_good": 0,
      "support_medium": 0,
      "support_bad": 1201,
      "confusion_3x3": "[[0, 0, 0], [0, 0, 0], [113, 249, 839]]"
    }
  ],
  "selection_note": "Original BUT is report-only; Clean/SemiClean/node diagnostic remains the selection source."
}