{
  "created_at": "2026-06-13T08:31:36",
  "variant_id": "nl_n7187_gm_trim_bad_boundaryblocks_badoutlier_detail_pus_e71b4ab0102f",
  "prediction_mode": "simple_pc1_gm_gate_t254",
  "metrics": [
    {
      "variant_id": "nl_n7187_gm_trim_bad_boundaryblocks_badoutlier_detail_pus_e71b4ab0102f",
      "prediction_mode": "simple_pc1_gm_gate_t254",
      "bucket": "original_all_10s+",
      "n": 32956,
      "acc": 0.8213375409637091,
      "macro_f1": 0.8445526808369749,
      "good_recall": 0.7745702047761545,
      "medium_recall": 0.8403274369589763,
      "bad_recall": 0.9339640491958373,
      "good_precision": 0.8840152681979508,
      "medium_precision": 0.6920573421154591,
      "bad_precision": 0.9644392340758109,
      "good_f1": 0.8256817613209907,
      "medium_f1": 0.7590192495644414,
      "bad_f1": 0.9489570316254926,
      "support_good": 17043,
      "support_medium": 10628,
      "support_bad": 5285,
      "confusion_3x3": "[[13201, 3839, 3], [1518, 8931, 179], [214, 135, 4936]]"
    },
    {
      "variant_id": "nl_n7187_gm_trim_bad_boundaryblocks_badoutlier_detail_pus_e71b4ab0102f",
      "prediction_mode": "simple_pc1_gm_gate_t254",
      "bucket": "original_test_all_10s+",
      "n": 8477,
      "acc": 0.7733868113719476,
      "macro_f1": 0.6469275048116506,
      "good_recall": 0.9184065934065934,
      "medium_recall": 0.6972435607772255,
      "bad_recall": 0.30900243309002434,
      "good_precision": 0.7075132275132275,
      "medium_precision": 0.8934568616097278,
      "bad_precision": 0.4261744966442953,
      "good_f1": 0.7992827256425583,
      "medium_f1": 0.783248730964467,
      "bad_f1": 0.35825105782792666,
      "support_good": 3640,
      "support_medium": 4426,
      "support_bad": 411,
      "confusion_3x3": "[[3343, 295, 2], [1171, 3086, 169], [211, 73, 127]]"
    },
    {
      "variant_id": "nl_n7187_gm_trim_bad_boundaryblocks_badoutlier_detail_pus_e71b4ab0102f",
      "prediction_mode": "simple_pc1_gm_gate_t254",
      "bucket": "original_test_good_medium_only",
      "n": 8066,
      "acc": 0.7970493429209026,
      "macro_f1": 0.536846074703225,
      "good_recall": 0.9184065934065934,
      "medium_recall": 0.6972435607772255,
      "bad_recall": 0.0,
      "good_precision": 0.7405848471422242,
      "medium_precision": 0.9127477077787637,
      "bad_precision": 0.0,
      "good_f1": 0.8199656610252637,
      "medium_f1": 0.7905725630844114,
      "bad_f1": 0.0,
      "support_good": 3640,
      "support_medium": 4426,
      "support_bad": 0,
      "confusion_3x3": "[[3343, 295, 2], [1171, 3086, 169], [0, 0, 0]]"
    },
    {
      "variant_id": "nl_n7187_gm_trim_bad_boundaryblocks_badoutlier_detail_pus_e71b4ab0102f",
      "prediction_mode": "simple_pc1_gm_gate_t254",
      "bucket": "original_test_bad_core_near_boundary",
      "n": 119,
      "acc": 1.0,
      "macro_f1": 0.3333333333333333,
      "good_recall": 0.0,
      "medium_recall": 0.0,
      "bad_recall": 1.0,
      "good_precision": 0.0,
      "medium_precision": 0.0,
      "bad_precision": 1.0,
      "good_f1": 0.0,
      "medium_f1": 0.0,
      "bad_f1": 1.0,
      "support_good": 0,
      "support_medium": 0,
      "support_bad": 119,
      "confusion_3x3": "[[0, 0, 0], [0, 0, 0], [0, 0, 119]]"
    },
    {
      "variant_id": "nl_n7187_gm_trim_bad_boundaryblocks_badoutlier_detail_pus_e71b4ab0102f",
      "prediction_mode": "simple_pc1_gm_gate_t254",
      "bucket": "original_test_bad_outlier_stress",
      "n": 292,
      "acc": 0.0273972602739726,
      "macro_f1": 0.017777777777777778,
      "good_recall": 0.0,
      "medium_recall": 0.0,
      "bad_recall": 0.0273972602739726,
      "good_precision": 0.0,
      "medium_precision": 0.0,
      "bad_precision": 1.0,
      "good_f1": 0.0,
      "medium_f1": 0.0,
      "bad_f1": 0.05333333333333334,
      "support_good": 0,
      "support_medium": 0,
      "support_bad": 292,
      "confusion_3x3": "[[0, 0, 0], [0, 0, 0], [211, 73, 8]]"
    },
    {
      "variant_id": "nl_n7187_gm_trim_bad_boundaryblocks_badoutlier_detail_pus_e71b4ab0102f",
      "prediction_mode": "simple_pc1_gm_gate_t254",
      "bucket": "original_test_drop_bad_outlier_reference",
      "n": 8185,
      "acc": 0.8,
      "macro_f1": 0.7308151048580743,
      "good_recall": 0.9184065934065934,
      "medium_recall": 0.6972435607772255,
      "bad_recall": 1.0,
      "good_precision": 0.7405848471422242,
      "medium_precision": 0.9127477077787637,
      "bad_precision": 0.4103448275862069,
      "good_f1": 0.8199656610252637,
      "medium_f1": 0.7905725630844114,
      "bad_f1": 0.5819070904645477,
      "support_good": 3640,
      "support_medium": 4426,
      "support_bad": 119,
      "confusion_3x3": "[[3343, 295, 2], [1171, 3086, 169], [0, 0, 119]]"
    },
    {
      "variant_id": "nl_n7187_gm_trim_bad_boundaryblocks_badoutlier_detail_pus_e71b4ab0102f",
      "prediction_mode": "simple_pc1_gm_gate_t254",
      "bucket": "original_test_good_medium_overlap",
      "n": 7492,
      "acc": 0.7821676454885211,
      "macro_f1": 0.5254773622854714,
      "good_recall": 0.9175458078845086,
      "medium_recall": 0.6568123393316195,
      "bad_recall": 0.0,
      "good_precision": 0.7383824843610366,
      "medium_precision": 0.8964912280701754,
      "bad_precision": 0.0,
      "good_f1": 0.81827184946769,
      "medium_f1": 0.7581602373887241,
      "bad_f1": 0.0,
      "support_good": 3602,
      "support_medium": 3890,
      "support_bad": 0,
      "confusion_3x3": "[[3305, 295, 2], [1171, 2555, 164], [0, 0, 0]]"
    },
    {
      "variant_id": "nl_n7187_gm_trim_bad_boundaryblocks_badoutlier_detail_pus_e71b4ab0102f",
      "prediction_mode": "simple_pc1_gm_gate_t254",
      "bucket": "original_all_bad_core_near_boundary",
      "n": 4084,
      "acc": 0.9997551420176298,
      "macro_f1": 0.3332925186727072,
      "good_recall": 0.0,
      "medium_recall": 0.0,
      "bad_recall": 0.9997551420176298,
      "good_precision": 0.0,
      "medium_precision": 0.0,
      "bad_precision": 1.0,
      "good_f1": 0.0,
      "medium_f1": 0.0,
      "bad_f1": 0.9998775560181217,
      "support_good": 0,
      "support_medium": 0,
      "support_bad": 4084,
      "confusion_3x3": "[[0, 0, 0], [0, 0, 0], [0, 1, 4083]]"
    },
    {
      "variant_id": "nl_n7187_gm_trim_bad_boundaryblocks_badoutlier_detail_pus_e71b4ab0102f",
      "prediction_mode": "simple_pc1_gm_gate_t254",
      "bucket": "original_all_bad_outlier_stress",
      "n": 1201,
      "acc": 0.7102414654454621,
      "macro_f1": 0.2768581629341123,
      "good_recall": 0.0,
      "medium_recall": 0.0,
      "bad_recall": 0.7102414654454621,
      "good_precision": 0.0,
      "medium_precision": 0.0,
      "bad_precision": 1.0,
      "good_f1": 0.0,
      "medium_f1": 0.0,
      "bad_f1": 0.8305744888023369,
      "support_good": 0,
      "support_medium": 0,
      "support_bad": 1201,
      "confusion_3x3": "[[0, 0, 0], [0, 0, 0], [214, 134, 853]]"
    }
  ],
  "selection_note": "Original BUT is report-only; Clean/SemiClean/node diagnostic remains the selection source."
}