{
  "created_at": "2026-06-13T05:43:00",
  "variant_id": "nl_n7182_gm_trim_bad_boundaryblocks_badattackwide_outlier_b9dea2cfac81",
  "prediction_mode": "simple_pc1_gm_gate_t226",
  "metrics": [
    {
      "variant_id": "nl_n7182_gm_trim_bad_boundaryblocks_badattackwide_outlier_b9dea2cfac81",
      "prediction_mode": "simple_pc1_gm_gate_t226",
      "bucket": "original_all_10s+",
      "n": 32956,
      "acc": 0.8287110086175506,
      "macro_f1": 0.8375126928858633,
      "good_recall": 0.8111834770873673,
      "medium_recall": 0.8132292058712834,
      "bad_recall": 0.9163670766319773,
      "good_precision": 0.8966210519488942,
      "medium_precision": 0.7180360554955554,
      "bad_precision": 0.8805454545454545,
      "good_f1": 0.8517651407799889,
      "medium_f1": 0.7626737260092654,
      "bad_f1": 0.8980992118683356,
      "support_good": 17043,
      "support_medium": 10628,
      "support_bad": 5285,
      "confusion_3x3": "[[13825, 3147, 71], [1399, 8643, 586], [195, 247, 4843]]"
    },
    {
      "variant_id": "nl_n7182_gm_trim_bad_boundaryblocks_badattackwide_outlier_b9dea2cfac81",
      "prediction_mode": "simple_pc1_gm_gate_t226",
      "bucket": "original_test_all_10s+",
      "n": 8477,
      "acc": 0.746962368762534,
      "macro_f1": 0.5548451866016546,
      "good_recall": 0.9271978021978022,
      "medium_recall": 0.657930411206507,
      "bad_recall": 0.10948905109489052,
      "good_precision": 0.7442116868798236,
      "medium_precision": 0.8736873687368737,
      "bad_precision": 0.07389162561576355,
      "good_f1": 0.8256880733944955,
      "medium_f1": 0.7506121922928213,
      "bad_f1": 0.08823529411764706,
      "support_good": 3640,
      "support_medium": 4426,
      "support_bad": 411,
      "confusion_3x3": "[[3375, 247, 18], [968, 2912, 546], [192, 174, 45]]"
    },
    {
      "variant_id": "nl_n7182_gm_trim_bad_boundaryblocks_badattackwide_outlier_b9dea2cfac81",
      "prediction_mode": "simple_pc1_gm_gate_t226",
      "bucket": "original_test_good_medium_only",
      "n": 8066,
      "acc": 0.7794445821968757,
      "macro_f1": 0.5377926776007453,
      "good_recall": 0.9271978021978022,
      "medium_recall": 0.657930411206507,
      "bad_recall": 0.0,
      "good_precision": 0.7771125949804283,
      "medium_precision": 0.9218106995884774,
      "bad_precision": 0.0,
      "good_f1": 0.8455467869222097,
      "medium_f1": 0.7678312458800264,
      "bad_f1": 0.0,
      "support_good": 3640,
      "support_medium": 4426,
      "support_bad": 0,
      "confusion_3x3": "[[3375, 247, 18], [968, 2912, 546], [0, 0, 0]]"
    },
    {
      "variant_id": "nl_n7182_gm_trim_bad_boundaryblocks_badattackwide_outlier_b9dea2cfac81",
      "prediction_mode": "simple_pc1_gm_gate_t226",
      "bucket": "original_test_bad_core_near_boundary",
      "n": 119,
      "acc": 0.0,
      "macro_f1": 0.0,
      "good_recall": 0.0,
      "medium_recall": 0.0,
      "bad_recall": 0.0,
      "good_precision": 0.0,
      "medium_precision": 0.0,
      "bad_precision": 0.0,
      "good_f1": 0.0,
      "medium_f1": 0.0,
      "bad_f1": 0.0,
      "support_good": 0,
      "support_medium": 0,
      "support_bad": 119,
      "confusion_3x3": "[[0, 0, 0], [0, 0, 0], [0, 119, 0]]"
    },
    {
      "variant_id": "nl_n7182_gm_trim_bad_boundaryblocks_badattackwide_outlier_b9dea2cfac81",
      "prediction_mode": "simple_pc1_gm_gate_t226",
      "bucket": "original_test_bad_outlier_stress",
      "n": 292,
      "acc": 0.1541095890410959,
      "macro_f1": 0.08902077151335312,
      "good_recall": 0.0,
      "medium_recall": 0.0,
      "bad_recall": 0.1541095890410959,
      "good_precision": 0.0,
      "medium_precision": 0.0,
      "bad_precision": 1.0,
      "good_f1": 0.0,
      "medium_f1": 0.0,
      "bad_f1": 0.26706231454005935,
      "support_good": 0,
      "support_medium": 0,
      "support_bad": 292,
      "confusion_3x3": "[[0, 0, 0], [0, 0, 0], [192, 55, 45]]"
    },
    {
      "variant_id": "nl_n7182_gm_trim_bad_boundaryblocks_badattackwide_outlier_b9dea2cfac81",
      "prediction_mode": "simple_pc1_gm_gate_t226",
      "bucket": "original_test_drop_bad_outlier_reference",
      "n": 8185,
      "acc": 0.7681124007330482,
      "macro_f1": 0.5338392370391444,
      "good_recall": 0.9271978021978022,
      "medium_recall": 0.657930411206507,
      "bad_recall": 0.0,
      "good_precision": 0.7771125949804283,
      "medium_precision": 0.888346552776083,
      "bad_precision": 0.0,
      "good_f1": 0.8455467869222097,
      "medium_f1": 0.7559709241952233,
      "bad_f1": 0.0,
      "support_good": 3640,
      "support_medium": 4426,
      "support_bad": 119,
      "confusion_3x3": "[[3375, 247, 18], [968, 2912, 546], [0, 119, 0]]"
    },
    {
      "variant_id": "nl_n7182_gm_trim_bad_boundaryblocks_badattackwide_outlier_b9dea2cfac81",
      "prediction_mode": "simple_pc1_gm_gate_t226",
      "bucket": "original_test_good_medium_overlap",
      "n": 7492,
      "acc": 0.7625467164975974,
      "macro_f1": 0.5245599703493072,
      "good_recall": 0.9264297612437534,
      "medium_recall": 0.6107969151670951,
      "bad_recall": 0.0,
      "good_precision": 0.7751451800232289,
      "medium_precision": 0.905833015630957,
      "bad_precision": 0.0,
      "good_f1": 0.8440622233464019,
      "medium_f1": 0.72961768770152,
      "bad_f1": 0.0,
      "support_good": 3602,
      "support_medium": 3890,
      "support_bad": 0,
      "confusion_3x3": "[[3337, 247, 18], [968, 2376, 546], [0, 0, 0]]"
    },
    {
      "variant_id": "nl_n7182_gm_trim_bad_boundaryblocks_badattackwide_outlier_b9dea2cfac81",
      "prediction_mode": "simple_pc1_gm_gate_t226",
      "bucket": "original_all_bad_core_near_boundary",
      "n": 4084,
      "acc": 0.9698824681684622,
      "macro_f1": 0.328237000207168,
      "good_recall": 0.0,
      "medium_recall": 0.0,
      "bad_recall": 0.9698824681684622,
      "good_precision": 0.0,
      "medium_precision": 0.0,
      "bad_precision": 1.0,
      "good_f1": 0.0,
      "medium_f1": 0.0,
      "bad_f1": 0.9847110006215041,
      "support_good": 0,
      "support_medium": 0,
      "support_bad": 4084,
      "confusion_3x3": "[[0, 0, 0], [0, 0, 0], [0, 123, 3961]]"
    },
    {
      "variant_id": "nl_n7182_gm_trim_bad_boundaryblocks_badattackwide_outlier_b9dea2cfac81",
      "prediction_mode": "simple_pc1_gm_gate_t226",
      "bucket": "original_all_bad_outlier_stress",
      "n": 1201,
      "acc": 0.7343880099916736,
      "macro_f1": 0.28228516562650025,
      "good_recall": 0.0,
      "medium_recall": 0.0,
      "bad_recall": 0.7343880099916736,
      "good_precision": 0.0,
      "medium_precision": 0.0,
      "bad_precision": 1.0,
      "good_f1": 0.0,
      "medium_f1": 0.0,
      "bad_f1": 0.8468554968795007,
      "support_good": 0,
      "support_medium": 0,
      "support_bad": 1201,
      "confusion_3x3": "[[0, 0, 0], [0, 0, 0], [195, 124, 882]]"
    }
  ],
  "selection_note": "Original BUT is report-only; Clean/SemiClean/node diagnostic remains the selection source."
}