{
  "created_at": "2026-06-13T07:23:56",
  "variant_id": "nl_n7185_gm_trim_bad_boundaryblocks_badoutlier_precision__94b8c36292da",
  "prediction_mode": "simple_pc1_gm_gate_t254",
  "metrics": [
    {
      "variant_id": "nl_n7185_gm_trim_bad_boundaryblocks_badoutlier_precision__94b8c36292da",
      "prediction_mode": "simple_pc1_gm_gate_t254",
      "bucket": "original_all_10s+",
      "n": 32956,
      "acc": 0.8167556742323098,
      "macro_f1": 0.8329821604079392,
      "good_recall": 0.7702282462007862,
      "medium_recall": 0.8319533308242378,
      "bad_recall": 0.9362346263008514,
      "good_precision": 0.8982482550978513,
      "medium_precision": 0.68997268825595,
      "bad_precision": 0.8952415415234304,
      "good_f1": 0.829326847142812,
      "medium_f1": 0.7543403148061255,
      "bad_f1": 0.9152793192748797,
      "support_good": 17043,
      "support_medium": 10628,
      "support_bad": 5285,
      "confusion_3x3": "[[13127, 3837, 79], [1286, 8842, 500], [201, 136, 4948]]"
    },
    {
      "variant_id": "nl_n7185_gm_trim_bad_boundaryblocks_badoutlier_precision__94b8c36292da",
      "prediction_mode": "simple_pc1_gm_gate_t254",
      "bucket": "original_test_all_10s+",
      "n": 8477,
      "acc": 0.7678423970744367,
      "macro_f1": 0.6233448073143587,
      "good_recall": 0.9123626373626373,
      "medium_recall": 0.6895616809760506,
      "bad_recall": 0.3309002433090024,
      "good_precision": 0.7429530201342281,
      "medium_precision": 0.8916155419222904,
      "bad_precision": 0.2328767123287671,
      "good_f1": 0.8189889025893958,
      "medium_f1": 0.7776786851828258,
      "bad_f1": 0.2733668341708543,
      "support_good": 3640,
      "support_medium": 4426,
      "support_bad": 411,
      "confusion_3x3": "[[3321, 294, 25], [951, 3052, 423], [198, 77, 136]]"
    },
    {
      "variant_id": "nl_n7185_gm_trim_bad_boundaryblocks_badoutlier_precision__94b8c36292da",
      "prediction_mode": "simple_pc1_gm_gate_t254",
      "bucket": "original_test_good_medium_only",
      "n": 8066,
      "acc": 0.7901066203818498,
      "macro_f1": 0.5416225850975934,
      "good_recall": 0.9123626373626373,
      "medium_recall": 0.6895616809760506,
      "bad_recall": 0.0,
      "good_precision": 0.7773876404494382,
      "medium_precision": 0.9121338912133892,
      "bad_precision": 0.0,
      "good_f1": 0.83948432760364,
      "medium_f1": 0.7853834276891405,
      "bad_f1": 0.0,
      "support_good": 3640,
      "support_medium": 4426,
      "support_bad": 0,
      "confusion_3x3": "[[3321, 294, 25], [951, 3052, 423], [0, 0, 0]]"
    },
    {
      "variant_id": "nl_n7185_gm_trim_bad_boundaryblocks_badoutlier_precision__94b8c36292da",
      "prediction_mode": "simple_pc1_gm_gate_t254",
      "bucket": "original_test_bad_core_near_boundary",
      "n": 119,
      "acc": 0.9327731092436975,
      "macro_f1": 0.3217391304347826,
      "good_recall": 0.0,
      "medium_recall": 0.0,
      "bad_recall": 0.9327731092436975,
      "good_precision": 0.0,
      "medium_precision": 0.0,
      "bad_precision": 1.0,
      "good_f1": 0.0,
      "medium_f1": 0.0,
      "bad_f1": 0.9652173913043478,
      "support_good": 0,
      "support_medium": 0,
      "support_bad": 119,
      "confusion_3x3": "[[0, 0, 0], [0, 0, 0], [0, 8, 111]]"
    },
    {
      "variant_id": "nl_n7185_gm_trim_bad_boundaryblocks_badoutlier_precision__94b8c36292da",
      "prediction_mode": "simple_pc1_gm_gate_t254",
      "bucket": "original_test_bad_outlier_stress",
      "n": 292,
      "acc": 0.08561643835616438,
      "macro_f1": 0.052576235541535225,
      "good_recall": 0.0,
      "medium_recall": 0.0,
      "bad_recall": 0.08561643835616438,
      "good_precision": 0.0,
      "medium_precision": 0.0,
      "bad_precision": 1.0,
      "good_f1": 0.0,
      "medium_f1": 0.0,
      "bad_f1": 0.15772870662460567,
      "support_good": 0,
      "support_medium": 0,
      "support_bad": 292,
      "confusion_3x3": "[[0, 0, 0], [0, 0, 0], [198, 69, 25]]"
    },
    {
      "variant_id": "nl_n7185_gm_trim_bad_boundaryblocks_badoutlier_precision__94b8c36292da",
      "prediction_mode": "simple_pc1_gm_gate_t254",
      "bucket": "original_test_drop_bad_outlier_reference",
      "n": 8185,
      "acc": 0.7921808185705559,
      "macro_f1": 0.6504979304659342,
      "good_recall": 0.9123626373626373,
      "medium_recall": 0.6895616809760506,
      "bad_recall": 0.9327731092436975,
      "good_precision": 0.7773876404494382,
      "medium_precision": 0.9099582587954681,
      "bad_precision": 0.19856887298747763,
      "good_f1": 0.83948432760364,
      "medium_f1": 0.7845758354755784,
      "bad_f1": 0.3274336283185841,
      "support_good": 3640,
      "support_medium": 4426,
      "support_bad": 119,
      "confusion_3x3": "[[3321, 294, 25], [951, 3052, 423], [0, 8, 111]]"
    },
    {
      "variant_id": "nl_n7185_gm_trim_bad_boundaryblocks_badoutlier_precision__94b8c36292da",
      "prediction_mode": "simple_pc1_gm_gate_t254",
      "bucket": "original_test_good_medium_overlap",
      "n": 7492,
      "acc": 0.7741591030432461,
      "macro_f1": 0.5297195578554009,
      "good_recall": 0.9114380899500277,
      "medium_recall": 0.6470437017994859,
      "bad_recall": 0.0,
      "good_precision": 0.7753897024090695,
      "medium_precision": 0.8954108858057631,
      "bad_precision": 0.0,
      "good_f1": 0.8379275140377743,
      "medium_f1": 0.7512311595284286,
      "bad_f1": 0.0,
      "support_good": 3602,
      "support_medium": 3890,
      "support_bad": 0,
      "confusion_3x3": "[[3283, 294, 25], [951, 2517, 422], [0, 0, 0]]"
    },
    {
      "variant_id": "nl_n7185_gm_trim_bad_boundaryblocks_badoutlier_precision__94b8c36292da",
      "prediction_mode": "simple_pc1_gm_gate_t254",
      "bucket": "original_all_bad_core_near_boundary",
      "n": 4084,
      "acc": 0.997796278158668,
      "macro_f1": 0.3329656412142011,
      "good_recall": 0.0,
      "medium_recall": 0.0,
      "bad_recall": 0.997796278158668,
      "good_precision": 0.0,
      "medium_precision": 0.0,
      "bad_precision": 1.0,
      "good_f1": 0.0,
      "medium_f1": 0.0,
      "bad_f1": 0.9988969236426033,
      "support_good": 0,
      "support_medium": 0,
      "support_bad": 4084,
      "confusion_3x3": "[[0, 0, 0], [0, 0, 0], [0, 9, 4075]]"
    },
    {
      "variant_id": "nl_n7185_gm_trim_bad_boundaryblocks_badoutlier_precision__94b8c36292da",
      "prediction_mode": "simple_pc1_gm_gate_t254",
      "bucket": "original_all_bad_outlier_stress",
      "n": 1201,
      "acc": 0.7268942547876769,
      "macro_f1": 0.2806171648987464,
      "good_recall": 0.0,
      "medium_recall": 0.0,
      "bad_recall": 0.7268942547876769,
      "good_precision": 0.0,
      "medium_precision": 0.0,
      "bad_precision": 1.0,
      "good_f1": 0.0,
      "medium_f1": 0.0,
      "bad_f1": 0.8418514946962391,
      "support_good": 0,
      "support_medium": 0,
      "support_bad": 1201,
      "confusion_3x3": "[[0, 0, 0], [0, 0, 0], [201, 127, 873]]"
    }
  ],
  "selection_note": "Original BUT is report-only; Clean/SemiClean/node diagnostic remains the selection source."
}