{
  "created_at": "2026-06-13T03:39:34",
  "variant_id": "nl_n7179_gm_trim_bad_boundaryblocks_ultramicro_goodmed_n7_7a210e9eef05",
  "prediction_mode": "simple_pc1_gm_gate_t254",
  "metrics": [
    {
      "variant_id": "nl_n7179_gm_trim_bad_boundaryblocks_ultramicro_goodmed_n7_7a210e9eef05",
      "prediction_mode": "simple_pc1_gm_gate_t254",
      "bucket": "original_all_10s+",
      "n": 32956,
      "acc": 0.8207913581745357,
      "macro_f1": 0.8472273567537121,
      "good_recall": 0.7747462301238045,
      "medium_recall": 0.8424915318027851,
      "bad_recall": 0.9256385998107852,
      "good_precision": 0.8747846826553597,
      "medium_precision": 0.690628615503278,
      "bad_precision": 0.9989789667143149,
      "good_f1": 0.8217319600460529,
      "medium_f1": 0.7590386979188742,
      "bad_f1": 0.960911412296209,
      "support_good": 17043,
      "support_medium": 10628,
      "support_bad": 5285,
      "confusion_3x3": "[[13204, 3839, 0], [1669, 8954, 5], [221, 172, 4892]]"
    },
    {
      "variant_id": "nl_n7179_gm_trim_bad_boundaryblocks_ultramicro_goodmed_n7_7a210e9eef05",
      "prediction_mode": "simple_pc1_gm_gate_t254",
      "bucket": "original_test_all_10s+",
      "n": 8477,
      "acc": 0.7713813849239117,
      "macro_f1": 0.6381560956805704,
      "good_recall": 0.9189560439560439,
      "medium_recall": 0.7022141888838681,
      "bad_recall": 0.20924574209245742,
      "good_precision": 0.685170012290045,
      "medium_precision": 0.8857224280421773,
      "bad_precision": 1.0,
      "good_f1": 0.7850269889697254,
      "medium_f1": 0.7833648393194707,
      "bad_f1": 0.3460764587525151,
      "support_good": 3640,
      "support_medium": 4426,
      "support_bad": 411,
      "confusion_3x3": "[[3345, 295, 0], [1318, 3108, 0], [219, 106, 86]]"
    },
    {
      "variant_id": "nl_n7179_gm_trim_bad_boundaryblocks_ultramicro_goodmed_n7_7a210e9eef05",
      "prediction_mode": "simple_pc1_gm_gate_t254",
      "bucket": "original_test_good_medium_only",
      "n": 8066,
      "acc": 0.8000247954376395,
      "macro_f1": 0.5332346668684588,
      "good_recall": 0.9189560439560439,
      "medium_recall": 0.7022141888838681,
      "bad_recall": 0.0,
      "good_precision": 0.7173493459146473,
      "medium_precision": 0.9133117837202468,
      "bad_precision": 0.0,
      "good_f1": 0.8057328676382031,
      "medium_f1": 0.7939711329671734,
      "bad_f1": 0.0,
      "support_good": 3640,
      "support_medium": 4426,
      "support_bad": 0,
      "confusion_3x3": "[[3345, 295, 0], [1318, 3108, 0], [0, 0, 0]]"
    },
    {
      "variant_id": "nl_n7179_gm_trim_bad_boundaryblocks_ultramicro_goodmed_n7_7a210e9eef05",
      "prediction_mode": "simple_pc1_gm_gate_t254",
      "bucket": "original_test_bad_core_near_boundary",
      "n": 119,
      "acc": 0.7226890756302521,
      "macro_f1": 0.27967479674796747,
      "good_recall": 0.0,
      "medium_recall": 0.0,
      "bad_recall": 0.7226890756302521,
      "good_precision": 0.0,
      "medium_precision": 0.0,
      "bad_precision": 1.0,
      "good_f1": 0.0,
      "medium_f1": 0.0,
      "bad_f1": 0.8390243902439024,
      "support_good": 0,
      "support_medium": 0,
      "support_bad": 119,
      "confusion_3x3": "[[0, 0, 0], [0, 0, 0], [0, 33, 86]]"
    },
    {
      "variant_id": "nl_n7179_gm_trim_bad_boundaryblocks_ultramicro_goodmed_n7_7a210e9eef05",
      "prediction_mode": "simple_pc1_gm_gate_t254",
      "bucket": "original_test_bad_outlier_stress",
      "n": 292,
      "acc": 0.0,
      "macro_f1": 0.0,
      "good_recall": 0.0,
      "medium_recall": 0.0,
      "bad_recall": 0.0,
      "good_precision": 0.0,
      "medium_precision": 0.0,
      "bad_precision": 0.0,
      "good_f1": 0.0,
      "medium_f1": 0.0,
      "bad_f1": 0.0,
      "support_good": 0,
      "support_medium": 0,
      "support_bad": 292,
      "confusion_3x3": "[[0, 0, 0], [0, 0, 0], [219, 73, 0]]"
    },
    {
      "variant_id": "nl_n7179_gm_trim_bad_boundaryblocks_ultramicro_goodmed_n7_7a210e9eef05",
      "prediction_mode": "simple_pc1_gm_gate_t254",
      "bucket": "original_test_drop_bad_outlier_reference",
      "n": 8185,
      "acc": 0.7989004276114844,
      "macro_f1": 0.8117985907516795,
      "good_recall": 0.9189560439560439,
      "medium_recall": 0.7022141888838681,
      "bad_recall": 0.7226890756302521,
      "good_precision": 0.7173493459146473,
      "medium_precision": 0.9045401629802096,
      "bad_precision": 1.0,
      "good_f1": 0.8057328676382031,
      "medium_f1": 0.7906385143729331,
      "bad_f1": 0.8390243902439024,
      "support_good": 3640,
      "support_medium": 4426,
      "support_bad": 119,
      "confusion_3x3": "[[3345, 295, 0], [1318, 3108, 0], [0, 33, 86]]"
    },
    {
      "variant_id": "nl_n7179_gm_trim_bad_boundaryblocks_ultramicro_goodmed_n7_7a210e9eef05",
      "prediction_mode": "simple_pc1_gm_gate_t254",
      "bucket": "original_test_good_medium_overlap",
      "n": 7492,
      "acc": 0.7847036839295248,
      "macro_f1": 0.5217409486171265,
      "good_recall": 0.9181010549694614,
      "medium_recall": 0.6611825192802057,
      "bad_recall": 0.0,
      "good_precision": 0.715027027027027,
      "medium_precision": 0.8971049877921172,
      "bad_precision": 0.0,
      "good_f1": 0.8039382520967546,
      "medium_f1": 0.7612845937546249,
      "bad_f1": 0.0,
      "support_good": 3602,
      "support_medium": 3890,
      "support_bad": 0,
      "confusion_3x3": "[[3307, 295, 0], [1318, 2572, 0], [0, 0, 0]]"
    },
    {
      "variant_id": "nl_n7179_gm_trim_bad_boundaryblocks_ultramicro_goodmed_n7_7a210e9eef05",
      "prediction_mode": "simple_pc1_gm_gate_t254",
      "bucket": "original_all_bad_core_near_boundary",
      "n": 4084,
      "acc": 0.9919196865817825,
      "macro_f1": 0.33198115140340095,
      "good_recall": 0.0,
      "medium_recall": 0.0,
      "bad_recall": 0.9919196865817825,
      "good_precision": 0.0,
      "medium_precision": 0.0,
      "bad_precision": 1.0,
      "good_f1": 0.0,
      "medium_f1": 0.0,
      "bad_f1": 0.9959434542102028,
      "support_good": 0,
      "support_medium": 0,
      "support_bad": 4084,
      "confusion_3x3": "[[0, 0, 0], [0, 0, 0], [0, 33, 4051]]"
    },
    {
      "variant_id": "nl_n7179_gm_trim_bad_boundaryblocks_ultramicro_goodmed_n7_7a210e9eef05",
      "prediction_mode": "simple_pc1_gm_gate_t254",
      "bucket": "original_all_bad_outlier_stress",
      "n": 1201,
      "acc": 0.7002497918401333,
      "macro_f1": 0.2745674175644793,
      "good_recall": 0.0,
      "medium_recall": 0.0,
      "bad_recall": 0.7002497918401333,
      "good_precision": 0.0,
      "medium_precision": 0.0,
      "bad_precision": 1.0,
      "good_f1": 0.0,
      "medium_f1": 0.0,
      "bad_f1": 0.8237022526934378,
      "support_good": 0,
      "support_medium": 0,
      "support_bad": 1201,
      "confusion_3x3": "[[0, 0, 0], [0, 0, 0], [221, 139, 841]]"
    }
  ],
  "selection_note": "Original BUT is report-only; Clean/SemiClean/node diagnostic remains the selection source."
}