{
  "created_at": "2026-06-13T07:54:37",
  "variant_id": "nl_n7186_gm_trim_bad_boundaryblocks_badoutlier_recall_gua_7cd9d3f2aac9",
  "prediction_mode": "raw",
  "metrics": [
    {
      "variant_id": "nl_n7186_gm_trim_bad_boundaryblocks_badoutlier_recall_gua_7cd9d3f2aac9",
      "prediction_mode": "raw",
      "bucket": "original_all_10s+",
      "n": 32956,
      "acc": 0.7785228789901687,
      "macro_f1": 0.7967318254321724,
      "good_recall": 0.7782080619609224,
      "medium_recall": 0.6982499059089199,
      "bad_recall": 0.9409649952696311,
      "good_precision": 0.8315881873471691,
      "medium_precision": 0.6517653258387494,
      "bad_precision": 0.8847180217043231,
      "good_f1": 0.8040130940834141,
      "medium_f1": 0.6742073226128827,
      "bad_f1": 0.9119750596002201,
      "support_good": 17043,
      "support_medium": 10628,
      "support_bad": 5285,
      "confusion_3x3": "[[13263, 3695, 85], [2644, 7421, 563], [42, 270, 4973]]"
    },
    {
      "variant_id": "nl_n7186_gm_trim_bad_boundaryblocks_badoutlier_recall_gua_7cd9d3f2aac9",
      "prediction_mode": "raw",
      "bucket": "original_test_all_10s+",
      "n": 8477,
      "acc": 0.6614368290668868,
      "macro_f1": 0.554529402769533,
      "good_recall": 0.6392857142857142,
      "medium_recall": 0.7058291911432445,
      "bad_recall": 0.3795620437956204,
      "good_precision": 0.7306122448979592,
      "medium_precision": 0.6740021574973031,
      "bad_precision": 0.2374429223744292,
      "good_f1": 0.6819047619047619,
      "medium_f1": 0.689548614943163,
      "bad_f1": 0.29213483146067415,
      "support_good": 3640,
      "support_medium": 4426,
      "support_bad": 411,
      "confusion_3x3": "[[2327, 1290, 23], [824, 3124, 478], [34, 221, 156]]"
    },
    {
      "variant_id": "nl_n7186_gm_trim_bad_boundaryblocks_badoutlier_recall_gua_7cd9d3f2aac9",
      "prediction_mode": "raw",
      "bucket": "original_test_good_medium_only",
      "n": 8066,
      "acc": 0.675799652863873,
      "macro_f1": 0.4640353782055169,
      "good_recall": 0.6392857142857142,
      "medium_recall": 0.7058291911432445,
      "bad_recall": 0.0,
      "good_precision": 0.7384957156458267,
      "medium_precision": 0.7077480743090168,
      "bad_precision": 0.0,
      "good_f1": 0.6853188042998085,
      "medium_f1": 0.7067873303167421,
      "bad_f1": 0.0,
      "support_good": 3640,
      "support_medium": 4426,
      "support_bad": 0,
      "confusion_3x3": "[[2327, 1290, 23], [824, 3124, 478], [0, 0, 0]]"
    },
    {
      "variant_id": "nl_n7186_gm_trim_bad_boundaryblocks_badoutlier_recall_gua_7cd9d3f2aac9",
      "prediction_mode": "raw",
      "bucket": "original_test_bad_core_near_boundary",
      "n": 119,
      "acc": 1.0,
      "macro_f1": 0.3333333333333333,
      "good_recall": 0.0,
      "medium_recall": 0.0,
      "bad_recall": 1.0,
      "good_precision": 0.0,
      "medium_precision": 0.0,
      "bad_precision": 1.0,
      "good_f1": 0.0,
      "medium_f1": 0.0,
      "bad_f1": 1.0,
      "support_good": 0,
      "support_medium": 0,
      "support_bad": 119,
      "confusion_3x3": "[[0, 0, 0], [0, 0, 0], [0, 0, 119]]"
    },
    {
      "variant_id": "nl_n7186_gm_trim_bad_boundaryblocks_badoutlier_recall_gua_7cd9d3f2aac9",
      "prediction_mode": "raw",
      "bucket": "original_test_bad_outlier_stress",
      "n": 292,
      "acc": 0.1267123287671233,
      "macro_f1": 0.07497467071935157,
      "good_recall": 0.0,
      "medium_recall": 0.0,
      "bad_recall": 0.1267123287671233,
      "good_precision": 0.0,
      "medium_precision": 0.0,
      "bad_precision": 1.0,
      "good_f1": 0.0,
      "medium_f1": 0.0,
      "bad_f1": 0.22492401215805471,
      "support_good": 0,
      "support_medium": 0,
      "support_bad": 292,
      "confusion_3x3": "[[0, 0, 0], [0, 0, 0], [34, 221, 37]]"
    },
    {
      "variant_id": "nl_n7186_gm_trim_bad_boundaryblocks_badoutlier_recall_gua_7cd9d3f2aac9",
      "prediction_mode": "raw",
      "bucket": "original_test_drop_bad_outlier_reference",
      "n": 8185,
      "acc": 0.6805131337813073,
      "macro_f1": 0.5713876560584713,
      "good_recall": 0.6392857142857142,
      "medium_recall": 0.7058291911432445,
      "bad_recall": 1.0,
      "good_precision": 0.7384957156458267,
      "medium_precision": 0.7077480743090168,
      "bad_precision": 0.19193548387096773,
      "good_f1": 0.6853188042998085,
      "medium_f1": 0.7067873303167421,
      "bad_f1": 0.32205683355886333,
      "support_good": 3640,
      "support_medium": 4426,
      "support_bad": 119,
      "confusion_3x3": "[[2327, 1290, 23], [824, 3124, 478], [0, 0, 119]]"
    },
    {
      "variant_id": "nl_n7186_gm_trim_bad_boundaryblocks_badoutlier_recall_gua_7cd9d3f2aac9",
      "prediction_mode": "raw",
      "bucket": "original_test_good_medium_overlap",
      "n": 7492,
      "acc": 0.6544313934863855,
      "macro_f1": 0.45169244058420627,
      "good_recall": 0.6354802887284842,
      "medium_recall": 0.6719794344473008,
      "bad_recall": 0.0,
      "good_precision": 0.7412564766839378,
      "medium_precision": 0.6695696721311475,
      "bad_precision": 0.0,
      "good_f1": 0.684304932735426,
      "medium_f1": 0.6707723890171927,
      "bad_f1": 0.0,
      "support_good": 3602,
      "support_medium": 3890,
      "support_bad": 0,
      "confusion_3x3": "[[2289, 1290, 23], [799, 2614, 477], [0, 0, 0]]"
    },
    {
      "variant_id": "nl_n7186_gm_trim_bad_boundaryblocks_badoutlier_recall_gua_7cd9d3f2aac9",
      "prediction_mode": "raw",
      "bucket": "original_all_bad_core_near_boundary",
      "n": 4084,
      "acc": 0.9997551420176298,
      "macro_f1": 0.3332925186727072,
      "good_recall": 0.0,
      "medium_recall": 0.0,
      "bad_recall": 0.9997551420176298,
      "good_precision": 0.0,
      "medium_precision": 0.0,
      "bad_precision": 1.0,
      "good_f1": 0.0,
      "medium_f1": 0.0,
      "bad_f1": 0.9998775560181217,
      "support_good": 0,
      "support_medium": 0,
      "support_bad": 4084,
      "confusion_3x3": "[[0, 0, 0], [0, 0, 0], [1, 0, 4083]]"
    },
    {
      "variant_id": "nl_n7186_gm_trim_bad_boundaryblocks_badoutlier_recall_gua_7cd9d3f2aac9",
      "prediction_mode": "raw",
      "bucket": "original_all_bad_outlier_stress",
      "n": 1201,
      "acc": 0.7410491257285595,
      "macro_f1": 0.28375577873425795,
      "good_recall": 0.0,
      "medium_recall": 0.0,
      "bad_recall": 0.7410491257285595,
      "good_precision": 0.0,
      "medium_precision": 0.0,
      "bad_precision": 1.0,
      "good_f1": 0.0,
      "medium_f1": 0.0,
      "bad_f1": 0.8512673362027738,
      "support_good": 0,
      "support_medium": 0,
      "support_bad": 1201,
      "confusion_3x3": "[[0, 0, 0], [0, 0, 0], [41, 270, 890]]"
    }
  ],
  "selection_note": "Original BUT is report-only; Clean/SemiClean/node diagnostic remains the selection source."
}