{
  "created_at": "2026-06-12T05:30:38",
  "variant_id": "nl_n7155_gm_trim_bad_boundaryblocks_breakthrough_softbala_5c50f0ee6d7a",
  "prediction_mode": "medium_guarded_pmed0005",
  "metrics": [
    {
      "variant_id": "nl_n7155_gm_trim_bad_boundaryblocks_breakthrough_softbala_5c50f0ee6d7a",
      "prediction_mode": "medium_guarded_pmed0005",
      "bucket": "original_all_10s+",
      "n": 32956,
      "acc": 0.822642310960068,
      "macro_f1": 0.8483572049980918,
      "good_recall": 0.741829490113243,
      "medium_recall": 0.9093902898005269,
      "bad_recall": 0.9087984862819299,
      "good_precision": 0.9290858318636096,
      "medium_precision": 0.664489515297353,
      "bad_precision": 1.0,
      "good_f1": 0.824964927734821,
      "medium_f1": 0.7678862273070353,
      "bad_f1": 0.9522204599524187,
      "support_good": 17043,
      "support_medium": 10628,
      "support_bad": 5285,
      "confusion_3x3": "[[12643, 4400, 0], [963, 9665, 0], [2, 480, 4803]]"
    },
    {
      "variant_id": "nl_n7155_gm_trim_bad_boundaryblocks_breakthrough_softbala_5c50f0ee6d7a",
      "prediction_mode": "medium_guarded_pmed0005",
      "bucket": "original_test_all_10s+",
      "n": 8477,
      "acc": 0.7684322283826825,
      "macro_f1": 0.5208040428384321,
      "good_recall": 0.6554945054945055,
      "medium_recall": 0.9326705829191143,
      "bad_recall": 0.0,
      "good_precision": 0.8883097542814594,
      "medium_precision": 0.7128302538421689,
      "bad_precision": 0.0,
      "good_f1": 0.7543471387922858,
      "medium_f1": 0.8080649897230107,
      "bad_f1": 0.0,
      "support_good": 3640,
      "support_medium": 4426,
      "support_bad": 411,
      "confusion_3x3": "[[2386, 1254, 0], [298, 4128, 0], [2, 409, 0]]"
    },
    {
      "variant_id": "nl_n7155_gm_trim_bad_boundaryblocks_breakthrough_softbala_5c50f0ee6d7a",
      "prediction_mode": "medium_guarded_pmed0005",
      "bucket": "original_test_good_medium_only",
      "n": 8066,
      "acc": 0.8075874039176791,
      "macro_f1": 0.5321158441099255,
      "good_recall": 0.6554945054945055,
      "medium_recall": 0.9326705829191143,
      "bad_recall": 0.0,
      "good_precision": 0.8889716840536512,
      "medium_precision": 0.7670011148272018,
      "bad_precision": 0.0,
      "good_f1": 0.7545857052498419,
      "medium_f1": 0.8417618270799347,
      "bad_f1": 0.0,
      "support_good": 3640,
      "support_medium": 4426,
      "support_bad": 0,
      "confusion_3x3": "[[2386, 1254, 0], [298, 4128, 0], [0, 0, 0]]"
    },
    {
      "variant_id": "nl_n7155_gm_trim_bad_boundaryblocks_breakthrough_softbala_5c50f0ee6d7a",
      "prediction_mode": "medium_guarded_pmed0005",
      "bucket": "original_test_bad_core_near_boundary",
      "n": 119,
      "acc": 0.0,
      "macro_f1": 0.0,
      "good_recall": 0.0,
      "medium_recall": 0.0,
      "bad_recall": 0.0,
      "good_precision": 0.0,
      "medium_precision": 0.0,
      "bad_precision": 0.0,
      "good_f1": 0.0,
      "medium_f1": 0.0,
      "bad_f1": 0.0,
      "support_good": 0,
      "support_medium": 0,
      "support_bad": 119,
      "confusion_3x3": "[[0, 0, 0], [0, 0, 0], [0, 119, 0]]"
    },
    {
      "variant_id": "nl_n7155_gm_trim_bad_boundaryblocks_breakthrough_softbala_5c50f0ee6d7a",
      "prediction_mode": "medium_guarded_pmed0005",
      "bucket": "original_test_bad_outlier_stress",
      "n": 292,
      "acc": 0.0,
      "macro_f1": 0.0,
      "good_recall": 0.0,
      "medium_recall": 0.0,
      "bad_recall": 0.0,
      "good_precision": 0.0,
      "medium_precision": 0.0,
      "bad_precision": 0.0,
      "good_f1": 0.0,
      "medium_f1": 0.0,
      "bad_f1": 0.0,
      "support_good": 0,
      "support_medium": 0,
      "support_bad": 292,
      "confusion_3x3": "[[0, 0, 0], [0, 0, 0], [2, 290, 0]]"
    },
    {
      "variant_id": "nl_n7155_gm_trim_bad_boundaryblocks_breakthrough_softbala_5c50f0ee6d7a",
      "prediction_mode": "medium_guarded_pmed0005",
      "bucket": "original_test_drop_bad_outlier_reference",
      "n": 8185,
      "acc": 0.7958460598656079,
      "macro_f1": 0.528752301669359,
      "good_recall": 0.6554945054945055,
      "medium_recall": 0.9326705829191143,
      "bad_recall": 0.0,
      "good_precision": 0.8889716840536512,
      "medium_precision": 0.7504090165424468,
      "bad_precision": 0.0,
      "good_f1": 0.7545857052498419,
      "medium_f1": 0.8316711997582351,
      "bad_f1": 0.0,
      "support_good": 3640,
      "support_medium": 4426,
      "support_bad": 119,
      "confusion_3x3": "[[2386, 1254, 0], [298, 4128, 0], [0, 119, 0]]"
    },
    {
      "variant_id": "nl_n7155_gm_trim_bad_boundaryblocks_breakthrough_softbala_5c50f0ee6d7a",
      "prediction_mode": "medium_guarded_pmed0005",
      "bucket": "original_test_good_medium_overlap",
      "n": 7492,
      "acc": 0.792845702082221,
      "macro_f1": 0.524648278169405,
      "good_recall": 0.6518600777345919,
      "medium_recall": 0.9233933161953728,
      "bad_recall": 0.0,
      "good_precision": 0.8873771730914588,
      "medium_precision": 0.7412298803136608,
      "bad_precision": 0.0,
      "good_f1": 0.7516005121638925,
      "medium_f1": 0.8223443223443223,
      "bad_f1": 0.0,
      "support_good": 3602,
      "support_medium": 3890,
      "support_bad": 0,
      "confusion_3x3": "[[2348, 1254, 0], [298, 3592, 0], [0, 0, 0]]"
    },
    {
      "variant_id": "nl_n7155_gm_trim_bad_boundaryblocks_breakthrough_softbala_5c50f0ee6d7a",
      "prediction_mode": "medium_guarded_pmed0005",
      "bucket": "original_all_bad_core_near_boundary",
      "n": 4084,
      "acc": 0.970617042115573,
      "macro_f1": 0.32836315440689195,
      "good_recall": 0.0,
      "medium_recall": 0.0,
      "bad_recall": 0.970617042115573,
      "good_precision": 0.0,
      "medium_precision": 0.0,
      "bad_precision": 1.0,
      "good_f1": 0.0,
      "medium_f1": 0.0,
      "bad_f1": 0.9850894632206759,
      "support_good": 0,
      "support_medium": 0,
      "support_bad": 4084,
      "confusion_3x3": "[[0, 0, 0], [0, 0, 0], [0, 120, 3964]]"
    },
    {
      "variant_id": "nl_n7155_gm_trim_bad_boundaryblocks_breakthrough_softbala_5c50f0ee6d7a",
      "prediction_mode": "medium_guarded_pmed0005",
      "bucket": "original_all_bad_outlier_stress",
      "n": 1201,
      "acc": 0.6985845129059117,
      "macro_f1": 0.2741830065359477,
      "good_recall": 0.0,
      "medium_recall": 0.0,
      "bad_recall": 0.6985845129059117,
      "good_precision": 0.0,
      "medium_precision": 0.0,
      "bad_precision": 1.0,
      "good_f1": 0.0,
      "medium_f1": 0.0,
      "bad_f1": 0.8225490196078431,
      "support_good": 0,
      "support_medium": 0,
      "support_bad": 1201,
      "confusion_3x3": "[[0, 0, 0], [0, 0, 0], [2, 360, 839]]"
    }
  ],
  "selection_note": "Original BUT is report-only; Clean/SemiClean/node diagnostic remains the selection source."
}