{
  "created_at": "2026-06-13T04:38:31",
  "variant_id": "nl_n7180_gm_trim_bad_boundaryblocks_visualgate_mediumprot_e430e1072ca7",
  "prediction_mode": "raw",
  "metrics": [
    {
      "variant_id": "nl_n7180_gm_trim_bad_boundaryblocks_visualgate_mediumprot_e430e1072ca7",
      "prediction_mode": "raw",
      "bucket": "original_all_10s+",
      "n": 32956,
      "acc": 0.8138730428450055,
      "macro_f1": 0.8375836616320024,
      "good_recall": 0.8027929355160477,
      "medium_recall": 0.7836846066992849,
      "bad_recall": 0.9103122043519395,
      "good_precision": 0.8540041195930341,
      "medium_precision": 0.6870411614286893,
      "bad_precision": 0.9997921862011637,
      "good_f1": 0.827607065085894,
      "medium_f1": 0.7321875961496198,
      "bad_f1": 0.9529563236604932,
      "support_good": 17043,
      "support_medium": 10628,
      "support_bad": 5285,
      "confusion_3x3": "[[13682, 3361, 0], [2298, 8329, 1], [41, 433, 4811]]"
    },
    {
      "variant_id": "nl_n7180_gm_trim_bad_boundaryblocks_visualgate_mediumprot_e430e1072ca7",
      "prediction_mode": "raw",
      "bucket": "original_test_all_10s+",
      "n": 8477,
      "acc": 0.7304470921316504,
      "macro_f1": 0.5107632864029433,
      "good_recall": 0.7442307692307693,
      "medium_recall": 0.7851333032083145,
      "bad_recall": 0.019464720194647202,
      "good_precision": 0.7333513806172172,
      "medium_precision": 0.7277486910994765,
      "bad_precision": 1.0,
      "good_f1": 0.7387510226343059,
      "medium_f1": 0.7553526790566243,
      "bad_f1": 0.03818615751789976,
      "support_good": 3640,
      "support_medium": 4426,
      "support_bad": 411,
      "confusion_3x3": "[[2709, 931, 0], [951, 3475, 0], [34, 369, 8]]"
    },
    {
      "variant_id": "nl_n7180_gm_trim_bad_boundaryblocks_visualgate_mediumprot_e430e1072ca7",
      "prediction_mode": "raw",
      "bucket": "original_test_good_medium_only",
      "n": 8066,
      "acc": 0.7666749318125465,
      "macro_f1": 0.5097010042353253,
      "good_recall": 0.7442307692307693,
      "medium_recall": 0.7851333032083145,
      "bad_recall": 0.0,
      "good_precision": 0.7401639344262295,
      "medium_precision": 0.7886972310485701,
      "bad_precision": 0.0,
      "good_f1": 0.7421917808219178,
      "medium_f1": 0.786911231884058,
      "bad_f1": 0.0,
      "support_good": 3640,
      "support_medium": 4426,
      "support_bad": 0,
      "confusion_3x3": "[[2709, 931, 0], [951, 3475, 0], [0, 0, 0]]"
    },
    {
      "variant_id": "nl_n7180_gm_trim_bad_boundaryblocks_visualgate_mediumprot_e430e1072ca7",
      "prediction_mode": "raw",
      "bucket": "original_test_bad_core_near_boundary",
      "n": 119,
      "acc": 0.06722689075630252,
      "macro_f1": 0.04199475065616798,
      "good_recall": 0.0,
      "medium_recall": 0.0,
      "bad_recall": 0.06722689075630252,
      "good_precision": 0.0,
      "medium_precision": 0.0,
      "bad_precision": 1.0,
      "good_f1": 0.0,
      "medium_f1": 0.0,
      "bad_f1": 0.12598425196850394,
      "support_good": 0,
      "support_medium": 0,
      "support_bad": 119,
      "confusion_3x3": "[[0, 0, 0], [0, 0, 0], [0, 111, 8]]"
    },
    {
      "variant_id": "nl_n7180_gm_trim_bad_boundaryblocks_visualgate_mediumprot_e430e1072ca7",
      "prediction_mode": "raw",
      "bucket": "original_test_bad_outlier_stress",
      "n": 292,
      "acc": 0.0,
      "macro_f1": 0.0,
      "good_recall": 0.0,
      "medium_recall": 0.0,
      "bad_recall": 0.0,
      "good_precision": 0.0,
      "medium_precision": 0.0,
      "bad_precision": 0.0,
      "good_f1": 0.0,
      "medium_f1": 0.0,
      "bad_f1": 0.0,
      "support_good": 0,
      "support_medium": 0,
      "support_bad": 292,
      "confusion_3x3": "[[0, 0, 0], [0, 0, 0], [34, 258, 0]]"
    },
    {
      "variant_id": "nl_n7180_gm_trim_bad_boundaryblocks_visualgate_mediumprot_e430e1072ca7",
      "prediction_mode": "raw",
      "bucket": "original_test_drop_bad_outlier_reference",
      "n": 8185,
      "acc": 0.7565058032987172,
      "macro_f1": 0.5484400559560454,
      "good_recall": 0.7442307692307693,
      "medium_recall": 0.7851333032083145,
      "bad_recall": 0.06722689075630252,
      "good_precision": 0.7401639344262295,
      "medium_precision": 0.7693159176444543,
      "bad_precision": 1.0,
      "good_f1": 0.7421917808219178,
      "medium_f1": 0.7771441350777144,
      "bad_f1": 0.12598425196850394,
      "support_good": 3640,
      "support_medium": 4426,
      "support_bad": 119,
      "confusion_3x3": "[[2709, 931, 0], [951, 3475, 0], [0, 111, 8]]"
    },
    {
      "variant_id": "nl_n7180_gm_trim_bad_boundaryblocks_visualgate_mediumprot_e430e1072ca7",
      "prediction_mode": "raw",
      "bucket": "original_test_good_medium_overlap",
      "n": 7492,
      "acc": 0.75,
      "macro_f1": 0.49977185716663125,
      "good_recall": 0.7415324819544697,
      "medium_recall": 0.757840616966581,
      "bad_recall": 0.0,
      "good_precision": 0.7392748408524772,
      "medium_precision": 0.759989688063934,
      "bad_precision": 0.0,
      "good_f1": 0.7404019404019404,
      "medium_f1": 0.7589136310979534,
      "bad_f1": 0.0,
      "support_good": 3602,
      "support_medium": 3890,
      "support_bad": 0,
      "confusion_3x3": "[[2671, 931, 0], [942, 2948, 0], [0, 0, 0]]"
    },
    {
      "variant_id": "nl_n7180_gm_trim_bad_boundaryblocks_visualgate_mediumprot_e430e1072ca7",
      "prediction_mode": "raw",
      "bucket": "original_all_bad_core_near_boundary",
      "n": 4084,
      "acc": 0.9725759059745348,
      "macro_f1": 0.3286991062562065,
      "good_recall": 0.0,
      "medium_recall": 0.0,
      "bad_recall": 0.9725759059745348,
      "good_precision": 0.0,
      "medium_precision": 0.0,
      "bad_precision": 1.0,
      "good_f1": 0.0,
      "medium_f1": 0.0,
      "bad_f1": 0.9860973187686196,
      "support_good": 0,
      "support_medium": 0,
      "support_bad": 4084,
      "confusion_3x3": "[[0, 0, 0], [0, 0, 0], [1, 111, 3972]]"
    },
    {
      "variant_id": "nl_n7180_gm_trim_bad_boundaryblocks_visualgate_mediumprot_e430e1072ca7",
      "prediction_mode": "raw",
      "bucket": "original_all_bad_outlier_stress",
      "n": 1201,
      "acc": 0.6985845129059117,
      "macro_f1": 0.2741830065359477,
      "good_recall": 0.0,
      "medium_recall": 0.0,
      "bad_recall": 0.6985845129059117,
      "good_precision": 0.0,
      "medium_precision": 0.0,
      "bad_precision": 1.0,
      "good_f1": 0.0,
      "medium_f1": 0.0,
      "bad_f1": 0.8225490196078431,
      "support_good": 0,
      "support_medium": 0,
      "support_bad": 1201,
      "confusion_3x3": "[[0, 0, 0], [0, 0, 0], [40, 322, 839]]"
    }
  ],
  "selection_note": "Original BUT is report-only; Clean/SemiClean/node diagnostic remains the selection source."
}