{
  "created_at": "2026-06-13T12:50:05",
  "variant_id": "nl_n7200_gm_trim_bad_goodlike_aux_tail_a12_good128_mid168_837d9498a6ae",
  "prediction_mode": "feature_pc1_qrsprom_visiblegood_wavegood_axis2_diagnostic",
  "metrics": [
    {
      "variant_id": "nl_n7200_gm_trim_bad_goodlike_aux_tail_a12_good128_mid168_837d9498a6ae",
      "prediction_mode": "feature_pc1_qrsprom_visiblegood_wavegood_axis2_diagnostic",
      "bucket": "original_all_10s+",
      "n": 32956,
      "acc": 0.8246449811870372,
      "macro_f1": 0.8525137025908677,
      "good_recall": 0.7272193862582879,
      "medium_recall": 0.9112721114038389,
      "bad_recall": 0.9646168401135289,
      "good_precision": 0.9370936035082413,
      "medium_precision": 0.6693620844564241,
      "bad_precision": 0.9690172970918076,
      "good_f1": 0.8189236512603654,
      "medium_f1": 0.7718053950671395,
      "bad_f1": 0.9668120614450977,
      "support_good": 17043,
      "support_medium": 10628,
      "support_bad": 5285,
      "confusion_3x3": "[[12394, 4607, 42], [822, 9685, 121], [10, 177, 5098]]"
    },
    {
      "variant_id": "nl_n7200_gm_trim_bad_goodlike_aux_tail_a12_good128_mid168_837d9498a6ae",
      "prediction_mode": "feature_pc1_qrsprom_visiblegood_wavegood_axis2_diagnostic",
      "bucket": "original_test_all_10s+",
      "n": 8477,
      "acc": 0.9102276748849829,
      "macro_f1": 0.8473872837980255,
      "good_recall": 0.9082417582417582,
      "medium_recall": 0.9340262087663804,
      "bad_recall": 0.6715328467153284,
      "good_precision": 0.9405405405405406,
      "medium_precision": 0.9016357688113413,
      "bad_precision": 0.7320954907161804,
      "good_f1": 0.9241090146750525,
      "medium_f1": 0.9175452225058263,
      "bad_f1": 0.700507614213198,
      "support_good": 3640,
      "support_medium": 4426,
      "support_bad": 411,
      "confusion_3x3": "[[3306, 324, 10], [201, 4134, 91], [8, 127, 276]]"
    },
    {
      "variant_id": "nl_n7200_gm_trim_bad_goodlike_aux_tail_a12_good128_mid168_837d9498a6ae",
      "prediction_mode": "feature_pc1_qrsprom_visiblegood_wavegood_axis2_diagnostic",
      "bucket": "original_test_good_medium_only",
      "n": 8066,
      "acc": 0.9223902801884454,
      "macro_f1": 0.6186017602811531,
      "good_recall": 0.9082417582417582,
      "medium_recall": 0.9340262087663804,
      "bad_recall": 0.0,
      "good_precision": 0.9426860564585116,
      "medium_precision": 0.927321668909825,
      "bad_precision": 0.0,
      "good_f1": 0.9251434168182454,
      "medium_f1": 0.9306618640252139,
      "bad_f1": 0.0,
      "support_good": 3640,
      "support_medium": 4426,
      "support_bad": 0,
      "confusion_3x3": "[[3306, 324, 10], [201, 4134, 91], [0, 0, 0]]"
    },
    {
      "variant_id": "nl_n7200_gm_trim_bad_goodlike_aux_tail_a12_good128_mid168_837d9498a6ae",
      "prediction_mode": "feature_pc1_qrsprom_visiblegood_wavegood_axis2_diagnostic",
      "bucket": "original_test_bad_core_near_boundary",
      "n": 119,
      "acc": 1.0,
      "macro_f1": 0.3333333333333333,
      "good_recall": 0.0,
      "medium_recall": 0.0,
      "bad_recall": 1.0,
      "good_precision": 0.0,
      "medium_precision": 0.0,
      "bad_precision": 1.0,
      "good_f1": 0.0,
      "medium_f1": 0.0,
      "bad_f1": 1.0,
      "support_good": 0,
      "support_medium": 0,
      "support_bad": 119,
      "confusion_3x3": "[[0, 0, 0], [0, 0, 0], [0, 0, 119]]"
    },
    {
      "variant_id": "nl_n7200_gm_trim_bad_goodlike_aux_tail_a12_good128_mid168_837d9498a6ae",
      "prediction_mode": "feature_pc1_qrsprom_visiblegood_wavegood_axis2_diagnostic",
      "bucket": "original_test_bad_outlier_stress",
      "n": 292,
      "acc": 0.5376712328767124,
      "macro_f1": 0.23311061618411286,
      "good_recall": 0.0,
      "medium_recall": 0.0,
      "bad_recall": 0.5376712328767124,
      "good_precision": 0.0,
      "medium_precision": 0.0,
      "bad_precision": 1.0,
      "good_f1": 0.0,
      "medium_f1": 0.0,
      "bad_f1": 0.6993318485523385,
      "support_good": 0,
      "support_medium": 0,
      "support_bad": 292,
      "confusion_3x3": "[[0, 0, 0], [0, 0, 0], [8, 127, 157]]"
    },
    {
      "variant_id": "nl_n7200_gm_trim_bad_goodlike_aux_tail_a12_good128_mid168_837d9498a6ae",
      "prediction_mode": "feature_pc1_qrsprom_visiblegood_wavegood_axis2_diagnostic",
      "bucket": "original_test_drop_bad_outlier_reference",
      "n": 8185,
      "acc": 0.9235186316432499,
      "macro_f1": 0.8526233925328738,
      "good_recall": 0.9082417582417582,
      "medium_recall": 0.9340262087663804,
      "bad_recall": 1.0,
      "good_precision": 0.9426860564585116,
      "medium_precision": 0.927321668909825,
      "bad_precision": 0.5409090909090909,
      "good_f1": 0.9251434168182454,
      "medium_f1": 0.9306618640252139,
      "bad_f1": 0.7020648967551623,
      "support_good": 3640,
      "support_medium": 4426,
      "support_bad": 119,
      "confusion_3x3": "[[3306, 324, 10], [201, 4134, 91], [0, 0, 119]]"
    },
    {
      "variant_id": "nl_n7200_gm_trim_bad_goodlike_aux_tail_a12_good128_mid168_837d9498a6ae",
      "prediction_mode": "feature_pc1_qrsprom_visiblegood_wavegood_axis2_diagnostic",
      "bucket": "original_test_good_medium_overlap",
      "n": 7492,
      "acc": 0.9164442071542979,
      "macro_f1": 0.6151619340747128,
      "good_recall": 0.9072737368128817,
      "medium_recall": 0.9249357326478149,
      "bad_recall": 0.0,
      "good_precision": 0.9420582300374748,
      "medium_precision": 0.9173890872004079,
      "bad_precision": 0.0,
      "good_f1": 0.9243388488191203,
      "medium_f1": 0.921146953405018,
      "bad_f1": 0.0,
      "support_good": 3602,
      "support_medium": 3890,
      "support_bad": 0,
      "confusion_3x3": "[[3268, 324, 10], [201, 3598, 91], [0, 0, 0]]"
    },
    {
      "variant_id": "nl_n7200_gm_trim_bad_goodlike_aux_tail_a12_good128_mid168_837d9498a6ae",
      "prediction_mode": "feature_pc1_qrsprom_visiblegood_wavegood_axis2_diagnostic",
      "bucket": "original_all_bad_core_near_boundary",
      "n": 4084,
      "acc": 1.0,
      "macro_f1": 0.3333333333333333,
      "good_recall": 0.0,
      "medium_recall": 0.0,
      "bad_recall": 1.0,
      "good_precision": 0.0,
      "medium_precision": 0.0,
      "bad_precision": 1.0,
      "good_f1": 0.0,
      "medium_f1": 0.0,
      "bad_f1": 1.0,
      "support_good": 0,
      "support_medium": 0,
      "support_bad": 4084,
      "confusion_3x3": "[[0, 0, 0], [0, 0, 0], [0, 0, 4084]]"
    },
    {
      "variant_id": "nl_n7200_gm_trim_bad_goodlike_aux_tail_a12_good128_mid168_837d9498a6ae",
      "prediction_mode": "feature_pc1_qrsprom_visiblegood_wavegood_axis2_diagnostic",
      "bucket": "original_all_bad_outlier_stress",
      "n": 1201,
      "acc": 0.8442964196502915,
      "macro_f1": 0.3051918735891648,
      "good_recall": 0.0,
      "medium_recall": 0.0,
      "bad_recall": 0.8442964196502915,
      "good_precision": 0.0,
      "medium_precision": 0.0,
      "bad_precision": 1.0,
      "good_f1": 0.0,
      "medium_f1": 0.0,
      "bad_f1": 0.9155756207674943,
      "support_good": 0,
      "support_medium": 0,
      "support_bad": 1201,
      "confusion_3x3": "[[0, 0, 0], [0, 0, 0], [10, 177, 1014]]"
    }
  ],
  "selection_note": "Original BUT is report-only; Clean/SemiClean/node diagnostic remains the selection source."
}