{
  "created_at": "2026-06-13T12:43:34",
  "variant_id": "nl_n7200_gm_trim_bad_goodlike_aux_tail_a12_good128_mid168_837d9498a6ae",
  "prediction_mode": "feature_pc1_qrsprom_visiblegood_wavegood_largeblock_diagnostic",
  "metrics": [
    {
      "variant_id": "nl_n7200_gm_trim_bad_goodlike_aux_tail_a12_good128_mid168_837d9498a6ae",
      "prediction_mode": "feature_pc1_qrsprom_visiblegood_wavegood_largeblock_diagnostic",
      "bucket": "original_all_10s+",
      "n": 32956,
      "acc": 0.8269814297851681,
      "macro_f1": 0.8542605914716092,
      "good_recall": 0.724579006043537,
      "medium_recall": 0.9284907790741438,
      "bad_recall": 0.9530747398297067,
      "good_precision": 0.9471544715447154,
      "medium_precision": 0.668790240596408,
      "bad_precision": 0.9755955839628123,
      "good_f1": 0.8210498321199429,
      "medium_f1": 0.7775282669503211,
      "bad_f1": 0.9642036753445635,
      "support_good": 17043,
      "support_medium": 10628,
      "support_bad": 5285,
      "confusion_3x3": "[[12349, 4652, 42], [676, 9868, 84], [13, 235, 5037]]"
    },
    {
      "variant_id": "nl_n7200_gm_trim_bad_goodlike_aux_tail_a12_good128_mid168_837d9498a6ae",
      "prediction_mode": "feature_pc1_qrsprom_visiblegood_wavegood_largeblock_diagnostic",
      "bucket": "original_test_all_10s+",
      "n": 8477,
      "acc": 0.9037395304942787,
      "macro_f1": 0.8217911698658901,
      "good_recall": 0.9035714285714286,
      "medium_recall": 0.9365115228197017,
      "bad_recall": 0.5523114355231143,
      "good_precision": 0.9359704040978941,
      "medium_precision": 0.8900579772385656,
      "bad_precision": 0.7418300653594772,
      "good_f1": 0.9194856024601622,
      "medium_f1": 0.9126940438181218,
      "bad_f1": 0.6331938633193863,
      "support_good": 3640,
      "support_medium": 4426,
      "support_bad": 411,
      "confusion_3x3": "[[3289, 341, 10], [212, 4145, 69], [13, 171, 227]]"
    },
    {
      "variant_id": "nl_n7200_gm_trim_bad_goodlike_aux_tail_a12_good128_mid168_837d9498a6ae",
      "prediction_mode": "feature_pc1_qrsprom_visiblegood_wavegood_largeblock_diagnostic",
      "bucket": "original_test_good_medium_only",
      "n": 8066,
      "acc": 0.9216464170592611,
      "macro_f1": 0.6171219882220246,
      "good_recall": 0.9035714285714286,
      "medium_recall": 0.9365115228197017,
      "bad_recall": 0.0,
      "good_precision": 0.9394458726078263,
      "medium_precision": 0.9239857333927776,
      "bad_precision": 0.0,
      "good_f1": 0.9211595014703823,
      "medium_f1": 0.9302064631956912,
      "bad_f1": 0.0,
      "support_good": 3640,
      "support_medium": 4426,
      "support_bad": 0,
      "confusion_3x3": "[[3289, 341, 10], [212, 4145, 69], [0, 0, 0]]"
    },
    {
      "variant_id": "nl_n7200_gm_trim_bad_goodlike_aux_tail_a12_good128_mid168_837d9498a6ae",
      "prediction_mode": "feature_pc1_qrsprom_visiblegood_wavegood_largeblock_diagnostic",
      "bucket": "original_test_bad_core_near_boundary",
      "n": 119,
      "acc": 1.0,
      "macro_f1": 0.3333333333333333,
      "good_recall": 0.0,
      "medium_recall": 0.0,
      "bad_recall": 1.0,
      "good_precision": 0.0,
      "medium_precision": 0.0,
      "bad_precision": 1.0,
      "good_f1": 0.0,
      "medium_f1": 0.0,
      "bad_f1": 1.0,
      "support_good": 0,
      "support_medium": 0,
      "support_bad": 119,
      "confusion_3x3": "[[0, 0, 0], [0, 0, 0], [0, 0, 119]]"
    },
    {
      "variant_id": "nl_n7200_gm_trim_bad_goodlike_aux_tail_a12_good128_mid168_837d9498a6ae",
      "prediction_mode": "feature_pc1_qrsprom_visiblegood_wavegood_largeblock_diagnostic",
      "bucket": "original_test_bad_outlier_stress",
      "n": 292,
      "acc": 0.3698630136986301,
      "macro_f1": 0.18000000000000002,
      "good_recall": 0.0,
      "medium_recall": 0.0,
      "bad_recall": 0.3698630136986301,
      "good_precision": 0.0,
      "medium_precision": 0.0,
      "bad_precision": 1.0,
      "good_f1": 0.0,
      "medium_f1": 0.0,
      "bad_f1": 0.54,
      "support_good": 0,
      "support_medium": 0,
      "support_bad": 292,
      "confusion_3x3": "[[0, 0, 0], [0, 0, 0], [13, 171, 108]]"
    },
    {
      "variant_id": "nl_n7200_gm_trim_bad_goodlike_aux_tail_a12_good128_mid168_837d9498a6ae",
      "prediction_mode": "feature_pc1_qrsprom_visiblegood_wavegood_largeblock_diagnostic",
      "bucket": "original_test_drop_bad_outlier_reference",
      "n": 8185,
      "acc": 0.9227855833842394,
      "macro_f1": 0.8673848693997321,
      "good_recall": 0.9035714285714286,
      "medium_recall": 0.9365115228197017,
      "bad_recall": 1.0,
      "good_precision": 0.9394458726078263,
      "medium_precision": 0.9239857333927776,
      "bad_precision": 0.601010101010101,
      "good_f1": 0.9211595014703823,
      "medium_f1": 0.9302064631956912,
      "bad_f1": 0.750788643533123,
      "support_good": 3640,
      "support_medium": 4426,
      "support_bad": 119,
      "confusion_3x3": "[[3289, 341, 10], [212, 4145, 69], [0, 0, 119]]"
    },
    {
      "variant_id": "nl_n7200_gm_trim_bad_goodlike_aux_tail_a12_good128_mid168_837d9498a6ae",
      "prediction_mode": "feature_pc1_qrsprom_visiblegood_wavegood_largeblock_diagnostic",
      "bucket": "original_test_good_medium_overlap",
      "n": 7492,
      "acc": 0.9156433529097704,
      "macro_f1": 0.613658219834289,
      "good_recall": 0.9025541365907829,
      "medium_recall": 0.9277634961439589,
      "bad_recall": 0.0,
      "good_precision": 0.9387814034074502,
      "medium_precision": 0.9136708860759494,
      "bad_precision": 0.0,
      "good_f1": 0.9203113941967446,
      "medium_f1": 0.9206632653061224,
      "bad_f1": 0.0,
      "support_good": 3602,
      "support_medium": 3890,
      "support_bad": 0,
      "confusion_3x3": "[[3251, 341, 10], [212, 3609, 69], [0, 0, 0]]"
    },
    {
      "variant_id": "nl_n7200_gm_trim_bad_goodlike_aux_tail_a12_good128_mid168_837d9498a6ae",
      "prediction_mode": "feature_pc1_qrsprom_visiblegood_wavegood_largeblock_diagnostic",
      "bucket": "original_all_bad_core_near_boundary",
      "n": 4084,
      "acc": 1.0,
      "macro_f1": 0.3333333333333333,
      "good_recall": 0.0,
      "medium_recall": 0.0,
      "bad_recall": 1.0,
      "good_precision": 0.0,
      "medium_precision": 0.0,
      "bad_precision": 1.0,
      "good_f1": 0.0,
      "medium_f1": 0.0,
      "bad_f1": 1.0,
      "support_good": 0,
      "support_medium": 0,
      "support_bad": 4084,
      "confusion_3x3": "[[0, 0, 0], [0, 0, 0], [0, 0, 4084]]"
    },
    {
      "variant_id": "nl_n7200_gm_trim_bad_goodlike_aux_tail_a12_good128_mid168_837d9498a6ae",
      "prediction_mode": "feature_pc1_qrsprom_visiblegood_wavegood_largeblock_diagnostic",
      "bucket": "original_all_bad_outlier_stress",
      "n": 1201,
      "acc": 0.7935054121565362,
      "macro_f1": 0.2949551222531724,
      "good_recall": 0.0,
      "medium_recall": 0.0,
      "bad_recall": 0.7935054121565362,
      "good_precision": 0.0,
      "medium_precision": 0.0,
      "bad_precision": 1.0,
      "good_f1": 0.0,
      "medium_f1": 0.0,
      "bad_f1": 0.8848653667595172,
      "support_good": 0,
      "support_medium": 0,
      "support_bad": 1201,
      "confusion_3x3": "[[0, 0, 0], [0, 0, 0], [13, 235, 953]]"
    }
  ],
  "selection_note": "Original BUT is report-only; Clean/SemiClean/node diagnostic remains the selection source."
}