{
  "created_at": "2026-06-13T11:39:56",
  "variant_id": "nl_n7188_gm_trim_bad_boundaryblocks_badoutlier_visqrsnarr_a364001dc6cf",
  "prediction_mode": "feature_pc1_qrsprom_visiblegood_plus_precision_veto",
  "metrics": [
    {
      "variant_id": "nl_n7188_gm_trim_bad_boundaryblocks_badoutlier_visqrsnarr_a364001dc6cf",
      "prediction_mode": "feature_pc1_qrsprom_visiblegood_plus_precision_veto",
      "bucket": "original_all_10s+",
      "n": 32956,
      "acc": 0.8306833353562325,
      "macro_f1": 0.8562395070714368,
      "good_recall": 0.7508654579592795,
      "medium_recall": 0.9008280015054573,
      "bad_recall": 0.9470198675496688,
      "good_precision": 0.9269829771821804,
      "medium_precision": 0.6819574043735309,
      "bad_precision": 0.9790688575899843,
      "good_f1": 0.8296810165975104,
      "medium_f1": 0.7762597802732395,
      "bad_f1": 0.9627777243435607,
      "support_good": 17043,
      "support_medium": 10628,
      "support_bad": 5285,
      "confusion_3x3": "[[12797, 4204, 42], [989, 9574, 65], [19, 261, 5005]]"
    },
    {
      "variant_id": "nl_n7188_gm_trim_bad_boundaryblocks_badoutlier_visqrsnarr_a364001dc6cf",
      "prediction_mode": "feature_pc1_qrsprom_visiblegood_plus_precision_veto",
      "bucket": "original_test_all_10s+",
      "n": 8477,
      "acc": 0.8812079745192875,
      "macro_f1": 0.790671224159477,
      "good_recall": 0.8516483516483516,
      "medium_recall": 0.9430637144148215,
      "bad_recall": 0.4768856447688564,
      "good_precision": 0.9340162699608315,
      "medium_precision": 0.8518367346938776,
      "bad_precision": 0.7596899224806202,
      "good_f1": 0.8909326052593763,
      "medium_f1": 0.8951318893416256,
      "bad_f1": 0.585949177877429,
      "support_good": 3640,
      "support_medium": 4426,
      "support_bad": 411,
      "confusion_3x3": "[[3100, 530, 10], [200, 4174, 52], [19, 196, 196]]"
    },
    {
      "variant_id": "nl_n7188_gm_trim_bad_boundaryblocks_badoutlier_visqrsnarr_a364001dc6cf",
      "prediction_mode": "feature_pc1_qrsprom_visiblegood_plus_precision_veto",
      "bucket": "original_test_good_medium_only",
      "n": 8066,
      "acc": 0.9018100669476816,
      "macro_f1": 0.6025733534083938,
      "good_recall": 0.8516483516483516,
      "medium_recall": 0.9430637144148215,
      "bad_recall": 0.0,
      "good_precision": 0.9393939393939394,
      "medium_precision": 0.8873299319727891,
      "bad_precision": 0.0,
      "good_f1": 0.8933717579250721,
      "medium_f1": 0.9143483023001095,
      "bad_f1": 0.0,
      "support_good": 3640,
      "support_medium": 4426,
      "support_bad": 0,
      "confusion_3x3": "[[3100, 530, 10], [200, 4174, 52], [0, 0, 0]]"
    },
    {
      "variant_id": "nl_n7188_gm_trim_bad_boundaryblocks_badoutlier_visqrsnarr_a364001dc6cf",
      "prediction_mode": "feature_pc1_qrsprom_visiblegood_plus_precision_veto",
      "bucket": "original_test_bad_core_near_boundary",
      "n": 119,
      "acc": 1.0,
      "macro_f1": 0.3333333333333333,
      "good_recall": 0.0,
      "medium_recall": 0.0,
      "bad_recall": 1.0,
      "good_precision": 0.0,
      "medium_precision": 0.0,
      "bad_precision": 1.0,
      "good_f1": 0.0,
      "medium_f1": 0.0,
      "bad_f1": 1.0,
      "support_good": 0,
      "support_medium": 0,
      "support_bad": 119,
      "confusion_3x3": "[[0, 0, 0], [0, 0, 0], [0, 0, 119]]"
    },
    {
      "variant_id": "nl_n7188_gm_trim_bad_boundaryblocks_badoutlier_visqrsnarr_a364001dc6cf",
      "prediction_mode": "feature_pc1_qrsprom_visiblegood_plus_precision_veto",
      "bucket": "original_test_bad_outlier_stress",
      "n": 292,
      "acc": 0.2636986301369863,
      "macro_f1": 0.13911472448057813,
      "good_recall": 0.0,
      "medium_recall": 0.0,
      "bad_recall": 0.2636986301369863,
      "good_precision": 0.0,
      "medium_precision": 0.0,
      "bad_precision": 1.0,
      "good_f1": 0.0,
      "medium_f1": 0.0,
      "bad_f1": 0.4173441734417344,
      "support_good": 0,
      "support_medium": 0,
      "support_bad": 292,
      "confusion_3x3": "[[0, 0, 0], [0, 0, 0], [19, 196, 77]]"
    },
    {
      "variant_id": "nl_n7188_gm_trim_bad_boundaryblocks_badoutlier_visqrsnarr_a364001dc6cf",
      "prediction_mode": "feature_pc1_qrsprom_visiblegood_plus_precision_veto",
      "bucket": "original_test_drop_bad_outlier_reference",
      "n": 8185,
      "acc": 0.9032376298106292,
      "macro_f1": 0.8670177978528383,
      "good_recall": 0.8516483516483516,
      "medium_recall": 0.9430637144148215,
      "bad_recall": 1.0,
      "good_precision": 0.9393939393939394,
      "medium_precision": 0.8873299319727891,
      "bad_precision": 0.6574585635359116,
      "good_f1": 0.8933717579250721,
      "medium_f1": 0.9143483023001095,
      "bad_f1": 0.7933333333333333,
      "support_good": 3640,
      "support_medium": 4426,
      "support_bad": 119,
      "confusion_3x3": "[[3100, 530, 10], [200, 4174, 52], [0, 0, 119]]"
    },
    {
      "variant_id": "nl_n7188_gm_trim_bad_boundaryblocks_badoutlier_visqrsnarr_a364001dc6cf",
      "prediction_mode": "feature_pc1_qrsprom_visiblegood_plus_precision_veto",
      "bucket": "original_test_good_medium_overlap",
      "n": 7492,
      "acc": 0.8944207154297917,
      "macro_f1": 0.5984702852405035,
      "good_recall": 0.8500832870627429,
      "medium_recall": 0.9354755784061697,
      "bad_recall": 0.0,
      "good_precision": 0.9389757743023612,
      "medium_precision": 0.8728711921324058,
      "bad_precision": 0.0,
      "good_f1": 0.8923211423575695,
      "medium_f1": 0.903089713363941,
      "bad_f1": 0.0,
      "support_good": 3602,
      "support_medium": 3890,
      "support_bad": 0,
      "confusion_3x3": "[[3062, 530, 10], [199, 3639, 52], [0, 0, 0]]"
    },
    {
      "variant_id": "nl_n7188_gm_trim_bad_boundaryblocks_badoutlier_visqrsnarr_a364001dc6cf",
      "prediction_mode": "feature_pc1_qrsprom_visiblegood_plus_precision_veto",
      "bucket": "original_all_bad_core_near_boundary",
      "n": 4084,
      "acc": 1.0,
      "macro_f1": 0.3333333333333333,
      "good_recall": 0.0,
      "medium_recall": 0.0,
      "bad_recall": 1.0,
      "good_precision": 0.0,
      "medium_precision": 0.0,
      "bad_precision": 1.0,
      "good_f1": 0.0,
      "medium_f1": 0.0,
      "bad_f1": 1.0,
      "support_good": 0,
      "support_medium": 0,
      "support_bad": 4084,
      "confusion_3x3": "[[0, 0, 0], [0, 0, 0], [0, 0, 4084]]"
    },
    {
      "variant_id": "nl_n7188_gm_trim_bad_boundaryblocks_badoutlier_visqrsnarr_a364001dc6cf",
      "prediction_mode": "feature_pc1_qrsprom_visiblegood_plus_precision_veto",
      "bucket": "original_all_bad_outlier_stress",
      "n": 1201,
      "acc": 0.7668609492089925,
      "macro_f1": 0.28934967012252594,
      "good_recall": 0.0,
      "medium_recall": 0.0,
      "bad_recall": 0.7668609492089925,
      "good_precision": 0.0,
      "medium_precision": 0.0,
      "bad_precision": 1.0,
      "good_f1": 0.0,
      "medium_f1": 0.0,
      "bad_f1": 0.8680490103675778,
      "support_good": 0,
      "support_medium": 0,
      "support_bad": 1201,
      "confusion_3x3": "[[0, 0, 0], [0, 0, 0], [19, 261, 921]]"
    }
  ],
  "selection_note": "Original BUT is report-only; Clean/SemiClean/node diagnostic remains the selection source."
}