{
  "created_at": "2026-06-13T05:43:33",
  "variant_id": "nl_n7182_gm_trim_bad_boundaryblocks_badattackwide_dual_n7_5b567b543eaf",
  "prediction_mode": "raw",
  "metrics": [
    {
      "variant_id": "nl_n7182_gm_trim_bad_boundaryblocks_badattackwide_dual_n7_5b567b543eaf",
      "prediction_mode": "raw",
      "bucket": "original_all_10s+",
      "n": 32956,
      "acc": 0.8243415463041631,
      "macro_f1": 0.8327466952566951,
      "good_recall": 0.8058440415419821,
      "medium_recall": 0.8032555513737297,
      "bad_recall": 0.92639545884579,
      "good_precision": 0.9024839006439742,
      "medium_precision": 0.7065883131931799,
      "bad_precision": 0.8656294200848657,
      "good_f1": 0.8514305198226961,
      "medium_f1": 0.7518273888154998,
      "bad_f1": 0.8949821771318892,
      "support_good": 17043,
      "support_medium": 10628,
      "support_bad": 5285,
      "confusion_3x3": "[[13734, 3181, 128], [1459, 8537, 632], [25, 364, 4896]]"
    },
    {
      "variant_id": "nl_n7182_gm_trim_bad_boundaryblocks_badattackwide_dual_n7_5b567b543eaf",
      "prediction_mode": "raw",
      "bucket": "original_test_all_10s+",
      "n": 8477,
      "acc": 0.7456647398843931,
      "macro_f1": 0.5829710782339629,
      "good_recall": 0.8423076923076923,
      "medium_recall": 0.7141888838680525,
      "bad_recall": 0.22871046228710462,
      "good_precision": 0.803248624574273,
      "medium_precision": 0.7882793017456359,
      "bad_precision": 0.14461538461538462,
      "good_f1": 0.8223146037280408,
      "medium_f1": 0.749407302038881,
      "bad_f1": 0.177191328934967,
      "support_good": 3640,
      "support_medium": 4426,
      "support_bad": 411,
      "confusion_3x3": "[[3066, 552, 22], [731, 3161, 534], [20, 297, 94]]"
    },
    {
      "variant_id": "nl_n7182_gm_trim_bad_boundaryblocks_badattackwide_dual_n7_5b567b543eaf",
      "prediction_mode": "raw",
      "bucket": "original_test_good_medium_only",
      "n": 8066,
      "acc": 0.7720059509050334,
      "macro_f1": 0.5337599731755015,
      "good_recall": 0.8423076923076923,
      "medium_recall": 0.7141888838680525,
      "bad_recall": 0.0,
      "good_precision": 0.8074795891493284,
      "medium_precision": 0.8513331537840022,
      "bad_precision": 0.0,
      "good_f1": 0.8245260185558693,
      "medium_f1": 0.7767539009706352,
      "bad_f1": 0.0,
      "support_good": 3640,
      "support_medium": 4426,
      "support_bad": 0,
      "confusion_3x3": "[[3066, 552, 22], [731, 3161, 534], [0, 0, 0]]"
    },
    {
      "variant_id": "nl_n7182_gm_trim_bad_boundaryblocks_badattackwide_dual_n7_5b567b543eaf",
      "prediction_mode": "raw",
      "bucket": "original_test_bad_core_near_boundary",
      "n": 119,
      "acc": 0.5462184873949579,
      "macro_f1": 0.2355072463768116,
      "good_recall": 0.0,
      "medium_recall": 0.0,
      "bad_recall": 0.5462184873949579,
      "good_precision": 0.0,
      "medium_precision": 0.0,
      "bad_precision": 1.0,
      "good_f1": 0.0,
      "medium_f1": 0.0,
      "bad_f1": 0.7065217391304348,
      "support_good": 0,
      "support_medium": 0,
      "support_bad": 119,
      "confusion_3x3": "[[0, 0, 0], [0, 0, 0], [0, 54, 65]]"
    },
    {
      "variant_id": "nl_n7182_gm_trim_bad_boundaryblocks_badattackwide_dual_n7_5b567b543eaf",
      "prediction_mode": "raw",
      "bucket": "original_test_bad_outlier_stress",
      "n": 292,
      "acc": 0.09931506849315068,
      "macro_f1": 0.060228452751817235,
      "good_recall": 0.0,
      "medium_recall": 0.0,
      "bad_recall": 0.09931506849315068,
      "good_precision": 0.0,
      "medium_precision": 0.0,
      "bad_precision": 1.0,
      "good_f1": 0.0,
      "medium_f1": 0.0,
      "bad_f1": 0.1806853582554517,
      "support_good": 0,
      "support_medium": 0,
      "support_bad": 292,
      "confusion_3x3": "[[0, 0, 0], [0, 0, 0], [20, 243, 29]]"
    },
    {
      "variant_id": "nl_n7182_gm_trim_bad_boundaryblocks_badattackwide_dual_n7_5b567b543eaf",
      "prediction_mode": "raw",
      "bucket": "original_test_drop_bad_outlier_reference",
      "n": 8185,
      "acc": 0.7687232742822235,
      "macro_f1": 0.5906120054045749,
      "good_recall": 0.8423076923076923,
      "medium_recall": 0.7141888838680525,
      "bad_recall": 0.5462184873949579,
      "good_precision": 0.8074795891493284,
      "medium_precision": 0.8391292805946376,
      "bad_precision": 0.10466988727858294,
      "good_f1": 0.8245260185558693,
      "medium_f1": 0.77163432198218,
      "bad_f1": 0.17567567567567569,
      "support_good": 3640,
      "support_medium": 4426,
      "support_bad": 119,
      "confusion_3x3": "[[3066, 552, 22], [731, 3161, 534], [0, 54, 65]]"
    },
    {
      "variant_id": "nl_n7182_gm_trim_bad_boundaryblocks_badattackwide_dual_n7_5b567b543eaf",
      "prediction_mode": "raw",
      "bucket": "original_test_good_medium_overlap",
      "n": 7492,
      "acc": 0.7552055525894287,
      "macro_f1": 0.5223132984438744,
      "good_recall": 0.8406440866185453,
      "medium_recall": 0.6760925449871465,
      "bad_recall": 0.0,
      "good_precision": 0.8063914780292942,
      "medium_precision": 0.8265241986172219,
      "bad_precision": 0.0,
      "good_f1": 0.8231616147886367,
      "medium_f1": 0.7437782805429864,
      "bad_f1": 0.0,
      "support_good": 3602,
      "support_medium": 3890,
      "support_bad": 0,
      "confusion_3x3": "[[3028, 552, 22], [727, 2630, 533], [0, 0, 0]]"
    },
    {
      "variant_id": "nl_n7182_gm_trim_bad_boundaryblocks_badattackwide_dual_n7_5b567b543eaf",
      "prediction_mode": "raw",
      "bucket": "original_all_bad_core_near_boundary",
      "n": 4084,
      "acc": 0.9865328109696376,
      "macro_f1": 0.33107358560335265,
      "good_recall": 0.0,
      "medium_recall": 0.0,
      "bad_recall": 0.9865328109696376,
      "good_precision": 0.0,
      "medium_precision": 0.0,
      "bad_precision": 1.0,
      "good_f1": 0.0,
      "medium_f1": 0.0,
      "bad_f1": 0.993220756810058,
      "support_good": 0,
      "support_medium": 0,
      "support_bad": 4084,
      "confusion_3x3": "[[0, 0, 0], [0, 0, 0], [0, 55, 4029]]"
    },
    {
      "variant_id": "nl_n7182_gm_trim_bad_boundaryblocks_badattackwide_dual_n7_5b567b543eaf",
      "prediction_mode": "raw",
      "bucket": "original_all_bad_outlier_stress",
      "n": 1201,
      "acc": 0.7218984179850125,
      "macro_f1": 0.27949709864603484,
      "good_recall": 0.0,
      "medium_recall": 0.0,
      "bad_recall": 0.7218984179850125,
      "good_precision": 0.0,
      "medium_precision": 0.0,
      "bad_precision": 1.0,
      "good_f1": 0.0,
      "medium_f1": 0.0,
      "bad_f1": 0.8384912959381045,
      "support_good": 0,
      "support_medium": 0,
      "support_bad": 1201,
      "confusion_3x3": "[[0, 0, 0], [0, 0, 0], [25, 309, 867]]"
    }
  ],
  "selection_note": "Original BUT is report-only; Clean/SemiClean/node diagnostic remains the selection source."
}