{
  "created_at": "2026-06-13T04:38:42",
  "variant_id": "nl_n7180_gm_trim_bad_boundaryblocks_origbridge_lowqrsbrid_db6d50ec72f9",
  "prediction_mode": "raw",
  "metrics": [
    {
      "variant_id": "nl_n7180_gm_trim_bad_boundaryblocks_origbridge_lowqrsbrid_db6d50ec72f9",
      "prediction_mode": "raw",
      "bucket": "original_all_10s+",
      "n": 32956,
      "acc": 0.758071367884452,
      "macro_f1": 0.7979300190702062,
      "good_recall": 0.6215455025523675,
      "medium_recall": 0.9014866390666165,
      "bad_recall": 0.909933774834437,
      "good_precision": 0.9078676722660267,
      "medium_precision": 0.5834246742175131,
      "bad_precision": 0.9882860665844636,
      "good_f1": 0.737905332450977,
      "medium_f1": 0.7083918669131238,
      "bad_f1": 0.9474928578465176,
      "support_good": 17043,
      "support_medium": 10628,
      "support_bad": 5285,
      "confusion_3x3": "[[10593, 6442, 8], [998, 9581, 49], [77, 399, 4809]]"
    },
    {
      "variant_id": "nl_n7180_gm_trim_bad_boundaryblocks_origbridge_lowqrsbrid_db6d50ec72f9",
      "prediction_mode": "raw",
      "bucket": "original_test_all_10s+",
      "n": 8477,
      "acc": 0.7556918721245723,
      "macro_f1": 0.5209401403233261,
      "good_recall": 0.7497252747252747,
      "medium_recall": 0.8300948938093087,
      "bad_recall": 0.0072992700729927005,
      "good_precision": 0.7772714326402734,
      "medium_precision": 0.7473555736371034,
      "bad_precision": 0.06,
      "good_f1": 0.7632498951195636,
      "medium_f1": 0.7865553414686363,
      "bad_f1": 0.013015184381778741,
      "support_good": 3640,
      "support_medium": 4426,
      "support_bad": 411,
      "confusion_3x3": "[[2729, 907, 4], [709, 3674, 43], [73, 335, 3]]"
    },
    {
      "variant_id": "nl_n7180_gm_trim_bad_boundaryblocks_origbridge_lowqrsbrid_db6d50ec72f9",
      "prediction_mode": "raw",
      "bucket": "original_test_good_medium_only",
      "n": 8066,
      "acc": 0.7938259360277709,
      "macro_f1": 0.5289772371428713,
      "good_recall": 0.7497252747252747,
      "medium_recall": 0.8300948938093087,
      "bad_recall": 0.0,
      "good_precision": 0.7937754508435136,
      "medium_precision": 0.8020082951320673,
      "bad_precision": 0.0,
      "good_f1": 0.7711217858152021,
      "medium_f1": 0.8158099256134118,
      "bad_f1": 0.0,
      "support_good": 3640,
      "support_medium": 4426,
      "support_bad": 0,
      "confusion_3x3": "[[2729, 907, 4], [709, 3674, 43], [0, 0, 0]]"
    },
    {
      "variant_id": "nl_n7180_gm_trim_bad_boundaryblocks_origbridge_lowqrsbrid_db6d50ec72f9",
      "prediction_mode": "raw",
      "bucket": "original_test_bad_core_near_boundary",
      "n": 119,
      "acc": 0.0,
      "macro_f1": 0.0,
      "good_recall": 0.0,
      "medium_recall": 0.0,
      "bad_recall": 0.0,
      "good_precision": 0.0,
      "medium_precision": 0.0,
      "bad_precision": 0.0,
      "good_f1": 0.0,
      "medium_f1": 0.0,
      "bad_f1": 0.0,
      "support_good": 0,
      "support_medium": 0,
      "support_bad": 119,
      "confusion_3x3": "[[0, 0, 0], [0, 0, 0], [0, 119, 0]]"
    },
    {
      "variant_id": "nl_n7180_gm_trim_bad_boundaryblocks_origbridge_lowqrsbrid_db6d50ec72f9",
      "prediction_mode": "raw",
      "bucket": "original_test_bad_outlier_stress",
      "n": 292,
      "acc": 0.010273972602739725,
      "macro_f1": 0.006779661016949152,
      "good_recall": 0.0,
      "medium_recall": 0.0,
      "bad_recall": 0.010273972602739725,
      "good_precision": 0.0,
      "medium_precision": 0.0,
      "bad_precision": 1.0,
      "good_f1": 0.0,
      "medium_f1": 0.0,
      "bad_f1": 0.020338983050847456,
      "support_good": 0,
      "support_medium": 0,
      "support_bad": 292,
      "confusion_3x3": "[[0, 0, 0], [0, 0, 0], [73, 216, 3]]"
    },
    {
      "variant_id": "nl_n7180_gm_trim_bad_boundaryblocks_origbridge_lowqrsbrid_db6d50ec72f9",
      "prediction_mode": "raw",
      "bucket": "original_test_drop_bad_outlier_reference",
      "n": 8185,
      "acc": 0.7822846670739158,
      "macro_f1": 0.5254312739188229,
      "good_recall": 0.7497252747252747,
      "medium_recall": 0.8300948938093087,
      "bad_recall": 0.0,
      "good_precision": 0.7937754508435136,
      "medium_precision": 0.7817021276595745,
      "bad_precision": 0.0,
      "good_f1": 0.7711217858152021,
      "medium_f1": 0.8051720359412667,
      "bad_f1": 0.0,
      "support_good": 3640,
      "support_medium": 4426,
      "support_bad": 119,
      "confusion_3x3": "[[2729, 907, 4], [709, 3674, 43], [0, 119, 0]]"
    },
    {
      "variant_id": "nl_n7180_gm_trim_bad_boundaryblocks_origbridge_lowqrsbrid_db6d50ec72f9",
      "prediction_mode": "raw",
      "bucket": "original_test_good_medium_overlap",
      "n": 7492,
      "acc": 0.7786972770955686,
      "macro_f1": 0.5202914839237206,
      "good_recall": 0.7470849528039978,
      "medium_recall": 0.8079691516709512,
      "bad_recall": 0.0,
      "good_precision": 0.7926362297496318,
      "medium_precision": 0.7760493827160494,
      "bad_precision": 0.0,
      "good_f1": 0.7691867943404316,
      "medium_f1": 0.7916876574307304,
      "bad_f1": 0.0,
      "support_good": 3602,
      "support_medium": 3890,
      "support_bad": 0,
      "confusion_3x3": "[[2691, 907, 4], [704, 3143, 43], [0, 0, 0]]"
    },
    {
      "variant_id": "nl_n7180_gm_trim_bad_boundaryblocks_origbridge_lowqrsbrid_db6d50ec72f9",
      "prediction_mode": "raw",
      "bucket": "original_all_bad_core_near_boundary",
      "n": 4084,
      "acc": 0.9708619000979432,
      "macro_f1": 0.3284051849090984,
      "good_recall": 0.0,
      "medium_recall": 0.0,
      "bad_recall": 0.9708619000979432,
      "good_precision": 0.0,
      "medium_precision": 0.0,
      "bad_precision": 1.0,
      "good_f1": 0.0,
      "medium_f1": 0.0,
      "bad_f1": 0.9852155547272953,
      "support_good": 0,
      "support_medium": 0,
      "support_bad": 4084,
      "confusion_3x3": "[[0, 0, 0], [0, 0, 0], [0, 119, 3965]]"
    },
    {
      "variant_id": "nl_n7180_gm_trim_bad_boundaryblocks_origbridge_lowqrsbrid_db6d50ec72f9",
      "prediction_mode": "raw",
      "bucket": "original_all_bad_outlier_stress",
      "n": 1201,
      "acc": 0.7027477102414654,
      "macro_f1": 0.2751426242868786,
      "good_recall": 0.0,
      "medium_recall": 0.0,
      "bad_recall": 0.7027477102414654,
      "good_precision": 0.0,
      "medium_precision": 0.0,
      "bad_precision": 1.0,
      "good_f1": 0.0,
      "medium_f1": 0.0,
      "bad_f1": 0.8254278728606357,
      "support_good": 0,
      "support_medium": 0,
      "support_bad": 1201,
      "confusion_3x3": "[[0, 0, 0], [0, 0, 0], [77, 280, 844]]"
    }
  ],
  "selection_note": "Original BUT is report-only; Clean/SemiClean/node diagnostic remains the selection source."
}