{
  "created_at": "2026-06-13T03:39:49",
  "variant_id": "nl_n7179_gm_trim_bad_boundaryblocks_ultramicro_goodmed_n7_7a210e9eef05",
  "prediction_mode": "medium_guarded_pmed001",
  "metrics": [
    {
      "variant_id": "nl_n7179_gm_trim_bad_boundaryblocks_ultramicro_goodmed_n7_7a210e9eef05",
      "prediction_mode": "medium_guarded_pmed001",
      "bucket": "original_all_10s+",
      "n": 32956,
      "acc": 0.8045272484524821,
      "macro_f1": 0.8328739273806033,
      "good_recall": 0.7726926010678871,
      "medium_recall": 0.7953519006398193,
      "bad_recall": 0.9256385998107852,
      "good_precision": 0.8560192407696308,
      "medium_precision": 0.6669033530571992,
      "bad_precision": 0.9989789667143149,
      "good_f1": 0.812224380917137,
      "medium_f1": 0.7254859889284642,
      "bad_f1": 0.960911412296209,
      "support_good": 17043,
      "support_medium": 10628,
      "support_bad": 5285,
      "confusion_3x3": "[[13169, 3874, 0], [2170, 8453, 5], [45, 348, 4892]]"
    },
    {
      "variant_id": "nl_n7179_gm_trim_bad_boundaryblocks_ultramicro_goodmed_n7_7a210e9eef05",
      "prediction_mode": "medium_guarded_pmed001",
      "bucket": "original_test_all_10s+",
      "n": 8477,
      "acc": 0.7144036805473635,
      "macro_f1": 0.5917918827292373,
      "good_recall": 0.5848901098901099,
      "medium_recall": 0.8678264798915499,
      "bad_recall": 0.20924574209245742,
      "good_precision": 0.7727767695099819,
      "medium_precision": 0.6815117104329311,
      "bad_precision": 1.0,
      "good_f1": 0.6658326817826427,
      "medium_f1": 0.7634665076525542,
      "bad_f1": 0.3460764587525151,
      "support_good": 3640,
      "support_medium": 4426,
      "support_bad": 411,
      "confusion_3x3": "[[2129, 1511, 0], [585, 3841, 0], [41, 284, 86]]"
    },
    {
      "variant_id": "nl_n7179_gm_trim_bad_boundaryblocks_ultramicro_goodmed_n7_7a210e9eef05",
      "prediction_mode": "medium_guarded_pmed001",
      "bucket": "original_test_good_medium_only",
      "n": 8066,
      "acc": 0.7401438135383089,
      "macro_f1": 0.485256762663927,
      "good_recall": 0.5848901098901099,
      "medium_recall": 0.8678264798915499,
      "bad_recall": 0.0,
      "good_precision": 0.7844509948415622,
      "medium_precision": 0.7176756352765321,
      "bad_precision": 0.0,
      "good_f1": 0.6701290525653132,
      "medium_f1": 0.7856412354264676,
      "bad_f1": 0.0,
      "support_good": 3640,
      "support_medium": 4426,
      "support_bad": 0,
      "confusion_3x3": "[[2129, 1511, 0], [585, 3841, 0], [0, 0, 0]]"
    },
    {
      "variant_id": "nl_n7179_gm_trim_bad_boundaryblocks_ultramicro_goodmed_n7_7a210e9eef05",
      "prediction_mode": "medium_guarded_pmed001",
      "bucket": "original_test_bad_core_near_boundary",
      "n": 119,
      "acc": 0.7226890756302521,
      "macro_f1": 0.27967479674796747,
      "good_recall": 0.0,
      "medium_recall": 0.0,
      "bad_recall": 0.7226890756302521,
      "good_precision": 0.0,
      "medium_precision": 0.0,
      "bad_precision": 1.0,
      "good_f1": 0.0,
      "medium_f1": 0.0,
      "bad_f1": 0.8390243902439024,
      "support_good": 0,
      "support_medium": 0,
      "support_bad": 119,
      "confusion_3x3": "[[0, 0, 0], [0, 0, 0], [0, 33, 86]]"
    },
    {
      "variant_id": "nl_n7179_gm_trim_bad_boundaryblocks_ultramicro_goodmed_n7_7a210e9eef05",
      "prediction_mode": "medium_guarded_pmed001",
      "bucket": "original_test_bad_outlier_stress",
      "n": 292,
      "acc": 0.0,
      "macro_f1": 0.0,
      "good_recall": 0.0,
      "medium_recall": 0.0,
      "bad_recall": 0.0,
      "good_precision": 0.0,
      "medium_precision": 0.0,
      "bad_precision": 0.0,
      "good_f1": 0.0,
      "medium_f1": 0.0,
      "bad_f1": 0.0,
      "support_good": 0,
      "support_medium": 0,
      "support_bad": 292,
      "confusion_3x3": "[[0, 0, 0], [0, 0, 0], [41, 251, 0]]"
    },
    {
      "variant_id": "nl_n7179_gm_trim_bad_boundaryblocks_ultramicro_goodmed_n7_7a210e9eef05",
      "prediction_mode": "medium_guarded_pmed001",
      "bucket": "original_test_drop_bad_outlier_reference",
      "n": 8185,
      "acc": 0.7398900427611484,
      "macro_f1": 0.7640507059219656,
      "good_recall": 0.5848901098901099,
      "medium_recall": 0.8678264798915499,
      "bad_recall": 0.7226890756302521,
      "good_precision": 0.7844509948415622,
      "medium_precision": 0.7132776230269267,
      "bad_precision": 1.0,
      "good_f1": 0.6701290525653132,
      "medium_f1": 0.7829986749566813,
      "bad_f1": 0.8390243902439024,
      "support_good": 3640,
      "support_medium": 4426,
      "support_bad": 119,
      "confusion_3x3": "[[2129, 1511, 0], [585, 3841, 0], [0, 33, 86]]"
    },
    {
      "variant_id": "nl_n7179_gm_trim_bad_boundaryblocks_ultramicro_goodmed_n7_7a210e9eef05",
      "prediction_mode": "medium_guarded_pmed001",
      "bucket": "original_test_good_medium_overlap",
      "n": 7492,
      "acc": 0.7210357714895889,
      "macro_f1": 0.4756246564282279,
      "good_recall": 0.5805108273181566,
      "medium_recall": 0.8511568123393316,
      "bad_recall": 0.0,
      "good_precision": 0.7831460674157303,
      "medium_precision": 0.6866445458316052,
      "bad_precision": 0.0,
      "good_f1": 0.6667729591836735,
      "medium_f1": 0.76010101010101,
      "bad_f1": 0.0,
      "support_good": 3602,
      "support_medium": 3890,
      "support_bad": 0,
      "confusion_3x3": "[[2091, 1511, 0], [579, 3311, 0], [0, 0, 0]]"
    },
    {
      "variant_id": "nl_n7179_gm_trim_bad_boundaryblocks_ultramicro_goodmed_n7_7a210e9eef05",
      "prediction_mode": "medium_guarded_pmed001",
      "bucket": "original_all_bad_core_near_boundary",
      "n": 4084,
      "acc": 0.9919196865817825,
      "macro_f1": 0.33198115140340095,
      "good_recall": 0.0,
      "medium_recall": 0.0,
      "bad_recall": 0.9919196865817825,
      "good_precision": 0.0,
      "medium_precision": 0.0,
      "bad_precision": 1.0,
      "good_f1": 0.0,
      "medium_f1": 0.0,
      "bad_f1": 0.9959434542102028,
      "support_good": 0,
      "support_medium": 0,
      "support_bad": 4084,
      "confusion_3x3": "[[0, 0, 0], [0, 0, 0], [0, 33, 4051]]"
    },
    {
      "variant_id": "nl_n7179_gm_trim_bad_boundaryblocks_ultramicro_goodmed_n7_7a210e9eef05",
      "prediction_mode": "medium_guarded_pmed001",
      "bucket": "original_all_bad_outlier_stress",
      "n": 1201,
      "acc": 0.7002497918401333,
      "macro_f1": 0.2745674175644793,
      "good_recall": 0.0,
      "medium_recall": 0.0,
      "bad_recall": 0.7002497918401333,
      "good_precision": 0.0,
      "medium_precision": 0.0,
      "bad_precision": 1.0,
      "good_f1": 0.0,
      "medium_f1": 0.0,
      "bad_f1": 0.8237022526934378,
      "support_good": 0,
      "support_medium": 0,
      "support_bad": 1201,
      "confusion_3x3": "[[0, 0, 0], [0, 0, 0], [45, 315, 841]]"
    }
  ],
  "selection_note": "Original BUT is report-only; Clean/SemiClean/node diagnostic remains the selection source."
}