{
  "created_at": "2026-06-13T14:37:59",
  "variant_id": "nl_n8400_gm_trim_bad_boundaryblocks_bigjump_mediumwall_n7_1cc9f65727d1",
  "prediction_mode": "simple_pc1_gm_gate_trainfit",
  "metrics": [
    {
      "variant_id": "nl_n8400_gm_trim_bad_boundaryblocks_bigjump_mediumwall_n7_1cc9f65727d1",
      "prediction_mode": "simple_pc1_gm_gate_trainfit",
      "bucket": "original_all_10s+",
      "n": 32956,
      "acc": 0.8278917344337905,
      "macro_f1": 0.8502159241907495,
      "good_recall": 0.8027929355160477,
      "medium_recall": 0.8280015054572827,
      "bad_recall": 0.9086092715231788,
      "good_precision": 0.8691950956101899,
      "medium_precision": 0.7089341819060663,
      "bad_precision": 1.0,
      "good_f1": 0.8346754514397267,
      "medium_f1": 0.7638557354281498,
      "bad_f1": 0.952116585704372,
      "support_good": 17043,
      "support_medium": 10628,
      "support_bad": 5285,
      "confusion_3x3": "[[13682, 3361, 0], [1828, 8800, 0], [231, 252, 4802]]"
    },
    {
      "variant_id": "nl_n8400_gm_trim_bad_boundaryblocks_bigjump_mediumwall_n7_1cc9f65727d1",
      "prediction_mode": "simple_pc1_gm_gate_trainfit",
      "bucket": "original_test_all_10s+",
      "n": 8477,
      "acc": 0.7536864456765365,
      "macro_f1": 0.5146892592303853,
      "good_recall": 0.9280219780219781,
      "medium_recall": 0.6802982376863985,
      "bad_recall": 0.0,
      "good_precision": 0.6727743477394941,
      "medium_precision": 0.8712384259259259,
      "bad_precision": 0.0,
      "good_f1": 0.7800484932455837,
      "medium_f1": 0.7640192844455722,
      "bad_f1": 0.0,
      "support_good": 3640,
      "support_medium": 4426,
      "support_bad": 411,
      "confusion_3x3": "[[3378, 262, 0], [1415, 3011, 0], [228, 183, 0]]"
    },
    {
      "variant_id": "nl_n8400_gm_trim_bad_boundaryblocks_bigjump_mediumwall_n7_1cc9f65727d1",
      "prediction_mode": "simple_pc1_gm_gate_trainfit",
      "bucket": "original_test_good_medium_only",
      "n": 8066,
      "acc": 0.7920902553930077,
      "macro_f1": 0.5277726295826888,
      "good_recall": 0.9280219780219781,
      "medium_recall": 0.6802982376863985,
      "bad_recall": 0.0,
      "good_precision": 0.704777800959733,
      "medium_precision": 0.9199511151848457,
      "bad_precision": 0.0,
      "good_f1": 0.8011383849163999,
      "medium_f1": 0.7821795038316665,
      "bad_f1": 0.0,
      "support_good": 3640,
      "support_medium": 4426,
      "support_bad": 0,
      "confusion_3x3": "[[3378, 262, 0], [1415, 3011, 0], [0, 0, 0]]"
    },
    {
      "variant_id": "nl_n8400_gm_trim_bad_boundaryblocks_bigjump_mediumwall_n7_1cc9f65727d1",
      "prediction_mode": "simple_pc1_gm_gate_trainfit",
      "bucket": "original_test_bad_core_near_boundary",
      "n": 119,
      "acc": 0.0,
      "macro_f1": 0.0,
      "good_recall": 0.0,
      "medium_recall": 0.0,
      "bad_recall": 0.0,
      "good_precision": 0.0,
      "medium_precision": 0.0,
      "bad_precision": 0.0,
      "good_f1": 0.0,
      "medium_f1": 0.0,
      "bad_f1": 0.0,
      "support_good": 0,
      "support_medium": 0,
      "support_bad": 119,
      "confusion_3x3": "[[0, 0, 0], [0, 0, 0], [0, 119, 0]]"
    },
    {
      "variant_id": "nl_n8400_gm_trim_bad_boundaryblocks_bigjump_mediumwall_n7_1cc9f65727d1",
      "prediction_mode": "simple_pc1_gm_gate_trainfit",
      "bucket": "original_test_bad_outlier_stress",
      "n": 292,
      "acc": 0.0,
      "macro_f1": 0.0,
      "good_recall": 0.0,
      "medium_recall": 0.0,
      "bad_recall": 0.0,
      "good_precision": 0.0,
      "medium_precision": 0.0,
      "bad_precision": 0.0,
      "good_f1": 0.0,
      "medium_f1": 0.0,
      "bad_f1": 0.0,
      "support_good": 0,
      "support_medium": 0,
      "support_bad": 292,
      "confusion_3x3": "[[0, 0, 0], [0, 0, 0], [228, 64, 0]]"
    },
    {
      "variant_id": "nl_n8400_gm_trim_bad_boundaryblocks_bigjump_mediumwall_n7_1cc9f65727d1",
      "prediction_mode": "simple_pc1_gm_gate_trainfit",
      "bucket": "original_test_drop_bad_outlier_reference",
      "n": 8185,
      "acc": 0.7805742211362248,
      "macro_f1": 0.5238040374041278,
      "good_recall": 0.9280219780219781,
      "medium_recall": 0.6802982376863985,
      "bad_recall": 0.0,
      "good_precision": 0.704777800959733,
      "medium_precision": 0.8876768867924528,
      "bad_precision": 0.0,
      "good_f1": 0.8011383849163999,
      "medium_f1": 0.7702737272959836,
      "bad_f1": 0.0,
      "support_good": 3640,
      "support_medium": 4426,
      "support_bad": 119,
      "confusion_3x3": "[[3378, 262, 0], [1415, 3011, 0], [0, 119, 0]]"
    },
    {
      "variant_id": "nl_n8400_gm_trim_bad_boundaryblocks_bigjump_mediumwall_n7_1cc9f65727d1",
      "prediction_mode": "simple_pc1_gm_gate_trainfit",
      "bucket": "original_test_good_medium_overlap",
      "n": 7492,
      "acc": 0.7761612386545649,
      "macro_f1": 0.5154247405905029,
      "good_recall": 0.9272626318711826,
      "medium_recall": 0.6362467866323908,
      "bad_recall": 0.0,
      "good_precision": 0.7024185068349106,
      "medium_precision": 0.9042747533796127,
      "bad_precision": 0.0,
      "good_f1": 0.7993299030752662,
      "medium_f1": 0.7469443186962427,
      "bad_f1": 0.0,
      "support_good": 3602,
      "support_medium": 3890,
      "support_bad": 0,
      "confusion_3x3": "[[3340, 262, 0], [1415, 2475, 0], [0, 0, 0]]"
    },
    {
      "variant_id": "nl_n8400_gm_trim_bad_boundaryblocks_bigjump_mediumwall_n7_1cc9f65727d1",
      "prediction_mode": "simple_pc1_gm_gate_trainfit",
      "bucket": "original_all_bad_core_near_boundary",
      "n": 4084,
      "acc": 0.970617042115573,
      "macro_f1": 0.32836315440689195,
      "good_recall": 0.0,
      "medium_recall": 0.0,
      "bad_recall": 0.970617042115573,
      "good_precision": 0.0,
      "medium_precision": 0.0,
      "bad_precision": 1.0,
      "good_f1": 0.0,
      "medium_f1": 0.0,
      "bad_f1": 0.9850894632206759,
      "support_good": 0,
      "support_medium": 0,
      "support_bad": 4084,
      "confusion_3x3": "[[0, 0, 0], [0, 0, 0], [0, 120, 3964]]"
    },
    {
      "variant_id": "nl_n8400_gm_trim_bad_boundaryblocks_bigjump_mediumwall_n7_1cc9f65727d1",
      "prediction_mode": "simple_pc1_gm_gate_trainfit",
      "bucket": "original_all_bad_outlier_stress",
      "n": 1201,
      "acc": 0.697751873438801,
      "macro_f1": 0.2739905182278895,
      "good_recall": 0.0,
      "medium_recall": 0.0,
      "bad_recall": 0.697751873438801,
      "good_precision": 0.0,
      "medium_precision": 0.0,
      "bad_precision": 1.0,
      "good_f1": 0.0,
      "medium_f1": 0.0,
      "bad_f1": 0.8219715546836684,
      "support_good": 0,
      "support_medium": 0,
      "support_bad": 1201,
      "confusion_3x3": "[[0, 0, 0], [0, 0, 0], [231, 132, 838]]"
    }
  ],
  "selection_note": "Original BUT is report-only; Clean/SemiClean/node diagnostic remains the selection source."
}