{
  "created_at": "2026-06-13T11:46:57",
  "variant_id": "nl_n7188_gm_trim_bad_boundaryblocks_badoutlier_visqrsnarr_a364001dc6cf",
  "prediction_mode": "feature_pc1_qrsprom_visiblegood_wavegood_plus_precision_veto",
  "metrics": [
    {
      "variant_id": "nl_n7188_gm_trim_bad_boundaryblocks_badoutlier_visqrsnarr_a364001dc6cf",
      "prediction_mode": "feature_pc1_qrsprom_visiblegood_wavegood_plus_precision_veto",
      "bucket": "original_all_10s+",
      "n": 32956,
      "acc": 0.8350527976696202,
      "macro_f1": 0.8594218104815003,
      "good_recall": 0.7630112069471338,
      "medium_recall": 0.8949002634550245,
      "bad_recall": 0.9470198675496688,
      "good_precision": 0.9237107543685182,
      "medium_precision": 0.6909051285776551,
      "bad_precision": 0.9790688575899843,
      "good_f1": 0.8357057935156326,
      "medium_f1": 0.7797819135853079,
      "bad_f1": 0.9627777243435607,
      "support_good": 17043,
      "support_medium": 10628,
      "support_bad": 5285,
      "confusion_3x3": "[[13004, 3997, 42], [1052, 9511, 65], [22, 258, 5005]]"
    },
    {
      "variant_id": "nl_n7188_gm_trim_bad_boundaryblocks_badoutlier_visqrsnarr_a364001dc6cf",
      "prediction_mode": "feature_pc1_qrsprom_visiblegood_wavegood_plus_precision_veto",
      "bucket": "original_test_all_10s+",
      "n": 8477,
      "acc": 0.8974873186268727,
      "macro_f1": 0.8024000146963397,
      "good_recall": 0.9068681318681319,
      "medium_recall": 0.9288296430185269,
      "bad_recall": 0.4768856447688564,
      "good_precision": 0.9205242610150586,
      "medium_precision": 0.8873300237427153,
      "bad_precision": 0.7596899224806202,
      "good_f1": 0.9136451702186549,
      "medium_f1": 0.9076056959929352,
      "bad_f1": 0.585949177877429,
      "support_good": 3640,
      "support_medium": 4426,
      "support_bad": 411,
      "confusion_3x3": "[[3301, 329, 10], [263, 4111, 52], [22, 193, 196]]"
    },
    {
      "variant_id": "nl_n7188_gm_trim_bad_boundaryblocks_badoutlier_visqrsnarr_a364001dc6cf",
      "prediction_mode": "feature_pc1_qrsprom_visiblegood_wavegood_plus_precision_veto",
      "bucket": "original_test_good_medium_only",
      "n": 8066,
      "acc": 0.918918918918919,
      "macro_f1": 0.614599424445209,
      "good_recall": 0.9068681318681319,
      "medium_recall": 0.9288296430185269,
      "bad_recall": 0.0,
      "good_precision": 0.9262065095398428,
      "medium_precision": 0.9259009009009009,
      "bad_precision": 0.0,
      "good_f1": 0.916435313714603,
      "medium_f1": 0.9273629596210241,
      "bad_f1": 0.0,
      "support_good": 3640,
      "support_medium": 4426,
      "support_bad": 0,
      "confusion_3x3": "[[3301, 329, 10], [263, 4111, 52], [0, 0, 0]]"
    },
    {
      "variant_id": "nl_n7188_gm_trim_bad_boundaryblocks_badoutlier_visqrsnarr_a364001dc6cf",
      "prediction_mode": "feature_pc1_qrsprom_visiblegood_wavegood_plus_precision_veto",
      "bucket": "original_test_bad_core_near_boundary",
      "n": 119,
      "acc": 1.0,
      "macro_f1": 0.3333333333333333,
      "good_recall": 0.0,
      "medium_recall": 0.0,
      "bad_recall": 1.0,
      "good_precision": 0.0,
      "medium_precision": 0.0,
      "bad_precision": 1.0,
      "good_f1": 0.0,
      "medium_f1": 0.0,
      "bad_f1": 1.0,
      "support_good": 0,
      "support_medium": 0,
      "support_bad": 119,
      "confusion_3x3": "[[0, 0, 0], [0, 0, 0], [0, 0, 119]]"
    },
    {
      "variant_id": "nl_n7188_gm_trim_bad_boundaryblocks_badoutlier_visqrsnarr_a364001dc6cf",
      "prediction_mode": "feature_pc1_qrsprom_visiblegood_wavegood_plus_precision_veto",
      "bucket": "original_test_bad_outlier_stress",
      "n": 292,
      "acc": 0.2636986301369863,
      "macro_f1": 0.13911472448057813,
      "good_recall": 0.0,
      "medium_recall": 0.0,
      "bad_recall": 0.2636986301369863,
      "good_precision": 0.0,
      "medium_precision": 0.0,
      "bad_precision": 1.0,
      "good_f1": 0.0,
      "medium_f1": 0.0,
      "bad_f1": 0.4173441734417344,
      "support_good": 0,
      "support_medium": 0,
      "support_bad": 292,
      "confusion_3x3": "[[0, 0, 0], [0, 0, 0], [22, 193, 77]]"
    },
    {
      "variant_id": "nl_n7188_gm_trim_bad_boundaryblocks_badoutlier_visqrsnarr_a364001dc6cf",
      "prediction_mode": "feature_pc1_qrsprom_visiblegood_wavegood_plus_precision_veto",
      "bucket": "original_test_drop_bad_outlier_reference",
      "n": 8185,
      "acc": 0.920097739767868,
      "macro_f1": 0.8790438688896535,
      "good_recall": 0.9068681318681319,
      "medium_recall": 0.9288296430185269,
      "bad_recall": 1.0,
      "good_precision": 0.9262065095398428,
      "medium_precision": 0.9259009009009009,
      "bad_precision": 0.6574585635359116,
      "good_f1": 0.916435313714603,
      "medium_f1": 0.9273629596210241,
      "bad_f1": 0.7933333333333333,
      "support_good": 3640,
      "support_medium": 4426,
      "support_bad": 119,
      "confusion_3x3": "[[3301, 329, 10], [263, 4111, 52], [0, 0, 119]]"
    },
    {
      "variant_id": "nl_n7188_gm_trim_bad_boundaryblocks_badoutlier_visqrsnarr_a364001dc6cf",
      "prediction_mode": "feature_pc1_qrsprom_visiblegood_wavegood_plus_precision_veto",
      "bucket": "original_test_good_medium_overlap",
      "n": 7492,
      "acc": 0.9128403630539241,
      "macro_f1": 0.6110613395820398,
      "good_recall": 0.9058856191004997,
      "medium_recall": 0.919280205655527,
      "bad_recall": 0.0,
      "good_precision": 0.9256737588652483,
      "medium_precision": 0.9157490396927017,
      "bad_precision": 0.0,
      "good_f1": 0.915672793601796,
      "medium_f1": 0.9175112251443233,
      "bad_f1": 0.0,
      "support_good": 3602,
      "support_medium": 3890,
      "support_bad": 0,
      "confusion_3x3": "[[3263, 329, 10], [262, 3576, 52], [0, 0, 0]]"
    },
    {
      "variant_id": "nl_n7188_gm_trim_bad_boundaryblocks_badoutlier_visqrsnarr_a364001dc6cf",
      "prediction_mode": "feature_pc1_qrsprom_visiblegood_wavegood_plus_precision_veto",
      "bucket": "original_all_bad_core_near_boundary",
      "n": 4084,
      "acc": 1.0,
      "macro_f1": 0.3333333333333333,
      "good_recall": 0.0,
      "medium_recall": 0.0,
      "bad_recall": 1.0,
      "good_precision": 0.0,
      "medium_precision": 0.0,
      "bad_precision": 1.0,
      "good_f1": 0.0,
      "medium_f1": 0.0,
      "bad_f1": 1.0,
      "support_good": 0,
      "support_medium": 0,
      "support_bad": 4084,
      "confusion_3x3": "[[0, 0, 0], [0, 0, 0], [0, 0, 4084]]"
    },
    {
      "variant_id": "nl_n7188_gm_trim_bad_boundaryblocks_badoutlier_visqrsnarr_a364001dc6cf",
      "prediction_mode": "feature_pc1_qrsprom_visiblegood_wavegood_plus_precision_veto",
      "bucket": "original_all_bad_outlier_stress",
      "n": 1201,
      "acc": 0.7668609492089925,
      "macro_f1": 0.28934967012252594,
      "good_recall": 0.0,
      "medium_recall": 0.0,
      "bad_recall": 0.7668609492089925,
      "good_precision": 0.0,
      "medium_precision": 0.0,
      "bad_precision": 1.0,
      "good_f1": 0.0,
      "medium_f1": 0.0,
      "bad_f1": 0.8680490103675778,
      "support_good": 0,
      "support_medium": 0,
      "support_bad": 1201,
      "confusion_3x3": "[[0, 0, 0], [0, 0, 0], [22, 258, 921]]"
    }
  ],
  "selection_note": "Original BUT is report-only; Clean/SemiClean/node diagnostic remains the selection source."
}