{
  "created_at": "2026-06-13T15:21:29",
  "variant_id": "nl_n9000_gm_trim_bad_boundaryblocks_bigjump_badprobe_n840_b9b9c625fde1",
  "prediction_mode": "raw",
  "metrics": [
    {
      "variant_id": "nl_n9000_gm_trim_bad_boundaryblocks_bigjump_badprobe_n840_b9b9c625fde1",
      "prediction_mode": "raw",
      "bucket": "original_all_10s+",
      "n": 32956,
      "acc": 0.8112635028522879,
      "macro_f1": 0.8295781752032583,
      "good_recall": 0.774335504312621,
      "medium_recall": 0.8204742190440346,
      "bad_recall": 0.9118259224219489,
      "good_precision": 0.8895254785656511,
      "medium_precision": 0.6740357115250831,
      "bad_precision": 0.929770403241366,
      "good_f1": 0.8279431600740299,
      "medium_f1": 0.7400806280500742,
      "bad_f1": 0.9207107374856706,
      "support_good": 17043,
      "support_medium": 10628,
      "support_bad": 5285,
      "confusion_3x3": "[[13197, 3806, 40], [1584, 8720, 324], [55, 411, 4819]]"
    },
    {
      "variant_id": "nl_n9000_gm_trim_bad_boundaryblocks_bigjump_badprobe_n840_b9b9c625fde1",
      "prediction_mode": "raw",
      "bucket": "original_test_all_10s+",
      "n": 8477,
      "acc": 0.7265542054972278,
      "macro_f1": 0.5236628422886653,
      "good_recall": 0.7711538461538462,
      "medium_recall": 0.7528242205151379,
      "bad_recall": 0.04866180048661801,
      "good_precision": 0.7694627192982456,
      "medium_precision": 0.7411032028469751,
      "bad_precision": 0.06006006006006006,
      "good_f1": 0.7703073545554336,
      "medium_f1": 0.7469177314503475,
      "bad_f1": 0.053763440860215055,
      "support_good": 3640,
      "support_medium": 4426,
      "support_bad": 411,
      "confusion_3x3": "[[2807, 822, 11], [792, 3332, 302], [49, 342, 20]]"
    },
    {
      "variant_id": "nl_n9000_gm_trim_bad_boundaryblocks_bigjump_badprobe_n840_b9b9c625fde1",
      "prediction_mode": "raw",
      "bucket": "original_test_good_medium_only",
      "n": 8066,
      "acc": 0.7610959583436647,
      "macro_f1": 0.5174038191858332,
      "good_recall": 0.7711538461538462,
      "medium_recall": 0.7528242205151379,
      "bad_recall": 0.0,
      "good_precision": 0.7799388719088636,
      "medium_precision": 0.8021184400577757,
      "bad_precision": 0.0,
      "good_f1": 0.7755214808675231,
      "medium_f1": 0.7766899766899766,
      "bad_f1": 0.0,
      "support_good": 3640,
      "support_medium": 4426,
      "support_bad": 0,
      "confusion_3x3": "[[2807, 822, 11], [792, 3332, 302], [0, 0, 0]]"
    },
    {
      "variant_id": "nl_n9000_gm_trim_bad_boundaryblocks_bigjump_badprobe_n840_b9b9c625fde1",
      "prediction_mode": "raw",
      "bucket": "original_test_bad_core_near_boundary",
      "n": 119,
      "acc": 0.0,
      "macro_f1": 0.0,
      "good_recall": 0.0,
      "medium_recall": 0.0,
      "bad_recall": 0.0,
      "good_precision": 0.0,
      "medium_precision": 0.0,
      "bad_precision": 0.0,
      "good_f1": 0.0,
      "medium_f1": 0.0,
      "bad_f1": 0.0,
      "support_good": 0,
      "support_medium": 0,
      "support_bad": 119,
      "confusion_3x3": "[[0, 0, 0], [0, 0, 0], [0, 119, 0]]"
    },
    {
      "variant_id": "nl_n9000_gm_trim_bad_boundaryblocks_bigjump_badprobe_n840_b9b9c625fde1",
      "prediction_mode": "raw",
      "bucket": "original_test_bad_outlier_stress",
      "n": 292,
      "acc": 0.0684931506849315,
      "macro_f1": 0.04273504273504273,
      "good_recall": 0.0,
      "medium_recall": 0.0,
      "bad_recall": 0.0684931506849315,
      "good_precision": 0.0,
      "medium_precision": 0.0,
      "bad_precision": 1.0,
      "good_f1": 0.0,
      "medium_f1": 0.0,
      "bad_f1": 0.1282051282051282,
      "support_good": 0,
      "support_medium": 0,
      "support_bad": 292,
      "confusion_3x3": "[[0, 0, 0], [0, 0, 0], [49, 223, 20]]"
    },
    {
      "variant_id": "nl_n9000_gm_trim_bad_boundaryblocks_bigjump_badprobe_n840_b9b9c625fde1",
      "prediction_mode": "raw",
      "bucket": "original_test_drop_bad_outlier_reference",
      "n": 8185,
      "acc": 0.7500305436774588,
      "macro_f1": 0.5138621819391725,
      "good_recall": 0.7711538461538462,
      "medium_recall": 0.7528242205151379,
      "bad_recall": 0.0,
      "good_precision": 0.7799388719088636,
      "medium_precision": 0.7797800140416569,
      "bad_precision": 0.0,
      "good_f1": 0.7755214808675231,
      "medium_f1": 0.7660650649499943,
      "bad_f1": 0.0,
      "support_good": 3640,
      "support_medium": 4426,
      "support_bad": 119,
      "confusion_3x3": "[[2807, 822, 11], [792, 3332, 302], [0, 119, 0]]"
    },
    {
      "variant_id": "nl_n9000_gm_trim_bad_boundaryblocks_bigjump_badprobe_n840_b9b9c625fde1",
      "prediction_mode": "raw",
      "bucket": "original_test_good_medium_overlap",
      "n": 7492,
      "acc": 0.7475974372664175,
      "macro_f1": 0.5092801246763573,
      "good_recall": 0.7687395891171571,
      "medium_recall": 0.7280205655526992,
      "bad_recall": 0.0,
      "good_precision": 0.7855319148936171,
      "medium_precision": 0.7750410509031199,
      "bad_precision": 0.0,
      "good_f1": 0.777045039988775,
      "medium_f1": 0.750795334040297,
      "bad_f1": 0.0,
      "support_good": 3602,
      "support_medium": 3890,
      "support_bad": 0,
      "confusion_3x3": "[[2769, 822, 11], [756, 2832, 302], [0, 0, 0]]"
    },
    {
      "variant_id": "nl_n9000_gm_trim_bad_boundaryblocks_bigjump_badprobe_n840_b9b9c625fde1",
      "prediction_mode": "raw",
      "bucket": "original_all_bad_core_near_boundary",
      "n": 4084,
      "acc": 0.970617042115573,
      "macro_f1": 0.32836315440689195,
      "good_recall": 0.0,
      "medium_recall": 0.0,
      "bad_recall": 0.970617042115573,
      "good_precision": 0.0,
      "medium_precision": 0.0,
      "bad_precision": 1.0,
      "good_f1": 0.0,
      "medium_f1": 0.0,
      "bad_f1": 0.9850894632206759,
      "support_good": 0,
      "support_medium": 0,
      "support_bad": 4084,
      "confusion_3x3": "[[0, 0, 0], [0, 0, 0], [1, 119, 3964]]"
    },
    {
      "variant_id": "nl_n9000_gm_trim_bad_boundaryblocks_bigjump_badprobe_n840_b9b9c625fde1",
      "prediction_mode": "raw",
      "bucket": "original_all_bad_outlier_stress",
      "n": 1201,
      "acc": 0.7119067443796836,
      "macro_f1": 0.2772373540856031,
      "good_recall": 0.0,
      "medium_recall": 0.0,
      "bad_recall": 0.7119067443796836,
      "good_precision": 0.0,
      "medium_precision": 0.0,
      "bad_precision": 1.0,
      "good_f1": 0.0,
      "medium_f1": 0.0,
      "bad_f1": 0.8317120622568094,
      "support_good": 0,
      "support_medium": 0,
      "support_bad": 1201,
      "confusion_3x3": "[[0, 0, 0], [0, 0, 0], [54, 292, 855]]"
    }
  ],
  "selection_note": "Original BUT is report-only; Clean/SemiClean/node diagnostic remains the selection source."
}