{
  "created_at": "2026-06-13T16:49:21",
  "variant_id": "nl_n10000_gm_trim_bad_boundaryblocks_n10000shell_goodprot_0d3423971d38",
  "prediction_mode": "simple_pc1_lowqrs_medium_keep_qbr030_flat012",
  "metrics": [
    {
      "variant_id": "nl_n10000_gm_trim_bad_boundaryblocks_n10000shell_goodprot_0d3423971d38",
      "prediction_mode": "simple_pc1_lowqrs_medium_keep_qbr030_flat012",
      "bucket": "original_all_10s+",
      "n": 32956,
      "acc": 0.8459157664765141,
      "macro_f1": 0.8695723116062566,
      "good_recall": 0.7519802851610632,
      "medium_recall": 0.9541776439593527,
      "bad_recall": 0.9311258278145695,
      "good_precision": 0.9617289509230077,
      "medium_precision": 0.6895355952947576,
      "bad_precision": 0.9995937436522445,
      "good_f1": 0.8440185715696927,
      "medium_f1": 0.8005525952239985,
      "bad_f1": 0.9641457680250783,
      "support_good": 17043,
      "support_medium": 10628,
      "support_bad": 5285,
      "confusion_3x3": "[[12816, 4227, 0], [485, 10141, 2], [25, 339, 4921]]"
    },
    {
      "variant_id": "nl_n10000_gm_trim_bad_boundaryblocks_n10000shell_goodprot_0d3423971d38",
      "prediction_mode": "simple_pc1_lowqrs_medium_keep_qbr030_flat012",
      "bucket": "original_test_all_10s+",
      "n": 8477,
      "acc": 0.8341394361212693,
      "macro_f1": 0.7111553835808974,
      "good_recall": 0.7384615384615385,
      "medium_recall": 0.9633981021238138,
      "bad_recall": 0.2895377128953771,
      "good_precision": 0.935933147632312,
      "medium_precision": 0.7775346462436178,
      "bad_precision": 0.9834710743801653,
      "good_f1": 0.8255528255528255,
      "medium_f1": 0.8605449041372352,
      "bad_f1": 0.4473684210526316,
      "support_good": 3640,
      "support_medium": 4426,
      "support_bad": 411,
      "confusion_3x3": "[[2688, 952, 0], [160, 4264, 2], [24, 268, 119]]"
    },
    {
      "variant_id": "nl_n10000_gm_trim_bad_boundaryblocks_n10000shell_goodprot_0d3423971d38",
      "prediction_mode": "simple_pc1_lowqrs_medium_keep_qbr030_flat012",
      "bucket": "original_test_good_medium_only",
      "n": 8066,
      "acc": 0.861889412348128,
      "macro_f1": 0.5710234875454548,
      "good_recall": 0.7384615384615385,
      "medium_recall": 0.9633981021238138,
      "bad_recall": 0.0,
      "good_precision": 0.9438202247191011,
      "medium_precision": 0.8174846625766872,
      "bad_precision": 0.0,
      "good_f1": 0.8286066584463625,
      "medium_f1": 0.884463804190002,
      "bad_f1": 0.0,
      "support_good": 3640,
      "support_medium": 4426,
      "support_bad": 0,
      "confusion_3x3": "[[2688, 952, 0], [160, 4264, 2], [0, 0, 0]]"
    },
    {
      "variant_id": "nl_n10000_gm_trim_bad_boundaryblocks_n10000shell_goodprot_0d3423971d38",
      "prediction_mode": "simple_pc1_lowqrs_medium_keep_qbr030_flat012",
      "bucket": "original_test_bad_core_near_boundary",
      "n": 119,
      "acc": 1.0,
      "macro_f1": 0.3333333333333333,
      "good_recall": 0.0,
      "medium_recall": 0.0,
      "bad_recall": 1.0,
      "good_precision": 0.0,
      "medium_precision": 0.0,
      "bad_precision": 1.0,
      "good_f1": 0.0,
      "medium_f1": 0.0,
      "bad_f1": 1.0,
      "support_good": 0,
      "support_medium": 0,
      "support_bad": 119,
      "confusion_3x3": "[[0, 0, 0], [0, 0, 0], [0, 0, 119]]"
    },
    {
      "variant_id": "nl_n10000_gm_trim_bad_boundaryblocks_n10000shell_goodprot_0d3423971d38",
      "prediction_mode": "simple_pc1_lowqrs_medium_keep_qbr030_flat012",
      "bucket": "original_test_bad_outlier_stress",
      "n": 292,
      "acc": 0.0,
      "macro_f1": 0.0,
      "good_recall": 0.0,
      "medium_recall": 0.0,
      "bad_recall": 0.0,
      "good_precision": 0.0,
      "medium_precision": 0.0,
      "bad_precision": 0.0,
      "good_f1": 0.0,
      "medium_f1": 0.0,
      "bad_f1": 0.0,
      "support_good": 0,
      "support_medium": 0,
      "support_bad": 292,
      "confusion_3x3": "[[0, 0, 0], [0, 0, 0], [24, 268, 0]]"
    },
    {
      "variant_id": "nl_n10000_gm_trim_bad_boundaryblocks_n10000shell_goodprot_0d3423971d38",
      "prediction_mode": "simple_pc1_lowqrs_medium_keep_qbr030_flat012",
      "bucket": "original_test_drop_bad_outlier_reference",
      "n": 8185,
      "acc": 0.8638973732437385,
      "macro_f1": 0.9015790431010103,
      "good_recall": 0.7384615384615385,
      "medium_recall": 0.9633981021238138,
      "bad_recall": 1.0,
      "good_precision": 0.9438202247191011,
      "medium_precision": 0.8174846625766872,
      "bad_precision": 0.9834710743801653,
      "good_f1": 0.8286066584463625,
      "medium_f1": 0.884463804190002,
      "bad_f1": 0.9916666666666667,
      "support_good": 3640,
      "support_medium": 4426,
      "support_bad": 119,
      "confusion_3x3": "[[2688, 952, 0], [160, 4264, 2], [0, 0, 119]]"
    },
    {
      "variant_id": "nl_n10000_gm_trim_bad_boundaryblocks_n10000shell_goodprot_0d3423971d38",
      "prediction_mode": "simple_pc1_lowqrs_medium_keep_qbr030_flat012",
      "bucket": "original_test_good_medium_overlap",
      "n": 7492,
      "acc": 0.8513080619327282,
      "macro_f1": 0.5655289467215909,
      "good_recall": 0.7357023875624653,
      "medium_recall": 0.9583547557840617,
      "bad_recall": 0.0,
      "good_precision": 0.9430604982206405,
      "medium_precision": 0.7965811965811965,
      "bad_precision": 0.0,
      "good_f1": 0.8265751715533375,
      "medium_f1": 0.8700116686114352,
      "bad_f1": 0.0,
      "support_good": 3602,
      "support_medium": 3890,
      "support_bad": 0,
      "confusion_3x3": "[[2650, 952, 0], [160, 3728, 2], [0, 0, 0]]"
    },
    {
      "variant_id": "nl_n10000_gm_trim_bad_boundaryblocks_n10000shell_goodprot_0d3423971d38",
      "prediction_mode": "simple_pc1_lowqrs_medium_keep_qbr030_flat012",
      "bucket": "original_all_bad_core_near_boundary",
      "n": 4084,
      "acc": 0.9997551420176298,
      "macro_f1": 0.3332925186727072,
      "good_recall": 0.0,
      "medium_recall": 0.0,
      "bad_recall": 0.9997551420176298,
      "good_precision": 0.0,
      "medium_precision": 0.0,
      "bad_precision": 1.0,
      "good_f1": 0.0,
      "medium_f1": 0.0,
      "bad_f1": 0.9998775560181217,
      "support_good": 0,
      "support_medium": 0,
      "support_bad": 4084,
      "confusion_3x3": "[[0, 0, 0], [0, 0, 0], [0, 1, 4083]]"
    },
    {
      "variant_id": "nl_n10000_gm_trim_bad_boundaryblocks_n10000shell_goodprot_0d3423971d38",
      "prediction_mode": "simple_pc1_lowqrs_medium_keep_qbr030_flat012",
      "bucket": "original_all_bad_outlier_stress",
      "n": 1201,
      "acc": 0.697751873438801,
      "macro_f1": 0.2739905182278895,
      "good_recall": 0.0,
      "medium_recall": 0.0,
      "bad_recall": 0.697751873438801,
      "good_precision": 0.0,
      "medium_precision": 0.0,
      "bad_precision": 1.0,
      "good_f1": 0.0,
      "medium_f1": 0.0,
      "bad_f1": 0.8219715546836684,
      "support_good": 0,
      "support_medium": 0,
      "support_bad": 1201,
      "confusion_3x3": "[[0, 0, 0], [0, 0, 0], [25, 338, 838]]"
    }
  ],
  "selection_note": "Original BUT is report-only; Clean/SemiClean/node diagnostic remains the selection source."
}