{
  "created_at": "2026-06-13T19:32:58",
  "variant_id": "nl_n11200_gm_trim_bad_boundaryblocks_n10000shell_thinprob_84079be0011f",
  "prediction_mode": "rawbad_feature_pc1_qrsprom_widegood_plus_precision_veto",
  "metrics": [
    {
      "variant_id": "nl_n11200_gm_trim_bad_boundaryblocks_n10000shell_thinprob_84079be0011f",
      "prediction_mode": "rawbad_feature_pc1_qrsprom_widegood_plus_precision_veto",
      "bucket": "original_all_10s+",
      "n": 32956,
      "acc": 0.8247966986284744,
      "macro_f1": 0.848963313282936,
      "good_recall": 0.7099689021885818,
      "medium_recall": 0.9474971772675951,
      "bad_recall": 0.9483443708609272,
      "good_precision": 0.9718875502008032,
      "medium_precision": 0.6624128404157348,
      "bad_precision": 0.944947209653092,
      "good_f1": 0.8205336859593801,
      "medium_f1": 0.7797135114208285,
      "bad_f1": 0.9466427424685995,
      "support_good": 17043,
      "support_medium": 10628,
      "support_bad": 5285,
      "confusion_3x3": "[[12100, 4878, 65], [331, 10070, 227], [19, 254, 5012]]"
    },
    {
      "variant_id": "nl_n11200_gm_trim_bad_boundaryblocks_n10000shell_thinprob_84079be0011f",
      "prediction_mode": "rawbad_feature_pc1_qrsprom_widegood_plus_precision_veto",
      "bucket": "original_test_all_10s+",
      "n": 8477,
      "acc": 0.8513625103220479,
      "macro_f1": 0.7432154415037874,
      "good_recall": 0.8082417582417583,
      "medium_recall": 0.9202440126525079,
      "bad_recall": 0.49148418491484186,
      "good_precision": 0.9435535599743425,
      "medium_precision": 0.8236602628918099,
      "bad_precision": 0.48792270531400966,
      "good_f1": 0.8706717963894643,
      "medium_f1": 0.8692775584249279,
      "bad_f1": 0.4896969696969697,
      "support_good": 3640,
      "support_medium": 4426,
      "support_bad": 411,
      "confusion_3x3": "[[2942, 682, 16], [157, 4073, 196], [19, 190, 202]]"
    },
    {
      "variant_id": "nl_n11200_gm_trim_bad_boundaryblocks_n10000shell_thinprob_84079be0011f",
      "prediction_mode": "rawbad_feature_pc1_qrsprom_widegood_plus_precision_veto",
      "bucket": "original_test_good_medium_only",
      "n": 8066,
      "acc": 0.8696999752045623,
      "macro_f1": 0.5867979196225258,
      "good_recall": 0.8082417582417583,
      "medium_recall": 0.9202440126525079,
      "bad_recall": 0.0,
      "good_precision": 0.9493384962891255,
      "medium_precision": 0.856572029442692,
      "bad_precision": 0.0,
      "good_f1": 0.8731265766434189,
      "medium_f1": 0.8872671822241586,
      "bad_f1": 0.0,
      "support_good": 3640,
      "support_medium": 4426,
      "support_bad": 0,
      "confusion_3x3": "[[2942, 682, 16], [157, 4073, 196], [0, 0, 0]]"
    },
    {
      "variant_id": "nl_n11200_gm_trim_bad_boundaryblocks_n10000shell_thinprob_84079be0011f",
      "prediction_mode": "rawbad_feature_pc1_qrsprom_widegood_plus_precision_veto",
      "bucket": "original_test_bad_core_near_boundary",
      "n": 119,
      "acc": 1.0,
      "macro_f1": 0.3333333333333333,
      "good_recall": 0.0,
      "medium_recall": 0.0,
      "bad_recall": 1.0,
      "good_precision": 0.0,
      "medium_precision": 0.0,
      "bad_precision": 1.0,
      "good_f1": 0.0,
      "medium_f1": 0.0,
      "bad_f1": 1.0,
      "support_good": 0,
      "support_medium": 0,
      "support_bad": 119,
      "confusion_3x3": "[[0, 0, 0], [0, 0, 0], [0, 0, 119]]"
    },
    {
      "variant_id": "nl_n11200_gm_trim_bad_boundaryblocks_n10000shell_thinprob_84079be0011f",
      "prediction_mode": "rawbad_feature_pc1_qrsprom_widegood_plus_precision_veto",
      "bucket": "original_test_bad_outlier_stress",
      "n": 292,
      "acc": 0.2842465753424658,
      "macro_f1": 0.14755555555555555,
      "good_recall": 0.0,
      "medium_recall": 0.0,
      "bad_recall": 0.2842465753424658,
      "good_precision": 0.0,
      "medium_precision": 0.0,
      "bad_precision": 1.0,
      "good_f1": 0.0,
      "medium_f1": 0.0,
      "bad_f1": 0.44266666666666665,
      "support_good": 0,
      "support_medium": 0,
      "support_bad": 292,
      "confusion_3x3": "[[0, 0, 0], [0, 0, 0], [19, 190, 83]]"
    },
    {
      "variant_id": "nl_n11200_gm_trim_bad_boundaryblocks_n10000shell_thinprob_84079be0011f",
      "prediction_mode": "rawbad_feature_pc1_qrsprom_widegood_plus_precision_veto",
      "bucket": "original_test_drop_bad_outlier_reference",
      "n": 8185,
      "acc": 0.8715943799633475,
      "macro_f1": 0.7630942159188221,
      "good_recall": 0.8082417582417583,
      "medium_recall": 0.9202440126525079,
      "bad_recall": 1.0,
      "good_precision": 0.9493384962891255,
      "medium_precision": 0.856572029442692,
      "bad_precision": 0.3595166163141994,
      "good_f1": 0.8731265766434189,
      "medium_f1": 0.8872671822241586,
      "bad_f1": 0.5288888888888889,
      "support_good": 3640,
      "support_medium": 4426,
      "support_bad": 119,
      "confusion_3x3": "[[2942, 682, 16], [157, 4073, 196], [0, 0, 119]]"
    },
    {
      "variant_id": "nl_n11200_gm_trim_bad_boundaryblocks_n10000shell_thinprob_84079be0011f",
      "prediction_mode": "rawbad_feature_pc1_qrsprom_widegood_plus_precision_veto",
      "bucket": "original_test_good_medium_overlap",
      "n": 7492,
      "acc": 0.8597170315002669,
      "macro_f1": 0.5813478212128769,
      "good_recall": 0.8062187673514714,
      "medium_recall": 0.9092544987146529,
      "bad_recall": 0.0,
      "good_precision": 0.9487095720352826,
      "medium_precision": 0.8383503199810382,
      "bad_precision": 0.0,
      "good_f1": 0.8716794236830256,
      "medium_f1": 0.8723640399556049,
      "bad_f1": 0.0,
      "support_good": 3602,
      "support_medium": 3890,
      "support_bad": 0,
      "confusion_3x3": "[[2904, 682, 16], [157, 3537, 196], [0, 0, 0]]"
    },
    {
      "variant_id": "nl_n11200_gm_trim_bad_boundaryblocks_n10000shell_thinprob_84079be0011f",
      "prediction_mode": "rawbad_feature_pc1_qrsprom_widegood_plus_precision_veto",
      "bucket": "original_all_bad_core_near_boundary",
      "n": 4084,
      "acc": 1.0,
      "macro_f1": 0.3333333333333333,
      "good_recall": 0.0,
      "medium_recall": 0.0,
      "bad_recall": 1.0,
      "good_precision": 0.0,
      "medium_precision": 0.0,
      "bad_precision": 1.0,
      "good_f1": 0.0,
      "medium_f1": 0.0,
      "bad_f1": 1.0,
      "support_good": 0,
      "support_medium": 0,
      "support_bad": 4084,
      "confusion_3x3": "[[0, 0, 0], [0, 0, 0], [0, 0, 4084]]"
    },
    {
      "variant_id": "nl_n11200_gm_trim_bad_boundaryblocks_n10000shell_thinprob_84079be0011f",
      "prediction_mode": "rawbad_feature_pc1_qrsprom_widegood_plus_precision_veto",
      "bucket": "original_all_bad_outlier_stress",
      "n": 1201,
      "acc": 0.7726894254787677,
      "macro_f1": 0.2905902614686081,
      "good_recall": 0.0,
      "medium_recall": 0.0,
      "bad_recall": 0.7726894254787677,
      "good_precision": 0.0,
      "medium_precision": 0.0,
      "bad_precision": 1.0,
      "good_f1": 0.0,
      "medium_f1": 0.0,
      "bad_f1": 0.8717707844058243,
      "support_good": 0,
      "support_medium": 0,
      "support_bad": 1201,
      "confusion_3x3": "[[0, 0, 0], [0, 0, 0], [19, 254, 928]]"
    }
  ],
  "selection_note": "Original BUT is report-only; Clean/SemiClean/node diagnostic remains the selection source."
}