{
  "created_at": "2026-06-13T09:30:35",
  "variant_id": "nl_n7188_gm_trim_bad_boundaryblocks_badoutlier_visqrsnarr_a364001dc6cf",
  "prediction_mode": "raw_bad_veto_visibleqrs_balanced",
  "metrics": [
    {
      "variant_id": "nl_n7188_gm_trim_bad_boundaryblocks_badoutlier_visqrsnarr_a364001dc6cf",
      "prediction_mode": "raw_bad_veto_visibleqrs_balanced",
      "bucket": "original_all_10s+",
      "n": 32956,
      "acc": 0.7895072217502124,
      "macro_f1": 0.815772927565619,
      "good_recall": 0.6758786598603532,
      "medium_recall": 0.8875611592021077,
      "bad_recall": 0.9587511825922422,
      "good_precision": 0.9355153090229839,
      "medium_precision": 0.6295801908830008,
      "bad_precision": 0.8952296819787986,
      "good_f1": 0.7847799427714948,
      "medium_f1": 0.7366366014603101,
      "bad_f1": 0.9259022384650525,
      "support_good": 17043,
      "support_medium": 10628,
      "support_bad": 5285,
      "confusion_3x3": "[[11519, 5351, 173], [775, 9433, 420], [19, 199, 5067]]"
    },
    {
      "variant_id": "nl_n7188_gm_trim_bad_boundaryblocks_badoutlier_visqrsnarr_a364001dc6cf",
      "prediction_mode": "raw_bad_veto_visibleqrs_balanced",
      "bucket": "original_test_all_10s+",
      "n": 8477,
      "acc": 0.7884864928630412,
      "macro_f1": 0.6952981154274118,
      "good_recall": 0.7431318681318682,
      "medium_recall": 0.8411658382286489,
      "bad_recall": 0.6228710462287105,
      "good_precision": 0.879960962914769,
      "medium_precision": 0.7897751378871447,
      "bad_precision": 0.37155297532656023,
      "good_f1": 0.8057789693178433,
      "medium_f1": 0.8146608315098468,
      "bad_f1": 0.46545454545454545,
      "support_good": 3640,
      "support_medium": 4426,
      "support_bad": 411,
      "confusion_3x3": "[[2705, 854, 81], [351, 3723, 352], [18, 137, 256]]"
    },
    {
      "variant_id": "nl_n7188_gm_trim_bad_boundaryblocks_badoutlier_visqrsnarr_a364001dc6cf",
      "prediction_mode": "raw_bad_veto_visibleqrs_balanced",
      "bucket": "original_test_good_medium_only",
      "n": 8066,
      "acc": 0.7969253657327052,
      "macro_f1": 0.5450008964222864,
      "good_recall": 0.7431318681318682,
      "medium_recall": 0.8411658382286489,
      "bad_recall": 0.0,
      "good_precision": 0.8851439790575916,
      "medium_precision": 0.8134149005899061,
      "bad_precision": 0.0,
      "good_f1": 0.8079450418160096,
      "medium_f1": 0.8270576474508498,
      "bad_f1": 0.0,
      "support_good": 3640,
      "support_medium": 4426,
      "support_bad": 0,
      "confusion_3x3": "[[2705, 854, 81], [351, 3723, 352], [0, 0, 0]]"
    },
    {
      "variant_id": "nl_n7188_gm_trim_bad_boundaryblocks_badoutlier_visqrsnarr_a364001dc6cf",
      "prediction_mode": "raw_bad_veto_visibleqrs_balanced",
      "bucket": "original_test_bad_core_near_boundary",
      "n": 119,
      "acc": 1.0,
      "macro_f1": 0.3333333333333333,
      "good_recall": 0.0,
      "medium_recall": 0.0,
      "bad_recall": 1.0,
      "good_precision": 0.0,
      "medium_precision": 0.0,
      "bad_precision": 1.0,
      "good_f1": 0.0,
      "medium_f1": 0.0,
      "bad_f1": 1.0,
      "support_good": 0,
      "support_medium": 0,
      "support_bad": 119,
      "confusion_3x3": "[[0, 0, 0], [0, 0, 0], [0, 0, 119]]"
    },
    {
      "variant_id": "nl_n7188_gm_trim_bad_boundaryblocks_badoutlier_visqrsnarr_a364001dc6cf",
      "prediction_mode": "raw_bad_veto_visibleqrs_balanced",
      "bucket": "original_test_bad_outlier_stress",
      "n": 292,
      "acc": 0.4691780821917808,
      "macro_f1": 0.2128982128982129,
      "good_recall": 0.0,
      "medium_recall": 0.0,
      "bad_recall": 0.4691780821917808,
      "good_precision": 0.0,
      "medium_precision": 0.0,
      "bad_precision": 1.0,
      "good_f1": 0.0,
      "medium_f1": 0.0,
      "bad_f1": 0.6386946386946387,
      "support_good": 0,
      "support_medium": 0,
      "support_bad": 292,
      "confusion_3x3": "[[0, 0, 0], [0, 0, 0], [18, 137, 137]]"
    },
    {
      "variant_id": "nl_n7188_gm_trim_bad_boundaryblocks_badoutlier_visqrsnarr_a364001dc6cf",
      "prediction_mode": "raw_bad_veto_visibleqrs_balanced",
      "bucket": "original_test_drop_bad_outlier_reference",
      "n": 8185,
      "acc": 0.7998778252901649,
      "macro_f1": 0.663232391702962,
      "good_recall": 0.7431318681318682,
      "medium_recall": 0.8411658382286489,
      "bad_recall": 1.0,
      "good_precision": 0.8851439790575916,
      "medium_precision": 0.8134149005899061,
      "bad_precision": 0.21557971014492755,
      "good_f1": 0.8079450418160096,
      "medium_f1": 0.8270576474508498,
      "bad_f1": 0.35469448584202684,
      "support_good": 3640,
      "support_medium": 4426,
      "support_bad": 119,
      "confusion_3x3": "[[2705, 854, 81], [351, 3723, 352], [0, 0, 119]]"
    },
    {
      "variant_id": "nl_n7188_gm_trim_bad_boundaryblocks_badoutlier_visqrsnarr_a364001dc6cf",
      "prediction_mode": "raw_bad_veto_visibleqrs_balanced",
      "bucket": "original_test_good_medium_overlap",
      "n": 7492,
      "acc": 0.7835024025627336,
      "macro_f1": 0.5373580098098527,
      "good_recall": 0.7404219877845641,
      "medium_recall": 0.8233933161953727,
      "bad_recall": 0.0,
      "good_precision": 0.8842838196286472,
      "medium_precision": 0.7894996302686714,
      "bad_precision": 0.0,
      "good_f1": 0.8059836808703535,
      "medium_f1": 0.8060903485592047,
      "bad_f1": 0.0,
      "support_good": 3602,
      "support_medium": 3890,
      "support_bad": 0,
      "confusion_3x3": "[[2667, 854, 81], [349, 3203, 338], [0, 0, 0]]"
    },
    {
      "variant_id": "nl_n7188_gm_trim_bad_boundaryblocks_badoutlier_visqrsnarr_a364001dc6cf",
      "prediction_mode": "raw_bad_veto_visibleqrs_balanced",
      "bucket": "original_all_bad_core_near_boundary",
      "n": 4084,
      "acc": 0.9997551420176298,
      "macro_f1": 0.3332925186727072,
      "good_recall": 0.0,
      "medium_recall": 0.0,
      "bad_recall": 0.9997551420176298,
      "good_precision": 0.0,
      "medium_precision": 0.0,
      "bad_precision": 1.0,
      "good_f1": 0.0,
      "medium_f1": 0.0,
      "bad_f1": 0.9998775560181217,
      "support_good": 0,
      "support_medium": 0,
      "support_bad": 4084,
      "confusion_3x3": "[[0, 0, 0], [0, 0, 0], [0, 1, 4083]]"
    },
    {
      "variant_id": "nl_n7188_gm_trim_bad_boundaryblocks_badoutlier_visqrsnarr_a364001dc6cf",
      "prediction_mode": "raw_bad_veto_visibleqrs_balanced",
      "bucket": "original_all_bad_outlier_stress",
      "n": 1201,
      "acc": 0.8193172356369692,
      "macro_f1": 0.3002288329519451,
      "good_recall": 0.0,
      "medium_recall": 0.0,
      "bad_recall": 0.8193172356369692,
      "good_precision": 0.0,
      "medium_precision": 0.0,
      "bad_precision": 1.0,
      "good_f1": 0.0,
      "medium_f1": 0.0,
      "bad_f1": 0.9006864988558353,
      "support_good": 0,
      "support_medium": 0,
      "support_bad": 1201,
      "confusion_3x3": "[[0, 0, 0], [0, 0, 0], [19, 198, 984]]"
    }
  ],
  "selection_note": "Original BUT is report-only; Clean/SemiClean/node diagnostic remains the selection source."
}