{
  "created_at": "2026-06-13T04:38:57",
  "variant_id": "nl_n7180_gm_trim_bad_boundaryblocks_origbridge_badstressp_f9488c4af248",
  "prediction_mode": "simple_pc1_gm_gate_t254",
  "metrics": [
    {
      "variant_id": "nl_n7180_gm_trim_bad_boundaryblocks_origbridge_badstressp_f9488c4af248",
      "prediction_mode": "simple_pc1_gm_gate_t254",
      "bucket": "original_all_10s+",
      "n": 32956,
      "acc": 0.8183942225998301,
      "macro_f1": 0.8436954194031135,
      "good_recall": 0.7747462301238045,
      "medium_recall": 0.8429619872036132,
      "bad_recall": 0.9097445600756859,
      "good_precision": 0.8747267307055316,
      "medium_precision": 0.6863556270589136,
      "bad_precision": 1.0,
      "good_f1": 0.8217063911880017,
      "medium_f1": 0.756640344580043,
      "bad_f1": 0.9527395224412959,
      "support_good": 17043,
      "support_medium": 10628,
      "support_bad": 5285,
      "confusion_3x3": "[[13204, 3839, 0], [1669, 8959, 0], [222, 255, 4808]]"
    },
    {
      "variant_id": "nl_n7180_gm_trim_bad_boundaryblocks_origbridge_badstressp_f9488c4af248",
      "prediction_mode": "simple_pc1_gm_gate_t254",
      "bucket": "original_test_all_10s+",
      "n": 8477,
      "acc": 0.7618261177303292,
      "macro_f1": 0.5281715174348647,
      "good_recall": 0.9189560439560439,
      "medium_recall": 0.7022141888838681,
      "bad_recall": 0.012165450121654502,
      "good_precision": 0.685170012290045,
      "medium_precision": 0.8657381615598886,
      "bad_precision": 1.0,
      "good_f1": 0.7850269889697254,
      "medium_f1": 0.7754491017964071,
      "bad_f1": 0.02403846153846154,
      "support_good": 3640,
      "support_medium": 4426,
      "support_bad": 411,
      "confusion_3x3": "[[3345, 295, 0], [1318, 3108, 0], [219, 187, 5]]"
    },
    {
      "variant_id": "nl_n7180_gm_trim_bad_boundaryblocks_origbridge_badstressp_f9488c4af248",
      "prediction_mode": "simple_pc1_gm_gate_t254",
      "bucket": "original_test_good_medium_only",
      "n": 8066,
      "acc": 0.8000247954376395,
      "macro_f1": 0.5332346668684588,
      "good_recall": 0.9189560439560439,
      "medium_recall": 0.7022141888838681,
      "bad_recall": 0.0,
      "good_precision": 0.7173493459146473,
      "medium_precision": 0.9133117837202468,
      "bad_precision": 0.0,
      "good_f1": 0.8057328676382031,
      "medium_f1": 0.7939711329671734,
      "bad_f1": 0.0,
      "support_good": 3640,
      "support_medium": 4426,
      "support_bad": 0,
      "confusion_3x3": "[[3345, 295, 0], [1318, 3108, 0], [0, 0, 0]]"
    },
    {
      "variant_id": "nl_n7180_gm_trim_bad_boundaryblocks_origbridge_badstressp_f9488c4af248",
      "prediction_mode": "simple_pc1_gm_gate_t254",
      "bucket": "original_test_bad_core_near_boundary",
      "n": 119,
      "acc": 0.04201680672268908,
      "macro_f1": 0.026881720430107527,
      "good_recall": 0.0,
      "medium_recall": 0.0,
      "bad_recall": 0.04201680672268908,
      "good_precision": 0.0,
      "medium_precision": 0.0,
      "bad_precision": 1.0,
      "good_f1": 0.0,
      "medium_f1": 0.0,
      "bad_f1": 0.08064516129032258,
      "support_good": 0,
      "support_medium": 0,
      "support_bad": 119,
      "confusion_3x3": "[[0, 0, 0], [0, 0, 0], [0, 114, 5]]"
    },
    {
      "variant_id": "nl_n7180_gm_trim_bad_boundaryblocks_origbridge_badstressp_f9488c4af248",
      "prediction_mode": "simple_pc1_gm_gate_t254",
      "bucket": "original_test_bad_outlier_stress",
      "n": 292,
      "acc": 0.0,
      "macro_f1": 0.0,
      "good_recall": 0.0,
      "medium_recall": 0.0,
      "bad_recall": 0.0,
      "good_precision": 0.0,
      "medium_precision": 0.0,
      "bad_precision": 0.0,
      "good_f1": 0.0,
      "medium_f1": 0.0,
      "bad_f1": 0.0,
      "support_good": 0,
      "support_medium": 0,
      "support_bad": 292,
      "confusion_3x3": "[[0, 0, 0], [0, 0, 0], [219, 73, 0]]"
    },
    {
      "variant_id": "nl_n7180_gm_trim_bad_boundaryblocks_origbridge_badstressp_f9488c4af248",
      "prediction_mode": "simple_pc1_gm_gate_t254",
      "bucket": "original_test_drop_bad_outlier_reference",
      "n": 8185,
      "acc": 0.7890042761148442,
      "macro_f1": 0.556317960626937,
      "good_recall": 0.9189560439560439,
      "medium_recall": 0.7022141888838681,
      "bad_recall": 0.04201680672268908,
      "good_precision": 0.7173493459146473,
      "medium_precision": 0.8837077054307648,
      "bad_precision": 1.0,
      "good_f1": 0.8057328676382031,
      "medium_f1": 0.782575852952285,
      "bad_f1": 0.08064516129032258,
      "support_good": 3640,
      "support_medium": 4426,
      "support_bad": 119,
      "confusion_3x3": "[[3345, 295, 0], [1318, 3108, 0], [0, 114, 5]]"
    },
    {
      "variant_id": "nl_n7180_gm_trim_bad_boundaryblocks_origbridge_badstressp_f9488c4af248",
      "prediction_mode": "simple_pc1_gm_gate_t254",
      "bucket": "original_test_good_medium_overlap",
      "n": 7492,
      "acc": 0.7847036839295248,
      "macro_f1": 0.5217409486171265,
      "good_recall": 0.9181010549694614,
      "medium_recall": 0.6611825192802057,
      "bad_recall": 0.0,
      "good_precision": 0.715027027027027,
      "medium_precision": 0.8971049877921172,
      "bad_precision": 0.0,
      "good_f1": 0.8039382520967546,
      "medium_f1": 0.7612845937546249,
      "bad_f1": 0.0,
      "support_good": 3602,
      "support_medium": 3890,
      "support_bad": 0,
      "confusion_3x3": "[[3307, 295, 0], [1318, 2572, 0], [0, 0, 0]]"
    },
    {
      "variant_id": "nl_n7180_gm_trim_bad_boundaryblocks_origbridge_badstressp_f9488c4af248",
      "prediction_mode": "simple_pc1_gm_gate_t254",
      "bucket": "original_all_bad_core_near_boundary",
      "n": 4084,
      "acc": 0.9718413320274241,
      "macro_f1": 0.3285732025332174,
      "good_recall": 0.0,
      "medium_recall": 0.0,
      "bad_recall": 0.9718413320274241,
      "good_precision": 0.0,
      "medium_precision": 0.0,
      "bad_precision": 1.0,
      "good_f1": 0.0,
      "medium_f1": 0.0,
      "bad_f1": 0.9857196075996523,
      "support_good": 0,
      "support_medium": 0,
      "support_bad": 4084,
      "confusion_3x3": "[[0, 0, 0], [0, 0, 0], [0, 115, 3969]]"
    },
    {
      "variant_id": "nl_n7180_gm_trim_bad_boundaryblocks_origbridge_badstressp_f9488c4af248",
      "prediction_mode": "simple_pc1_gm_gate_t254",
      "bucket": "original_all_bad_outlier_stress",
      "n": 1201,
      "acc": 0.6985845129059117,
      "macro_f1": 0.2741830065359477,
      "good_recall": 0.0,
      "medium_recall": 0.0,
      "bad_recall": 0.6985845129059117,
      "good_precision": 0.0,
      "medium_precision": 0.0,
      "bad_precision": 1.0,
      "good_f1": 0.0,
      "medium_f1": 0.0,
      "bad_f1": 0.8225490196078431,
      "support_good": 0,
      "support_medium": 0,
      "support_bad": 1201,
      "confusion_3x3": "[[0, 0, 0], [0, 0, 0], [222, 140, 839]]"
    }
  ],
  "selection_note": "Original BUT is report-only; Clean/SemiClean/node diagnostic remains the selection source."
}