{
  "created_at": "2026-06-13T08:31:36",
  "variant_id": "nl_n7187_gm_trim_bad_boundaryblocks_badoutlier_detail_pus_e71b4ab0102f",
  "prediction_mode": "raw",
  "metrics": [
    {
      "variant_id": "nl_n7187_gm_trim_bad_boundaryblocks_badoutlier_detail_pus_e71b4ab0102f",
      "prediction_mode": "raw",
      "bucket": "original_all_10s+",
      "n": 32956,
      "acc": 0.7783711615487316,
      "macro_f1": 0.8131743026564394,
      "good_recall": 0.6573373232412134,
      "medium_recall": 0.8950884456153556,
      "bad_recall": 0.9339640491958373,
      "good_precision": 0.9179024989758295,
      "medium_precision": 0.6085204375359816,
      "bad_precision": 0.9644392340758109,
      "good_f1": 0.7660694748358862,
      "medium_f1": 0.7244964015079395,
      "bad_f1": 0.9489570316254926,
      "support_good": 17043,
      "support_medium": 10628,
      "support_bad": 5285,
      "confusion_3x3": "[[11203, 5837, 3], [936, 9513, 179], [66, 283, 4936]]"
    },
    {
      "variant_id": "nl_n7187_gm_trim_bad_boundaryblocks_badoutlier_detail_pus_e71b4ab0102f",
      "prediction_mode": "raw",
      "bucket": "original_test_all_10s+",
      "n": 8477,
      "acc": 0.7206558924147694,
      "macro_f1": 0.6059214862403981,
      "good_recall": 0.6217032967032967,
      "medium_recall": 0.8402620876638048,
      "bad_recall": 0.30900243309002434,
      "good_precision": 0.7907058001397624,
      "medium_precision": 0.6994545796501787,
      "bad_precision": 0.4261744966442953,
      "good_f1": 0.6960935096893264,
      "medium_f1": 0.7634198912039413,
      "bad_f1": 0.35825105782792666,
      "support_good": 3640,
      "support_medium": 4426,
      "support_bad": 411,
      "confusion_3x3": "[[2263, 1375, 2], [538, 3719, 169], [61, 223, 127]]"
    },
    {
      "variant_id": "nl_n7187_gm_trim_bad_boundaryblocks_badoutlier_detail_pus_e71b4ab0102f",
      "prediction_mode": "raw",
      "bucket": "original_test_good_medium_only",
      "n": 8066,
      "acc": 0.7416315397966774,
      "macro_f1": 0.49466281311468857,
      "good_recall": 0.6217032967032967,
      "medium_recall": 0.8402620876638048,
      "bad_recall": 0.0,
      "good_precision": 0.8079257408068546,
      "medium_precision": 0.7300745975657636,
      "bad_precision": 0.0,
      "good_f1": 0.7026859183356622,
      "medium_f1": 0.7813025210084034,
      "bad_f1": 0.0,
      "support_good": 3640,
      "support_medium": 4426,
      "support_bad": 0,
      "confusion_3x3": "[[2263, 1375, 2], [538, 3719, 169], [0, 0, 0]]"
    },
    {
      "variant_id": "nl_n7187_gm_trim_bad_boundaryblocks_badoutlier_detail_pus_e71b4ab0102f",
      "prediction_mode": "raw",
      "bucket": "original_test_bad_core_near_boundary",
      "n": 119,
      "acc": 1.0,
      "macro_f1": 0.3333333333333333,
      "good_recall": 0.0,
      "medium_recall": 0.0,
      "bad_recall": 1.0,
      "good_precision": 0.0,
      "medium_precision": 0.0,
      "bad_precision": 1.0,
      "good_f1": 0.0,
      "medium_f1": 0.0,
      "bad_f1": 1.0,
      "support_good": 0,
      "support_medium": 0,
      "support_bad": 119,
      "confusion_3x3": "[[0, 0, 0], [0, 0, 0], [0, 0, 119]]"
    },
    {
      "variant_id": "nl_n7187_gm_trim_bad_boundaryblocks_badoutlier_detail_pus_e71b4ab0102f",
      "prediction_mode": "raw",
      "bucket": "original_test_bad_outlier_stress",
      "n": 292,
      "acc": 0.0273972602739726,
      "macro_f1": 0.017777777777777778,
      "good_recall": 0.0,
      "medium_recall": 0.0,
      "bad_recall": 0.0273972602739726,
      "good_precision": 0.0,
      "medium_precision": 0.0,
      "bad_precision": 1.0,
      "good_f1": 0.0,
      "medium_f1": 0.0,
      "bad_f1": 0.05333333333333334,
      "support_good": 0,
      "support_medium": 0,
      "support_bad": 292,
      "confusion_3x3": "[[0, 0, 0], [0, 0, 0], [61, 223, 8]]"
    },
    {
      "variant_id": "nl_n7187_gm_trim_bad_boundaryblocks_badoutlier_detail_pus_e71b4ab0102f",
      "prediction_mode": "raw",
      "bucket": "original_test_drop_bad_outlier_reference",
      "n": 8185,
      "acc": 0.7453879047037263,
      "macro_f1": 0.6886318432695377,
      "good_recall": 0.6217032967032967,
      "medium_recall": 0.8402620876638048,
      "bad_recall": 1.0,
      "good_precision": 0.8079257408068546,
      "medium_precision": 0.7300745975657636,
      "bad_precision": 0.4103448275862069,
      "good_f1": 0.7026859183356622,
      "medium_f1": 0.7813025210084034,
      "bad_f1": 0.5819070904645477,
      "support_good": 3640,
      "support_medium": 4426,
      "support_bad": 119,
      "confusion_3x3": "[[2263, 1375, 2], [538, 3719, 169], [0, 0, 119]]"
    },
    {
      "variant_id": "nl_n7187_gm_trim_bad_boundaryblocks_badoutlier_detail_pus_e71b4ab0102f",
      "prediction_mode": "raw",
      "bucket": "original_test_good_medium_overlap",
      "n": 7492,
      "acc": 0.7231713828083289,
      "macro_f1": 0.4849034543852892,
      "good_recall": 0.6177123820099945,
      "medium_recall": 0.8208226221079692,
      "bad_recall": 0.0,
      "good_precision": 0.8067440174039159,
      "medium_precision": 0.6989929947460596,
      "bad_precision": 0.0,
      "good_f1": 0.699685534591195,
      "medium_f1": 0.7550248285646725,
      "bad_f1": 0.0,
      "support_good": 3602,
      "support_medium": 3890,
      "support_bad": 0,
      "confusion_3x3": "[[2225, 1375, 2], [533, 3193, 164], [0, 0, 0]]"
    },
    {
      "variant_id": "nl_n7187_gm_trim_bad_boundaryblocks_badoutlier_detail_pus_e71b4ab0102f",
      "prediction_mode": "raw",
      "bucket": "original_all_bad_core_near_boundary",
      "n": 4084,
      "acc": 0.9997551420176298,
      "macro_f1": 0.3332925186727072,
      "good_recall": 0.0,
      "medium_recall": 0.0,
      "bad_recall": 0.9997551420176298,
      "good_precision": 0.0,
      "medium_precision": 0.0,
      "bad_precision": 1.0,
      "good_f1": 0.0,
      "medium_f1": 0.0,
      "bad_f1": 0.9998775560181217,
      "support_good": 0,
      "support_medium": 0,
      "support_bad": 4084,
      "confusion_3x3": "[[0, 0, 0], [0, 0, 0], [1, 0, 4083]]"
    },
    {
      "variant_id": "nl_n7187_gm_trim_bad_boundaryblocks_badoutlier_detail_pus_e71b4ab0102f",
      "prediction_mode": "raw",
      "bucket": "original_all_bad_outlier_stress",
      "n": 1201,
      "acc": 0.7102414654454621,
      "macro_f1": 0.2768581629341123,
      "good_recall": 0.0,
      "medium_recall": 0.0,
      "bad_recall": 0.7102414654454621,
      "good_precision": 0.0,
      "medium_precision": 0.0,
      "bad_precision": 1.0,
      "good_f1": 0.0,
      "medium_f1": 0.0,
      "bad_f1": 0.8305744888023369,
      "support_good": 0,
      "support_medium": 0,
      "support_bad": 1201,
      "confusion_3x3": "[[0, 0, 0], [0, 0, 0], [65, 283, 853]]"
    }
  ],
  "selection_note": "Original BUT is report-only; Clean/SemiClean/node diagnostic remains the selection source."
}