{
  "created_at": "2026-06-13T13:55:42",
  "variant_id": "nl_n7600_gm_trim_bad_boundaryblocks_bigjump_origdomain_n7_683525503520",
  "prediction_mode": "simple_pc1_gm_gate_t226",
  "metrics": [
    {
      "variant_id": "nl_n7600_gm_trim_bad_boundaryblocks_bigjump_origdomain_n7_683525503520",
      "prediction_mode": "simple_pc1_gm_gate_t226",
      "bucket": "original_all_10s+",
      "n": 32956,
      "acc": 0.8321701662823158,
      "macro_f1": 0.8518371067437837,
      "good_recall": 0.8116528780144341,
      "medium_recall": 0.8185923974407227,
      "bad_recall": 0.9256385998107852,
      "good_precision": 0.8698358800226372,
      "medium_precision": 0.724577329890897,
      "bad_precision": 0.9694807768529529,
      "good_f1": 0.8397377526862138,
      "medium_f1": 0.7687210072895958,
      "bad_f1": 0.9470525602555415,
      "support_good": 17043,
      "support_medium": 10628,
      "support_bad": 5285,
      "confusion_3x3": "[[13833, 3147, 63], [1837, 8700, 91], [233, 160, 4892]]"
    },
    {
      "variant_id": "nl_n7600_gm_trim_bad_boundaryblocks_bigjump_origdomain_n7_683525503520",
      "prediction_mode": "simple_pc1_gm_gate_t226",
      "bucket": "original_test_all_10s+",
      "n": 8477,
      "acc": 0.7586410286658016,
      "macro_f1": 0.6180192499038167,
      "good_recall": 0.9304945054945055,
      "medium_recall": 0.6680976050610031,
      "bad_recall": 0.2116788321167883,
      "good_precision": 0.6741640127388535,
      "medium_precision": 0.8971480582524272,
      "bad_precision": 0.554140127388535,
      "good_f1": 0.7818559556786704,
      "medium_f1": 0.7658637658637658,
      "bad_f1": 0.30633802816901406,
      "support_good": 3640,
      "support_medium": 4426,
      "support_bad": 411,
      "confusion_3x3": "[[3387, 247, 6], [1405, 2957, 64], [232, 92, 87]]"
    },
    {
      "variant_id": "nl_n7600_gm_trim_bad_boundaryblocks_bigjump_origdomain_n7_683525503520",
      "prediction_mode": "simple_pc1_gm_gate_t226",
      "bucket": "original_test_good_medium_only",
      "n": 8066,
      "acc": 0.786511281924126,
      "macro_f1": 0.526155472547113,
      "good_recall": 0.9304945054945055,
      "medium_recall": 0.6680976050610031,
      "bad_recall": 0.0,
      "good_precision": 0.7068030050083473,
      "medium_precision": 0.9229088639200999,
      "bad_precision": 0.0,
      "good_f1": 0.8033681214421252,
      "medium_f1": 0.7750982961992137,
      "bad_f1": 0.0,
      "support_good": 3640,
      "support_medium": 4426,
      "support_bad": 0,
      "confusion_3x3": "[[3387, 247, 6], [1405, 2957, 64], [0, 0, 0]]"
    },
    {
      "variant_id": "nl_n7600_gm_trim_bad_boundaryblocks_bigjump_origdomain_n7_683525503520",
      "prediction_mode": "simple_pc1_gm_gate_t226",
      "bucket": "original_test_bad_core_near_boundary",
      "n": 119,
      "acc": 0.7226890756302521,
      "macro_f1": 0.27967479674796747,
      "good_recall": 0.0,
      "medium_recall": 0.0,
      "bad_recall": 0.7226890756302521,
      "good_precision": 0.0,
      "medium_precision": 0.0,
      "bad_precision": 1.0,
      "good_f1": 0.0,
      "medium_f1": 0.0,
      "bad_f1": 0.8390243902439024,
      "support_good": 0,
      "support_medium": 0,
      "support_bad": 119,
      "confusion_3x3": "[[0, 0, 0], [0, 0, 0], [0, 33, 86]]"
    },
    {
      "variant_id": "nl_n7600_gm_trim_bad_boundaryblocks_bigjump_origdomain_n7_683525503520",
      "prediction_mode": "simple_pc1_gm_gate_t226",
      "bucket": "original_test_bad_outlier_stress",
      "n": 292,
      "acc": 0.003424657534246575,
      "macro_f1": 0.0022753128555176336,
      "good_recall": 0.0,
      "medium_recall": 0.0,
      "bad_recall": 0.003424657534246575,
      "good_precision": 0.0,
      "medium_precision": 0.0,
      "bad_precision": 1.0,
      "good_f1": 0.0,
      "medium_f1": 0.0,
      "bad_f1": 0.006825938566552901,
      "support_good": 0,
      "support_medium": 0,
      "support_bad": 292,
      "confusion_3x3": "[[0, 0, 0], [0, 0, 0], [232, 59, 1]]"
    },
    {
      "variant_id": "nl_n7600_gm_trim_bad_boundaryblocks_bigjump_origdomain_n7_683525503520",
      "prediction_mode": "simple_pc1_gm_gate_t226",
      "bucket": "original_test_drop_bad_outlier_reference",
      "n": 8185,
      "acc": 0.7855833842394624,
      "macro_f1": 0.7335276913493057,
      "good_recall": 0.9304945054945055,
      "medium_recall": 0.6680976050610031,
      "bad_recall": 0.7226890756302521,
      "good_precision": 0.7068030050083473,
      "medium_precision": 0.9135001544640099,
      "bad_precision": 0.5512820512820513,
      "good_f1": 0.8033681214421252,
      "medium_f1": 0.7717604071512463,
      "bad_f1": 0.6254545454545455,
      "support_good": 3640,
      "support_medium": 4426,
      "support_bad": 119,
      "confusion_3x3": "[[3387, 247, 6], [1405, 2957, 64], [0, 33, 86]]"
    },
    {
      "variant_id": "nl_n7600_gm_trim_bad_boundaryblocks_bigjump_origdomain_n7_683525503520",
      "prediction_mode": "simple_pc1_gm_gate_t226",
      "bucket": "original_test_good_medium_overlap",
      "n": 7492,
      "acc": 0.7701548318206086,
      "macro_f1": 0.5133048537985828,
      "good_recall": 0.9297612437534702,
      "medium_recall": 0.6223650385604114,
      "bad_recall": 0.0,
      "good_precision": 0.7044594026083298,
      "medium_precision": 0.9074212893553223,
      "bad_precision": 0.0,
      "good_f1": 0.8015797032072762,
      "medium_f1": 0.7383348581884721,
      "bad_f1": 0.0,
      "support_good": 3602,
      "support_medium": 3890,
      "support_bad": 0,
      "confusion_3x3": "[[3349, 247, 6], [1405, 2421, 64], [0, 0, 0]]"
    },
    {
      "variant_id": "nl_n7600_gm_trim_bad_boundaryblocks_bigjump_origdomain_n7_683525503520",
      "prediction_mode": "simple_pc1_gm_gate_t226",
      "bucket": "original_all_bad_core_near_boundary",
      "n": 4084,
      "acc": 0.9916748285994124,
      "macro_f1": 0.3319400049176297,
      "good_recall": 0.0,
      "medium_recall": 0.0,
      "bad_recall": 0.9916748285994124,
      "good_precision": 0.0,
      "medium_precision": 0.0,
      "bad_precision": 1.0,
      "good_f1": 0.0,
      "medium_f1": 0.0,
      "bad_f1": 0.9958200147528891,
      "support_good": 0,
      "support_medium": 0,
      "support_bad": 4084,
      "confusion_3x3": "[[0, 0, 0], [0, 0, 0], [0, 34, 4050]]"
    },
    {
      "variant_id": "nl_n7600_gm_trim_bad_boundaryblocks_bigjump_origdomain_n7_683525503520",
      "prediction_mode": "simple_pc1_gm_gate_t226",
      "bucket": "original_all_bad_outlier_stress",
      "n": 1201,
      "acc": 0.701082431307244,
      "macro_f1": 0.274759340838636,
      "good_recall": 0.0,
      "medium_recall": 0.0,
      "bad_recall": 0.701082431307244,
      "good_precision": 0.0,
      "medium_precision": 0.0,
      "bad_precision": 1.0,
      "good_f1": 0.0,
      "medium_f1": 0.0,
      "bad_f1": 0.824278022515908,
      "support_good": 0,
      "support_medium": 0,
      "support_bad": 1201,
      "confusion_3x3": "[[0, 0, 0], [0, 0, 0], [233, 126, 842]]"
    }
  ],
  "selection_note": "Original BUT is report-only; Clean/SemiClean/node diagnostic remains the selection source."
}