{
  "created_at": "2026-06-13T06:52:18",
  "variant_id": "nl_n7184_gm_trim_bad_boundaryblocks_badattackwide_outlier_516d83e0ce44",
  "prediction_mode": "simple_pc1_gm_gate_t254",
  "metrics": [
    {
      "variant_id": "nl_n7184_gm_trim_bad_boundaryblocks_badattackwide_outlier_516d83e0ce44",
      "prediction_mode": "simple_pc1_gm_gate_t254",
      "bucket": "original_all_10s+",
      "n": 32956,
      "acc": 0.8182728486466804,
      "macro_f1": 0.8352162108651985,
      "good_recall": 0.770697647127853,
      "medium_recall": 0.836846066992849,
      "bad_recall": 0.9343424787133396,
      "good_precision": 0.8991032924909302,
      "medium_precision": 0.6900457754674528,
      "bad_precision": 0.9047270062293881,
      "good_f1": 0.829963351446986,
      "medium_f1": 0.7563889951949654,
      "bad_f1": 0.9192962859536442,
      "support_good": 17043,
      "support_medium": 10628,
      "support_bad": 5285,
      "confusion_3x3": "[[13135, 3839, 69], [1283, 8894, 451], [191, 156, 4938]]"
    },
    {
      "variant_id": "nl_n7184_gm_trim_bad_boundaryblocks_badattackwide_outlier_516d83e0ce44",
      "prediction_mode": "simple_pc1_gm_gate_t254",
      "bucket": "original_test_all_10s+",
      "n": 8477,
      "acc": 0.7693759584758759,
      "macro_f1": 0.624330504495057,
      "good_recall": 0.9134615384615384,
      "medium_recall": 0.692046995029372,
      "bad_recall": 0.3260340632603406,
      "good_precision": 0.7446808510638298,
      "medium_precision": 0.8888566453859548,
      "bad_precision": 0.23674911660777384,
      "good_f1": 0.8204811844540407,
      "medium_f1": 0.7782012195121951,
      "bad_f1": 0.2743091095189355,
      "support_good": 3640,
      "support_medium": 4426,
      "support_bad": 411,
      "confusion_3x3": "[[3325, 295, 20], [951, 3063, 412], [189, 88, 134]]"
    },
    {
      "variant_id": "nl_n7184_gm_trim_bad_boundaryblocks_badattackwide_outlier_516d83e0ce44",
      "prediction_mode": "simple_pc1_gm_gate_t254",
      "bucket": "original_test_good_medium_only",
      "n": 8066,
      "acc": 0.7919662782048104,
      "macro_f1": 0.5423565716833881,
      "good_recall": 0.9134615384615384,
      "medium_recall": 0.692046995029372,
      "bad_recall": 0.0,
      "good_precision": 0.7775958840037418,
      "medium_precision": 0.9121500893388922,
      "bad_precision": 0.0,
      "good_f1": 0.8400707427993936,
      "medium_f1": 0.7869989722507709,
      "bad_f1": 0.0,
      "support_good": 3640,
      "support_medium": 4426,
      "support_bad": 0,
      "confusion_3x3": "[[3325, 295, 20], [951, 3063, 412], [0, 0, 0]]"
    },
    {
      "variant_id": "nl_n7184_gm_trim_bad_boundaryblocks_badattackwide_outlier_516d83e0ce44",
      "prediction_mode": "simple_pc1_gm_gate_t254",
      "bucket": "original_test_bad_core_near_boundary",
      "n": 119,
      "acc": 0.8403361344537815,
      "macro_f1": 0.30441400304414,
      "good_recall": 0.0,
      "medium_recall": 0.0,
      "bad_recall": 0.8403361344537815,
      "good_precision": 0.0,
      "medium_precision": 0.0,
      "bad_precision": 1.0,
      "good_f1": 0.0,
      "medium_f1": 0.0,
      "bad_f1": 0.91324200913242,
      "support_good": 0,
      "support_medium": 0,
      "support_bad": 119,
      "confusion_3x3": "[[0, 0, 0], [0, 0, 0], [0, 19, 100]]"
    },
    {
      "variant_id": "nl_n7184_gm_trim_bad_boundaryblocks_badattackwide_outlier_516d83e0ce44",
      "prediction_mode": "simple_pc1_gm_gate_t254",
      "bucket": "original_test_bad_outlier_stress",
      "n": 292,
      "acc": 0.11643835616438356,
      "macro_f1": 0.06952965235173823,
      "good_recall": 0.0,
      "medium_recall": 0.0,
      "bad_recall": 0.11643835616438356,
      "good_precision": 0.0,
      "medium_precision": 0.0,
      "bad_precision": 1.0,
      "good_f1": 0.0,
      "medium_f1": 0.0,
      "bad_f1": 0.2085889570552147,
      "support_good": 0,
      "support_medium": 0,
      "support_bad": 292,
      "confusion_3x3": "[[0, 0, 0], [0, 0, 0], [189, 69, 34]]"
    },
    {
      "variant_id": "nl_n7184_gm_trim_bad_boundaryblocks_badattackwide_outlier_516d83e0ce44",
      "prediction_mode": "simple_pc1_gm_gate_t254",
      "bucket": "original_test_drop_bad_outlier_reference",
      "n": 8185,
      "acc": 0.7926695174098961,
      "macro_f1": 0.6441243551243173,
      "good_recall": 0.9134615384615384,
      "medium_recall": 0.692046995029372,
      "bad_recall": 0.8403361344537815,
      "good_precision": 0.7775958840037418,
      "medium_precision": 0.9070180633698549,
      "bad_precision": 0.18796992481203006,
      "good_f1": 0.8400707427993936,
      "medium_f1": 0.7850826605151865,
      "bad_f1": 0.30721966205837176,
      "support_good": 3640,
      "support_medium": 4426,
      "support_bad": 119,
      "confusion_3x3": "[[3325, 295, 20], [951, 3063, 412], [0, 19, 100]]"
    },
    {
      "variant_id": "nl_n7184_gm_trim_bad_boundaryblocks_badattackwide_outlier_516d83e0ce44",
      "prediction_mode": "simple_pc1_gm_gate_t254",
      "bucket": "original_test_good_medium_overlap",
      "n": 7492,
      "acc": 0.7760277629471436,
      "macro_f1": 0.5305000486487802,
      "good_recall": 0.9125485841199333,
      "medium_recall": 0.6496143958868894,
      "bad_recall": 0.0,
      "good_precision": 0.7756016989145823,
      "medium_precision": 0.8954642097802976,
      "bad_precision": 0.0,
      "good_f1": 0.8385204081632653,
      "medium_f1": 0.7529797377830751,
      "bad_f1": 0.0,
      "support_good": 3602,
      "support_medium": 3890,
      "support_bad": 0,
      "confusion_3x3": "[[3287, 295, 20], [951, 2527, 412], [0, 0, 0]]"
    },
    {
      "variant_id": "nl_n7184_gm_trim_bad_boundaryblocks_badattackwide_outlier_516d83e0ce44",
      "prediction_mode": "simple_pc1_gm_gate_t254",
      "bucket": "original_all_bad_core_near_boundary",
      "n": 4084,
      "acc": 0.9951028403525954,
      "macro_f1": 0.33251513663884796,
      "good_recall": 0.0,
      "medium_recall": 0.0,
      "bad_recall": 0.9951028403525954,
      "good_precision": 0.0,
      "medium_precision": 0.0,
      "bad_precision": 1.0,
      "good_f1": 0.0,
      "medium_f1": 0.0,
      "bad_f1": 0.997545409916544,
      "support_good": 0,
      "support_medium": 0,
      "support_bad": 4084,
      "confusion_3x3": "[[0, 0, 0], [0, 0, 0], [0, 20, 4064]]"
    },
    {
      "variant_id": "nl_n7184_gm_trim_bad_boundaryblocks_badattackwide_outlier_516d83e0ce44",
      "prediction_mode": "simple_pc1_gm_gate_t254",
      "bucket": "original_all_bad_outlier_stress",
      "n": 1201,
      "acc": 0.7277268942547876,
      "macro_f1": 0.28080321285140564,
      "good_recall": 0.0,
      "medium_recall": 0.0,
      "bad_recall": 0.7277268942547876,
      "good_precision": 0.0,
      "medium_precision": 0.0,
      "bad_precision": 1.0,
      "good_f1": 0.0,
      "medium_f1": 0.0,
      "bad_f1": 0.8424096385542169,
      "support_good": 0,
      "support_medium": 0,
      "support_bad": 1201,
      "confusion_3x3": "[[0, 0, 0], [0, 0, 0], [191, 136, 874]]"
    }
  ],
  "selection_note": "Original BUT is report-only; Clean/SemiClean/node diagnostic remains the selection source."
}