{
  "created_at": "2026-06-13T13:55:42",
  "variant_id": "nl_n7600_gm_trim_bad_boundaryblocks_bigjump_balanced_n720_0e77277acfdc",
  "prediction_mode": "raw",
  "metrics": [
    {
      "variant_id": "nl_n7600_gm_trim_bad_boundaryblocks_bigjump_balanced_n720_0e77277acfdc",
      "prediction_mode": "raw",
      "bucket": "original_all_10s+",
      "n": 32956,
      "acc": 0.8242201723510135,
      "macro_f1": 0.8448356229519788,
      "good_recall": 0.8175790647186528,
      "medium_recall": 0.7962928114414753,
      "bad_recall": 0.9017975402081362,
      "good_precision": 0.8632139759633255,
      "medium_precision": 0.7024985473561882,
      "bad_precision": 0.999790224459828,
      "good_f1": 0.8397770076841947,
      "medium_f1": 0.7464608599779493,
      "bad_f1": 0.9482690011937923,
      "support_good": 17043,
      "support_medium": 10628,
      "support_bad": 5285,
      "confusion_3x3": "[[13934, 3109, 0], [2164, 8463, 1], [44, 475, 4766]]"
    },
    {
      "variant_id": "nl_n7600_gm_trim_bad_boundaryblocks_bigjump_balanced_n720_0e77277acfdc",
      "prediction_mode": "raw",
      "bucket": "original_test_all_10s+",
      "n": 8477,
      "acc": 0.7441311784829538,
      "macro_f1": 0.5070155634440852,
      "good_recall": 0.7239010989010989,
      "medium_recall": 0.8298689561680976,
      "bad_recall": 0.0,
      "good_precision": 0.7691185055458261,
      "medium_precision": 0.7273267326732673,
      "bad_precision": 0.0,
      "good_f1": 0.7458250778375318,
      "medium_f1": 0.7752216124947235,
      "bad_f1": 0.0,
      "support_good": 3640,
      "support_medium": 4426,
      "support_bad": 411,
      "confusion_3x3": "[[2635, 1005, 0], [752, 3673, 1], [39, 372, 0]]"
    },
    {
      "variant_id": "nl_n7600_gm_trim_bad_boundaryblocks_bigjump_balanced_n720_0e77277acfdc",
      "prediction_mode": "raw",
      "bucket": "original_test_good_medium_only",
      "n": 8066,
      "acc": 0.7820481031490206,
      "macro_f1": 0.5189541632413065,
      "good_recall": 0.7239010989010989,
      "medium_recall": 0.8298689561680976,
      "bad_recall": 0.0,
      "good_precision": 0.7779746087983466,
      "medium_precision": 0.7851646002565199,
      "bad_precision": 0.0,
      "good_f1": 0.7499644229400882,
      "medium_f1": 0.8068980667838312,
      "bad_f1": 0.0,
      "support_good": 3640,
      "support_medium": 4426,
      "support_bad": 0,
      "confusion_3x3": "[[2635, 1005, 0], [752, 3673, 1], [0, 0, 0]]"
    },
    {
      "variant_id": "nl_n7600_gm_trim_bad_boundaryblocks_bigjump_balanced_n720_0e77277acfdc",
      "prediction_mode": "raw",
      "bucket": "original_test_bad_core_near_boundary",
      "n": 119,
      "acc": 0.0,
      "macro_f1": 0.0,
      "good_recall": 0.0,
      "medium_recall": 0.0,
      "bad_recall": 0.0,
      "good_precision": 0.0,
      "medium_precision": 0.0,
      "bad_precision": 0.0,
      "good_f1": 0.0,
      "medium_f1": 0.0,
      "bad_f1": 0.0,
      "support_good": 0,
      "support_medium": 0,
      "support_bad": 119,
      "confusion_3x3": "[[0, 0, 0], [0, 0, 0], [0, 119, 0]]"
    },
    {
      "variant_id": "nl_n7600_gm_trim_bad_boundaryblocks_bigjump_balanced_n720_0e77277acfdc",
      "prediction_mode": "raw",
      "bucket": "original_test_bad_outlier_stress",
      "n": 292,
      "acc": 0.0,
      "macro_f1": 0.0,
      "good_recall": 0.0,
      "medium_recall": 0.0,
      "bad_recall": 0.0,
      "good_precision": 0.0,
      "medium_precision": 0.0,
      "bad_precision": 0.0,
      "good_f1": 0.0,
      "medium_f1": 0.0,
      "bad_f1": 0.0,
      "support_good": 0,
      "support_medium": 0,
      "support_bad": 292,
      "confusion_3x3": "[[0, 0, 0], [0, 0, 0], [39, 253, 0]]"
    },
    {
      "variant_id": "nl_n7600_gm_trim_bad_boundaryblocks_bigjump_balanced_n720_0e77277acfdc",
      "prediction_mode": "raw",
      "bucket": "original_test_drop_bad_outlier_reference",
      "n": 8185,
      "acc": 0.7706780696395846,
      "macro_f1": 0.5154838220671666,
      "good_recall": 0.7239010989010989,
      "medium_recall": 0.8298689561680976,
      "bad_recall": 0.0,
      "good_precision": 0.7779746087983466,
      "medium_precision": 0.7656868876381071,
      "bad_precision": 0.0,
      "good_f1": 0.7499644229400882,
      "medium_f1": 0.7964870432614117,
      "bad_f1": 0.0,
      "support_good": 3640,
      "support_medium": 4426,
      "support_bad": 119,
      "confusion_3x3": "[[2635, 1005, 0], [752, 3673, 1], [0, 119, 0]]"
    },
    {
      "variant_id": "nl_n7600_gm_trim_bad_boundaryblocks_bigjump_balanced_n720_0e77277acfdc",
      "prediction_mode": "raw",
      "bucket": "original_test_good_medium_overlap",
      "n": 7492,
      "acc": 0.7677522690870262,
      "macro_f1": 0.5110071882935127,
      "good_recall": 0.720988339811216,
      "medium_recall": 0.8110539845758354,
      "bad_recall": 0.0,
      "good_precision": 0.7796457520264185,
      "medium_precision": 0.7584134615384616,
      "bad_precision": 0.0,
      "good_f1": 0.7491706332035194,
      "medium_f1": 0.7838509316770186,
      "bad_f1": 0.0,
      "support_good": 3602,
      "support_medium": 3890,
      "support_bad": 0,
      "confusion_3x3": "[[2597, 1005, 0], [734, 3155, 1], [0, 0, 0]]"
    },
    {
      "variant_id": "nl_n7600_gm_trim_bad_boundaryblocks_bigjump_balanced_n720_0e77277acfdc",
      "prediction_mode": "raw",
      "bucket": "original_all_bad_core_near_boundary",
      "n": 4084,
      "acc": 0.970617042115573,
      "macro_f1": 0.32836315440689195,
      "good_recall": 0.0,
      "medium_recall": 0.0,
      "bad_recall": 0.970617042115573,
      "good_precision": 0.0,
      "medium_precision": 0.0,
      "bad_precision": 1.0,
      "good_f1": 0.0,
      "medium_f1": 0.0,
      "bad_f1": 0.9850894632206759,
      "support_good": 0,
      "support_medium": 0,
      "support_bad": 4084,
      "confusion_3x3": "[[0, 0, 0], [0, 0, 0], [0, 120, 3964]]"
    },
    {
      "variant_id": "nl_n7600_gm_trim_bad_boundaryblocks_bigjump_balanced_n720_0e77277acfdc",
      "prediction_mode": "raw",
      "bucket": "original_all_bad_outlier_stress",
      "n": 1201,
      "acc": 0.6677768526228143,
      "macro_f1": 0.26693293393243467,
      "good_recall": 0.0,
      "medium_recall": 0.0,
      "bad_recall": 0.6677768526228143,
      "good_precision": 0.0,
      "medium_precision": 0.0,
      "bad_precision": 1.0,
      "good_f1": 0.0,
      "medium_f1": 0.0,
      "bad_f1": 0.800798801797304,
      "support_good": 0,
      "support_medium": 0,
      "support_bad": 1201,
      "confusion_3x3": "[[0, 0, 0], [0, 0, 0], [44, 355, 802]]"
    }
  ],
  "selection_note": "Original BUT is report-only; Clean/SemiClean/node diagnostic remains the selection source."
}