{
  "created_at": "2026-06-13T08:38:48",
  "variant_id": "nl_n7187_gm_trim_bad_boundaryblocks_badoutlier_detail_gua_ad4d4fc935ac",
  "prediction_mode": "simple_pc1_gm_gate_t254",
  "metrics": [
    {
      "variant_id": "nl_n7187_gm_trim_bad_boundaryblocks_badoutlier_detail_gua_ad4d4fc935ac",
      "prediction_mode": "simple_pc1_gm_gate_t254",
      "bucket": "original_all_10s+",
      "n": 32956,
      "acc": 0.8123862119189222,
      "macro_f1": 0.8235091481239031,
      "good_recall": 0.7667664143636683,
      "medium_recall": 0.8216974030861874,
      "bad_recall": 0.9407757805108798,
      "good_precision": 0.9097111033762617,
      "medium_precision": 0.6877461017483069,
      "bad_precision": 0.8437128796877651,
      "good_f1": 0.8321446765155375,
      "medium_f1": 0.7487781874303352,
      "bad_f1": 0.8896045804258365,
      "support_good": 17043,
      "support_medium": 10628,
      "support_bad": 5285,
      "confusion_3x3": "[[13068, 3839, 136], [1110, 8733, 785], [187, 126, 4972]]"
    },
    {
      "variant_id": "nl_n7187_gm_trim_bad_boundaryblocks_badoutlier_detail_gua_ad4d4fc935ac",
      "prediction_mode": "simple_pc1_gm_gate_t254",
      "bucket": "original_test_all_10s+",
      "n": 8477,
      "acc": 0.7536864456765365,
      "macro_f1": 0.6107617821129794,
      "good_recall": 0.9024725274725275,
      "medium_recall": 0.6656122910076819,
      "bad_recall": 0.3844282238442822,
      "good_precision": 0.7729411764705882,
      "medium_precision": 0.8900302114803625,
      "bad_precision": 0.1723009814612868,
      "good_f1": 0.8326996197718631,
      "medium_f1": 0.7616339193381593,
      "bad_f1": 0.23795180722891565,
      "support_good": 3640,
      "support_medium": 4426,
      "support_bad": 411,
      "confusion_3x3": "[[3285, 295, 60], [781, 2946, 699], [184, 69, 158]]"
    },
    {
      "variant_id": "nl_n7187_gm_trim_bad_boundaryblocks_badoutlier_detail_gua_ad4d4fc935ac",
      "prediction_mode": "simple_pc1_gm_gate_t254",
      "bucket": "original_test_good_medium_only",
      "n": 8066,
      "acc": 0.7725018596578229,
      "macro_f1": 0.5403569099721942,
      "good_recall": 0.9024725274725275,
      "medium_recall": 0.6656122910076819,
      "bad_recall": 0.0,
      "good_precision": 0.807919331037875,
      "medium_precision": 0.9089787102746066,
      "bad_precision": 0.0,
      "good_f1": 0.8525824033220867,
      "medium_f1": 0.7684883265944958,
      "bad_f1": 0.0,
      "support_good": 3640,
      "support_medium": 4426,
      "support_bad": 0,
      "confusion_3x3": "[[3285, 295, 60], [781, 2946, 699], [0, 0, 0]]"
    },
    {
      "variant_id": "nl_n7187_gm_trim_bad_boundaryblocks_badoutlier_detail_gua_ad4d4fc935ac",
      "prediction_mode": "simple_pc1_gm_gate_t254",
      "bucket": "original_test_bad_core_near_boundary",
      "n": 119,
      "acc": 1.0,
      "macro_f1": 0.3333333333333333,
      "good_recall": 0.0,
      "medium_recall": 0.0,
      "bad_recall": 1.0,
      "good_precision": 0.0,
      "medium_precision": 0.0,
      "bad_precision": 1.0,
      "good_f1": 0.0,
      "medium_f1": 0.0,
      "bad_f1": 1.0,
      "support_good": 0,
      "support_medium": 0,
      "support_bad": 119,
      "confusion_3x3": "[[0, 0, 0], [0, 0, 0], [0, 0, 119]]"
    },
    {
      "variant_id": "nl_n7187_gm_trim_bad_boundaryblocks_badoutlier_detail_gua_ad4d4fc935ac",
      "prediction_mode": "simple_pc1_gm_gate_t254",
      "bucket": "original_test_bad_outlier_stress",
      "n": 292,
      "acc": 0.13356164383561644,
      "macro_f1": 0.07854984894259819,
      "good_recall": 0.0,
      "medium_recall": 0.0,
      "bad_recall": 0.13356164383561644,
      "good_precision": 0.0,
      "medium_precision": 0.0,
      "bad_precision": 1.0,
      "good_f1": 0.0,
      "medium_f1": 0.0,
      "bad_f1": 0.23564954682779457,
      "support_good": 0,
      "support_medium": 0,
      "support_bad": 292,
      "confusion_3x3": "[[0, 0, 0], [0, 0, 0], [184, 69, 39]]"
    },
    {
      "variant_id": "nl_n7187_gm_trim_bad_boundaryblocks_badoutlier_detail_gua_ad4d4fc935ac",
      "prediction_mode": "simple_pc1_gm_gate_t254",
      "bucket": "original_test_drop_bad_outlier_reference",
      "n": 8185,
      "acc": 0.7758094074526573,
      "macro_f1": 0.6199289594539729,
      "good_recall": 0.9024725274725275,
      "medium_recall": 0.6656122910076819,
      "bad_recall": 1.0,
      "good_precision": 0.807919331037875,
      "medium_precision": 0.9089787102746066,
      "bad_precision": 0.13553530751708429,
      "good_f1": 0.8525824033220867,
      "medium_f1": 0.7684883265944958,
      "bad_f1": 0.238716148445336,
      "support_good": 3640,
      "support_medium": 4426,
      "support_bad": 119,
      "confusion_3x3": "[[3285, 295, 60], [781, 2946, 699], [0, 0, 119]]"
    },
    {
      "variant_id": "nl_n7187_gm_trim_bad_boundaryblocks_badoutlier_detail_gua_ad4d4fc935ac",
      "prediction_mode": "simple_pc1_gm_gate_t254",
      "bucket": "original_test_good_medium_overlap",
      "n": 7492,
      "acc": 0.7582754938601175,
      "macro_f1": 0.5288575173565699,
      "good_recall": 0.9014436424208773,
      "medium_recall": 0.625706940874036,
      "bad_recall": 0.0,
      "good_precision": 0.8061072492552135,
      "medium_precision": 0.891901795529498,
      "bad_precision": 0.0,
      "good_f1": 0.8511140235910878,
      "medium_f1": 0.7354585284786221,
      "bad_f1": 0.0,
      "support_good": 3602,
      "support_medium": 3890,
      "support_bad": 0,
      "confusion_3x3": "[[3247, 295, 60], [781, 2434, 675], [0, 0, 0]]"
    },
    {
      "variant_id": "nl_n7187_gm_trim_bad_boundaryblocks_badoutlier_detail_gua_ad4d4fc935ac",
      "prediction_mode": "simple_pc1_gm_gate_t254",
      "bucket": "original_all_bad_core_near_boundary",
      "n": 4084,
      "acc": 0.9997551420176298,
      "macro_f1": 0.3332925186727072,
      "good_recall": 0.0,
      "medium_recall": 0.0,
      "bad_recall": 0.9997551420176298,
      "good_precision": 0.0,
      "medium_precision": 0.0,
      "bad_precision": 1.0,
      "good_f1": 0.0,
      "medium_f1": 0.0,
      "bad_f1": 0.9998775560181217,
      "support_good": 0,
      "support_medium": 0,
      "support_bad": 4084,
      "confusion_3x3": "[[0, 0, 0], [0, 0, 0], [0, 1, 4083]]"
    },
    {
      "variant_id": "nl_n7187_gm_trim_bad_boundaryblocks_badoutlier_detail_gua_ad4d4fc935ac",
      "prediction_mode": "simple_pc1_gm_gate_t254",
      "bucket": "original_all_bad_outlier_stress",
      "n": 1201,
      "acc": 0.7402164862614488,
      "macro_f1": 0.2835725677830941,
      "good_recall": 0.0,
      "medium_recall": 0.0,
      "bad_recall": 0.7402164862614488,
      "good_precision": 0.0,
      "medium_precision": 0.0,
      "bad_precision": 1.0,
      "good_f1": 0.0,
      "medium_f1": 0.0,
      "bad_f1": 0.8507177033492823,
      "support_good": 0,
      "support_medium": 0,
      "support_bad": 1201,
      "confusion_3x3": "[[0, 0, 0], [0, 0, 0], [187, 125, 889]]"
    }
  ],
  "selection_note": "Original BUT is report-only; Clean/SemiClean/node diagnostic remains the selection source."
}