{
  "created_at": "2026-06-13T04:38:54",
  "variant_id": "nl_n7180_gm_trim_bad_boundaryblocks_visualgate_mediumprot_e430e1072ca7",
  "prediction_mode": "simple_pc1_gm_gate_t254",
  "metrics": [
    {
      "variant_id": "nl_n7180_gm_trim_bad_boundaryblocks_visualgate_mediumprot_e430e1072ca7",
      "prediction_mode": "simple_pc1_gm_gate_t254",
      "bucket": "original_all_10s+",
      "n": 32956,
      "acc": 0.8184852530646923,
      "macro_f1": 0.8438081648450545,
      "good_recall": 0.7747462301238045,
      "medium_recall": 0.8429619872036132,
      "bad_recall": 0.9103122043519395,
      "good_precision": 0.8747846826553597,
      "medium_precision": 0.6865134099616859,
      "bad_precision": 0.9997921862011637,
      "good_f1": 0.8217319600460529,
      "medium_f1": 0.7567362108286173,
      "bad_f1": 0.9529563236604932,
      "support_good": 17043,
      "support_medium": 10628,
      "support_bad": 5285,
      "confusion_3x3": "[[13204, 3839, 0], [1668, 8959, 1], [222, 252, 4811]]"
    },
    {
      "variant_id": "nl_n7180_gm_trim_bad_boundaryblocks_visualgate_mediumprot_e430e1072ca7",
      "prediction_mode": "simple_pc1_gm_gate_t254",
      "bucket": "original_test_all_10s+",
      "n": 8477,
      "acc": 0.7621800165152767,
      "macro_f1": 0.5329841899748468,
      "good_recall": 0.9189560439560439,
      "medium_recall": 0.7022141888838681,
      "bad_recall": 0.019464720194647202,
      "good_precision": 0.685170012290045,
      "medium_precision": 0.8664622247003066,
      "bad_precision": 1.0,
      "good_f1": 0.7850269889697254,
      "medium_f1": 0.775739423436915,
      "bad_f1": 0.03818615751789976,
      "support_good": 3640,
      "support_medium": 4426,
      "support_bad": 411,
      "confusion_3x3": "[[3345, 295, 0], [1318, 3108, 0], [219, 184, 8]]"
    },
    {
      "variant_id": "nl_n7180_gm_trim_bad_boundaryblocks_visualgate_mediumprot_e430e1072ca7",
      "prediction_mode": "simple_pc1_gm_gate_t254",
      "bucket": "original_test_good_medium_only",
      "n": 8066,
      "acc": 0.8000247954376395,
      "macro_f1": 0.5332346668684588,
      "good_recall": 0.9189560439560439,
      "medium_recall": 0.7022141888838681,
      "bad_recall": 0.0,
      "good_precision": 0.7173493459146473,
      "medium_precision": 0.9133117837202468,
      "bad_precision": 0.0,
      "good_f1": 0.8057328676382031,
      "medium_f1": 0.7939711329671734,
      "bad_f1": 0.0,
      "support_good": 3640,
      "support_medium": 4426,
      "support_bad": 0,
      "confusion_3x3": "[[3345, 295, 0], [1318, 3108, 0], [0, 0, 0]]"
    },
    {
      "variant_id": "nl_n7180_gm_trim_bad_boundaryblocks_visualgate_mediumprot_e430e1072ca7",
      "prediction_mode": "simple_pc1_gm_gate_t254",
      "bucket": "original_test_bad_core_near_boundary",
      "n": 119,
      "acc": 0.06722689075630252,
      "macro_f1": 0.04199475065616798,
      "good_recall": 0.0,
      "medium_recall": 0.0,
      "bad_recall": 0.06722689075630252,
      "good_precision": 0.0,
      "medium_precision": 0.0,
      "bad_precision": 1.0,
      "good_f1": 0.0,
      "medium_f1": 0.0,
      "bad_f1": 0.12598425196850394,
      "support_good": 0,
      "support_medium": 0,
      "support_bad": 119,
      "confusion_3x3": "[[0, 0, 0], [0, 0, 0], [0, 111, 8]]"
    },
    {
      "variant_id": "nl_n7180_gm_trim_bad_boundaryblocks_visualgate_mediumprot_e430e1072ca7",
      "prediction_mode": "simple_pc1_gm_gate_t254",
      "bucket": "original_test_bad_outlier_stress",
      "n": 292,
      "acc": 0.0,
      "macro_f1": 0.0,
      "good_recall": 0.0,
      "medium_recall": 0.0,
      "bad_recall": 0.0,
      "good_precision": 0.0,
      "medium_precision": 0.0,
      "bad_precision": 0.0,
      "good_f1": 0.0,
      "medium_f1": 0.0,
      "bad_f1": 0.0,
      "support_good": 0,
      "support_medium": 0,
      "support_bad": 292,
      "confusion_3x3": "[[0, 0, 0], [0, 0, 0], [219, 73, 0]]"
    },
    {
      "variant_id": "nl_n7180_gm_trim_bad_boundaryblocks_visualgate_mediumprot_e430e1072ca7",
      "prediction_mode": "simple_pc1_gm_gate_t254",
      "bucket": "original_test_drop_bad_outlier_reference",
      "n": 8185,
      "acc": 0.7893708002443495,
      "macro_f1": 0.5715295520435455,
      "good_recall": 0.9189560439560439,
      "medium_recall": 0.7022141888838681,
      "bad_recall": 0.06722689075630252,
      "good_precision": 0.7173493459146473,
      "medium_precision": 0.8844621513944223,
      "bad_precision": 1.0,
      "good_f1": 0.8057328676382031,
      "medium_f1": 0.7828715365239295,
      "bad_f1": 0.12598425196850394,
      "support_good": 3640,
      "support_medium": 4426,
      "support_bad": 119,
      "confusion_3x3": "[[3345, 295, 0], [1318, 3108, 0], [0, 111, 8]]"
    },
    {
      "variant_id": "nl_n7180_gm_trim_bad_boundaryblocks_visualgate_mediumprot_e430e1072ca7",
      "prediction_mode": "simple_pc1_gm_gate_t254",
      "bucket": "original_test_good_medium_overlap",
      "n": 7492,
      "acc": 0.7847036839295248,
      "macro_f1": 0.5217409486171265,
      "good_recall": 0.9181010549694614,
      "medium_recall": 0.6611825192802057,
      "bad_recall": 0.0,
      "good_precision": 0.715027027027027,
      "medium_precision": 0.8971049877921172,
      "bad_precision": 0.0,
      "good_f1": 0.8039382520967546,
      "medium_f1": 0.7612845937546249,
      "bad_f1": 0.0,
      "support_good": 3602,
      "support_medium": 3890,
      "support_bad": 0,
      "confusion_3x3": "[[3307, 295, 0], [1318, 2572, 0], [0, 0, 0]]"
    },
    {
      "variant_id": "nl_n7180_gm_trim_bad_boundaryblocks_visualgate_mediumprot_e430e1072ca7",
      "prediction_mode": "simple_pc1_gm_gate_t254",
      "bucket": "original_all_bad_core_near_boundary",
      "n": 4084,
      "acc": 0.9725759059745348,
      "macro_f1": 0.3286991062562065,
      "good_recall": 0.0,
      "medium_recall": 0.0,
      "bad_recall": 0.9725759059745348,
      "good_precision": 0.0,
      "medium_precision": 0.0,
      "bad_precision": 1.0,
      "good_f1": 0.0,
      "medium_f1": 0.0,
      "bad_f1": 0.9860973187686196,
      "support_good": 0,
      "support_medium": 0,
      "support_bad": 4084,
      "confusion_3x3": "[[0, 0, 0], [0, 0, 0], [0, 112, 3972]]"
    },
    {
      "variant_id": "nl_n7180_gm_trim_bad_boundaryblocks_visualgate_mediumprot_e430e1072ca7",
      "prediction_mode": "simple_pc1_gm_gate_t254",
      "bucket": "original_all_bad_outlier_stress",
      "n": 1201,
      "acc": 0.6985845129059117,
      "macro_f1": 0.2741830065359477,
      "good_recall": 0.0,
      "medium_recall": 0.0,
      "bad_recall": 0.6985845129059117,
      "good_precision": 0.0,
      "medium_precision": 0.0,
      "bad_precision": 1.0,
      "good_f1": 0.0,
      "medium_f1": 0.0,
      "bad_f1": 0.8225490196078431,
      "support_good": 0,
      "support_medium": 0,
      "support_bad": 1201,
      "confusion_3x3": "[[0, 0, 0], [0, 0, 0], [222, 140, 839]]"
    }
  ],
  "selection_note": "Original BUT is report-only; Clean/SemiClean/node diagnostic remains the selection source."
}