{
  "created_at": "2026-06-13T19:32:55",
  "variant_id": "nl_n11200_gm_trim_bad_boundaryblocks_n10000shell_thinprob_84079be0011f",
  "prediction_mode": "feature_pc1_qrsprom_widegood_plus_precision_veto",
  "metrics": [
    {
      "variant_id": "nl_n11200_gm_trim_bad_boundaryblocks_n10000shell_thinprob_84079be0011f",
      "prediction_mode": "feature_pc1_qrsprom_widegood_plus_precision_veto",
      "bucket": "original_all_10s+",
      "n": 32956,
      "acc": 0.8294999393130235,
      "macro_f1": 0.8565743027554009,
      "good_recall": 0.7099689021885818,
      "medium_recall": 0.9627399322544222,
      "bad_recall": 0.9470198675496688,
      "good_precision": 0.9718875502008032,
      "medium_precision": 0.6646745485253995,
      "bad_precision": 0.9790688575899843,
      "good_f1": 0.8205336859593801,
      "medium_f1": 0.7864114979632618,
      "bad_f1": 0.9627777243435607,
      "support_good": 17043,
      "support_medium": 10628,
      "support_bad": 5285,
      "confusion_3x3": "[[12100, 4901, 42], [331, 10232, 65], [19, 261, 5005]]"
    },
    {
      "variant_id": "nl_n11200_gm_trim_bad_boundaryblocks_n10000shell_thinprob_84079be0011f",
      "prediction_mode": "feature_pc1_qrsprom_widegood_plus_precision_veto",
      "bucket": "original_test_all_10s+",
      "n": 8477,
      "acc": 0.8676418544296332,
      "macro_f1": 0.7806314692222348,
      "good_recall": 0.8082417582417583,
      "medium_recall": 0.9527790329868956,
      "bad_recall": 0.4768856447688564,
      "good_precision": 0.9435535599743425,
      "medium_precision": 0.8267006469319741,
      "bad_precision": 0.7596899224806202,
      "good_f1": 0.8706717963894643,
      "medium_f1": 0.885273433399811,
      "bad_f1": 0.585949177877429,
      "support_good": 3640,
      "support_medium": 4426,
      "support_bad": 411,
      "confusion_3x3": "[[2942, 688, 10], [157, 4217, 52], [19, 196, 196]]"
    },
    {
      "variant_id": "nl_n11200_gm_trim_bad_boundaryblocks_n10000shell_thinprob_84079be0011f",
      "prediction_mode": "feature_pc1_qrsprom_widegood_plus_precision_veto",
      "bucket": "original_test_good_medium_only",
      "n": 8066,
      "acc": 0.8875526903049838,
      "macro_f1": 0.5923318003307877,
      "good_recall": 0.8082417582417583,
      "medium_recall": 0.9527790329868956,
      "bad_recall": 0.0,
      "good_precision": 0.9493384962891255,
      "medium_precision": 0.8597349643221203,
      "bad_precision": 0.0,
      "good_f1": 0.8731265766434189,
      "medium_f1": 0.9038688243489443,
      "bad_f1": 0.0,
      "support_good": 3640,
      "support_medium": 4426,
      "support_bad": 0,
      "confusion_3x3": "[[2942, 688, 10], [157, 4217, 52], [0, 0, 0]]"
    },
    {
      "variant_id": "nl_n11200_gm_trim_bad_boundaryblocks_n10000shell_thinprob_84079be0011f",
      "prediction_mode": "feature_pc1_qrsprom_widegood_plus_precision_veto",
      "bucket": "original_test_bad_core_near_boundary",
      "n": 119,
      "acc": 1.0,
      "macro_f1": 0.3333333333333333,
      "good_recall": 0.0,
      "medium_recall": 0.0,
      "bad_recall": 1.0,
      "good_precision": 0.0,
      "medium_precision": 0.0,
      "bad_precision": 1.0,
      "good_f1": 0.0,
      "medium_f1": 0.0,
      "bad_f1": 1.0,
      "support_good": 0,
      "support_medium": 0,
      "support_bad": 119,
      "confusion_3x3": "[[0, 0, 0], [0, 0, 0], [0, 0, 119]]"
    },
    {
      "variant_id": "nl_n11200_gm_trim_bad_boundaryblocks_n10000shell_thinprob_84079be0011f",
      "prediction_mode": "feature_pc1_qrsprom_widegood_plus_precision_veto",
      "bucket": "original_test_bad_outlier_stress",
      "n": 292,
      "acc": 0.2636986301369863,
      "macro_f1": 0.13911472448057813,
      "good_recall": 0.0,
      "medium_recall": 0.0,
      "bad_recall": 0.2636986301369863,
      "good_precision": 0.0,
      "medium_precision": 0.0,
      "bad_precision": 1.0,
      "good_f1": 0.0,
      "medium_f1": 0.0,
      "bad_f1": 0.4173441734417344,
      "support_good": 0,
      "support_medium": 0,
      "support_bad": 292,
      "confusion_3x3": "[[0, 0, 0], [0, 0, 0], [19, 196, 77]]"
    },
    {
      "variant_id": "nl_n11200_gm_trim_bad_boundaryblocks_n10000shell_thinprob_84079be0011f",
      "prediction_mode": "feature_pc1_qrsprom_widegood_plus_precision_veto",
      "bucket": "original_test_drop_bad_outlier_reference",
      "n": 8185,
      "acc": 0.8891875381795968,
      "macro_f1": 0.8567762447752322,
      "good_recall": 0.8082417582417583,
      "medium_recall": 0.9527790329868956,
      "bad_recall": 1.0,
      "good_precision": 0.9493384962891255,
      "medium_precision": 0.8597349643221203,
      "bad_precision": 0.6574585635359116,
      "good_f1": 0.8731265766434189,
      "medium_f1": 0.9038688243489443,
      "bad_f1": 0.7933333333333333,
      "support_good": 3640,
      "support_medium": 4426,
      "support_bad": 119,
      "confusion_3x3": "[[2942, 688, 10], [157, 4217, 52], [0, 0, 119]]"
    },
    {
      "variant_id": "nl_n11200_gm_trim_bad_boundaryblocks_n10000shell_thinprob_84079be0011f",
      "prediction_mode": "feature_pc1_qrsprom_widegood_plus_precision_veto",
      "bucket": "original_test_good_medium_overlap",
      "n": 7492,
      "acc": 0.8789375333689269,
      "macro_f1": 0.5876902110908547,
      "good_recall": 0.8062187673514714,
      "medium_recall": 0.9462724935732648,
      "bad_recall": 0.0,
      "good_precision": 0.9487095720352826,
      "medium_precision": 0.8425268940260929,
      "bad_precision": 0.0,
      "good_f1": 0.8716794236830256,
      "medium_f1": 0.8913912095895387,
      "bad_f1": 0.0,
      "support_good": 3602,
      "support_medium": 3890,
      "support_bad": 0,
      "confusion_3x3": "[[2904, 688, 10], [157, 3681, 52], [0, 0, 0]]"
    },
    {
      "variant_id": "nl_n11200_gm_trim_bad_boundaryblocks_n10000shell_thinprob_84079be0011f",
      "prediction_mode": "feature_pc1_qrsprom_widegood_plus_precision_veto",
      "bucket": "original_all_bad_core_near_boundary",
      "n": 4084,
      "acc": 1.0,
      "macro_f1": 0.3333333333333333,
      "good_recall": 0.0,
      "medium_recall": 0.0,
      "bad_recall": 1.0,
      "good_precision": 0.0,
      "medium_precision": 0.0,
      "bad_precision": 1.0,
      "good_f1": 0.0,
      "medium_f1": 0.0,
      "bad_f1": 1.0,
      "support_good": 0,
      "support_medium": 0,
      "support_bad": 4084,
      "confusion_3x3": "[[0, 0, 0], [0, 0, 0], [0, 0, 4084]]"
    },
    {
      "variant_id": "nl_n11200_gm_trim_bad_boundaryblocks_n10000shell_thinprob_84079be0011f",
      "prediction_mode": "feature_pc1_qrsprom_widegood_plus_precision_veto",
      "bucket": "original_all_bad_outlier_stress",
      "n": 1201,
      "acc": 0.7668609492089925,
      "macro_f1": 0.28934967012252594,
      "good_recall": 0.0,
      "medium_recall": 0.0,
      "bad_recall": 0.7668609492089925,
      "good_precision": 0.0,
      "medium_precision": 0.0,
      "bad_precision": 1.0,
      "good_f1": 0.0,
      "medium_f1": 0.0,
      "bad_f1": 0.8680490103675778,
      "support_good": 0,
      "support_medium": 0,
      "support_bad": 1201,
      "confusion_3x3": "[[0, 0, 0], [0, 0, 0], [19, 261, 921]]"
    }
  ],
  "selection_note": "Original BUT is report-only; Clean/SemiClean/node diagnostic remains the selection source."
}