{
  "created_at": "2026-06-13T09:30:35",
  "variant_id": "nl_n7188_gm_trim_bad_boundaryblocks_badoutlier_visqrsnarr_a364001dc6cf",
  "prediction_mode": "raw_bad_veto_visibleqrs_stress",
  "metrics": [
    {
      "variant_id": "nl_n7188_gm_trim_bad_boundaryblocks_badoutlier_visqrsnarr_a364001dc6cf",
      "prediction_mode": "raw_bad_veto_visibleqrs_stress",
      "bucket": "original_all_10s+",
      "n": 32956,
      "acc": 0.7836205850224541,
      "macro_f1": 0.8050215034485079,
      "good_recall": 0.6748811828903362,
      "medium_recall": 0.8684606699284908,
      "bad_recall": 0.9636707663197729,
      "good_precision": 0.9367975240267145,
      "medium_precision": 0.6301631733460777,
      "bad_precision": 0.844470237108274,
      "good_f1": 0.7845571433443607,
      "medium_f1": 0.7303659742828882,
      "bad_f1": 0.900141392718275,
      "support_good": 17043,
      "support_medium": 10628,
      "support_bad": 5285,
      "confusion_3x3": "[[11502, 5244, 297], [757, 9230, 641], [19, 173, 5093]]"
    },
    {
      "variant_id": "nl_n7188_gm_trim_bad_boundaryblocks_badoutlier_visqrsnarr_a364001dc6cf",
      "prediction_mode": "raw_bad_veto_visibleqrs_stress",
      "bucket": "original_test_all_10s+",
      "n": 8477,
      "acc": 0.7710274861389642,
      "macro_f1": 0.6728534915890112,
      "good_recall": 0.7398351648351649,
      "medium_recall": 0.8047898779936737,
      "bad_recall": 0.683698296836983,
      "good_precision": 0.8844006568144499,
      "medium_precision": 0.7945572161498996,
      "bad_precision": 0.29610115911485774,
      "good_f1": 0.8056843679880329,
      "medium_f1": 0.7996408126613537,
      "bad_f1": 0.41323529411764703,
      "support_good": 3640,
      "support_medium": 4426,
      "support_bad": 411,
      "confusion_3x3": "[[2693, 809, 138], [334, 3562, 530], [18, 112, 281]]"
    },
    {
      "variant_id": "nl_n7188_gm_trim_bad_boundaryblocks_badoutlier_visqrsnarr_a364001dc6cf",
      "prediction_mode": "raw_bad_veto_visibleqrs_stress",
      "bucket": "original_test_good_medium_only",
      "n": 8066,
      "acc": 0.7754773121745598,
      "macro_f1": 0.5392270456955724,
      "good_recall": 0.7398351648351649,
      "medium_recall": 0.8047898779936737,
      "bad_recall": 0.0,
      "good_precision": 0.8896597291047241,
      "medium_precision": 0.8149164950812171,
      "bad_precision": 0.0,
      "good_f1": 0.807859607019649,
      "medium_f1": 0.8098215300670684,
      "bad_f1": 0.0,
      "support_good": 3640,
      "support_medium": 4426,
      "support_bad": 0,
      "confusion_3x3": "[[2693, 809, 138], [334, 3562, 530], [0, 0, 0]]"
    },
    {
      "variant_id": "nl_n7188_gm_trim_bad_boundaryblocks_badoutlier_visqrsnarr_a364001dc6cf",
      "prediction_mode": "raw_bad_veto_visibleqrs_stress",
      "bucket": "original_test_bad_core_near_boundary",
      "n": 119,
      "acc": 1.0,
      "macro_f1": 0.3333333333333333,
      "good_recall": 0.0,
      "medium_recall": 0.0,
      "bad_recall": 1.0,
      "good_precision": 0.0,
      "medium_precision": 0.0,
      "bad_precision": 1.0,
      "good_f1": 0.0,
      "medium_f1": 0.0,
      "bad_f1": 1.0,
      "support_good": 0,
      "support_medium": 0,
      "support_bad": 119,
      "confusion_3x3": "[[0, 0, 0], [0, 0, 0], [0, 0, 119]]"
    },
    {
      "variant_id": "nl_n7188_gm_trim_bad_boundaryblocks_badoutlier_visqrsnarr_a364001dc6cf",
      "prediction_mode": "raw_bad_veto_visibleqrs_stress",
      "bucket": "original_test_bad_outlier_stress",
      "n": 292,
      "acc": 0.5547945205479452,
      "macro_f1": 0.23788546255506607,
      "good_recall": 0.0,
      "medium_recall": 0.0,
      "bad_recall": 0.5547945205479452,
      "good_precision": 0.0,
      "medium_precision": 0.0,
      "bad_precision": 1.0,
      "good_f1": 0.0,
      "medium_f1": 0.0,
      "bad_f1": 0.7136563876651982,
      "support_good": 0,
      "support_medium": 0,
      "support_bad": 292,
      "confusion_3x3": "[[0, 0, 0], [0, 0, 0], [18, 112, 162]]"
    },
    {
      "variant_id": "nl_n7188_gm_trim_bad_boundaryblocks_badoutlier_visqrsnarr_a364001dc6cf",
      "prediction_mode": "raw_bad_veto_visibleqrs_stress",
      "bucket": "original_test_drop_bad_outlier_reference",
      "n": 8185,
      "acc": 0.7787416004886989,
      "macro_f1": 0.626791431273203,
      "good_recall": 0.7398351648351649,
      "medium_recall": 0.8047898779936737,
      "bad_recall": 1.0,
      "good_precision": 0.8896597291047241,
      "medium_precision": 0.8149164950812171,
      "bad_precision": 0.15120711562897077,
      "good_f1": 0.807859607019649,
      "medium_f1": 0.8098215300670684,
      "bad_f1": 0.26269315673289184,
      "support_good": 3640,
      "support_medium": 4426,
      "support_bad": 119,
      "confusion_3x3": "[[2693, 809, 138], [334, 3562, 530], [0, 0, 119]]"
    },
    {
      "variant_id": "nl_n7188_gm_trim_bad_boundaryblocks_badoutlier_visqrsnarr_a364001dc6cf",
      "prediction_mode": "raw_bad_veto_visibleqrs_stress",
      "bucket": "original_test_good_medium_overlap",
      "n": 7492,
      "acc": 0.7604111051788575,
      "macro_f1": 0.5306111901887188,
      "good_recall": 0.7370905052748473,
      "medium_recall": 0.7820051413881748,
      "bad_recall": 0.0,
      "good_precision": 0.8888516906595246,
      "medium_precision": 0.7899246948844456,
      "bad_precision": 0.0,
      "good_f1": 0.8058886022158143,
      "medium_f1": 0.7859449683503423,
      "bad_f1": 0.0,
      "support_good": 3602,
      "support_medium": 3890,
      "support_bad": 0,
      "confusion_3x3": "[[2655, 809, 138], [332, 3042, 516], [0, 0, 0]]"
    },
    {
      "variant_id": "nl_n7188_gm_trim_bad_boundaryblocks_badoutlier_visqrsnarr_a364001dc6cf",
      "prediction_mode": "raw_bad_veto_visibleqrs_stress",
      "bucket": "original_all_bad_core_near_boundary",
      "n": 4084,
      "acc": 0.9997551420176298,
      "macro_f1": 0.3332925186727072,
      "good_recall": 0.0,
      "medium_recall": 0.0,
      "bad_recall": 0.9997551420176298,
      "good_precision": 0.0,
      "medium_precision": 0.0,
      "bad_precision": 1.0,
      "good_f1": 0.0,
      "medium_f1": 0.0,
      "bad_f1": 0.9998775560181217,
      "support_good": 0,
      "support_medium": 0,
      "support_bad": 4084,
      "confusion_3x3": "[[0, 0, 0], [0, 0, 0], [0, 1, 4083]]"
    },
    {
      "variant_id": "nl_n7188_gm_trim_bad_boundaryblocks_badoutlier_visqrsnarr_a364001dc6cf",
      "prediction_mode": "raw_bad_veto_visibleqrs_stress",
      "bucket": "original_all_bad_outlier_stress",
      "n": 1201,
      "acc": 0.8409658617818485,
      "macro_f1": 0.304537916478215,
      "good_recall": 0.0,
      "medium_recall": 0.0,
      "bad_recall": 0.8409658617818485,
      "good_precision": 0.0,
      "medium_precision": 0.0,
      "bad_precision": 1.0,
      "good_f1": 0.0,
      "medium_f1": 0.0,
      "bad_f1": 0.9136137494346449,
      "support_good": 0,
      "support_medium": 0,
      "support_bad": 1201,
      "confusion_3x3": "[[0, 0, 0], [0, 0, 0], [19, 172, 1010]]"
    }
  ],
  "selection_note": "Original BUT is report-only; Clean/SemiClean/node diagnostic remains the selection source."
}