{
  "created_at": "2026-06-13T09:16:39",
  "variant_id": "nl_n7188_gm_trim_bad_boundaryblocks_badoutlier_visqrsnarr_a364001dc6cf",
  "prediction_mode": "simple_pc1_gm_gate_t226",
  "metrics": [
    {
      "variant_id": "nl_n7188_gm_trim_bad_boundaryblocks_badoutlier_visqrsnarr_a364001dc6cf",
      "prediction_mode": "simple_pc1_gm_gate_t226",
      "bucket": "original_all_10s+",
      "n": 32956,
      "acc": 0.8324432576769025,
      "macro_f1": 0.8511101522727457,
      "good_recall": 0.8138825324180016,
      "medium_recall": 0.8110651110274746,
      "bad_recall": 0.9352885525070955,
      "good_precision": 0.8723899371069183,
      "medium_precision": 0.725345001682935,
      "bad_precision": 0.955723124516628,
      "good_f1": 0.8421212397170871,
      "medium_f1": 0.7658137882018479,
      "bad_f1": 0.945395428899302,
      "support_good": 17043,
      "support_medium": 10628,
      "support_bad": 5285,
      "confusion_3x3": "[[13871, 3147, 25], [1804, 8620, 204], [225, 117, 4943]]"
    },
    {
      "variant_id": "nl_n7188_gm_trim_bad_boundaryblocks_badoutlier_visqrsnarr_a364001dc6cf",
      "prediction_mode": "simple_pc1_gm_gate_t226",
      "bucket": "original_test_all_10s+",
      "n": 8477,
      "acc": 0.7581691636192049,
      "macro_f1": 0.6401373752877406,
      "good_recall": 0.9304945054945055,
      "medium_recall": 0.6570266606416629,
      "bad_recall": 0.32116788321167883,
      "good_precision": 0.6820378574305276,
      "medium_precision": 0.9053549190535491,
      "bad_precision": 0.4414715719063545,
      "good_f1": 0.7871252614455031,
      "medium_f1": 0.7614558785022257,
      "bad_f1": 0.37183098591549296,
      "support_good": 3640,
      "support_medium": 4426,
      "support_bad": 411,
      "confusion_3x3": "[[3387, 247, 6], [1357, 2908, 161], [222, 57, 132]]"
    },
    {
      "variant_id": "nl_n7188_gm_trim_bad_boundaryblocks_badoutlier_visqrsnarr_a364001dc6cf",
      "prediction_mode": "simple_pc1_gm_gate_t226",
      "bucket": "original_test_good_medium_only",
      "n": 8066,
      "acc": 0.7804363997024547,
      "macro_f1": 0.5250495559744413,
      "good_recall": 0.9304945054945055,
      "medium_recall": 0.6570266606416629,
      "bad_recall": 0.0,
      "good_precision": 0.7139544688026982,
      "medium_precision": 0.9217115689381934,
      "bad_precision": 0.0,
      "good_f1": 0.8079675572519084,
      "medium_f1": 0.7671811106714154,
      "bad_f1": 0.0,
      "support_good": 3640,
      "support_medium": 4426,
      "support_bad": 0,
      "confusion_3x3": "[[3387, 247, 6], [1357, 2908, 161], [0, 0, 0]]"
    },
    {
      "variant_id": "nl_n7188_gm_trim_bad_boundaryblocks_badoutlier_visqrsnarr_a364001dc6cf",
      "prediction_mode": "simple_pc1_gm_gate_t226",
      "bucket": "original_test_bad_core_near_boundary",
      "n": 119,
      "acc": 1.0,
      "macro_f1": 0.3333333333333333,
      "good_recall": 0.0,
      "medium_recall": 0.0,
      "bad_recall": 1.0,
      "good_precision": 0.0,
      "medium_precision": 0.0,
      "bad_precision": 1.0,
      "good_f1": 0.0,
      "medium_f1": 0.0,
      "bad_f1": 1.0,
      "support_good": 0,
      "support_medium": 0,
      "support_bad": 119,
      "confusion_3x3": "[[0, 0, 0], [0, 0, 0], [0, 0, 119]]"
    },
    {
      "variant_id": "nl_n7188_gm_trim_bad_boundaryblocks_badoutlier_visqrsnarr_a364001dc6cf",
      "prediction_mode": "simple_pc1_gm_gate_t226",
      "bucket": "original_test_bad_outlier_stress",
      "n": 292,
      "acc": 0.04452054794520548,
      "macro_f1": 0.028415300546448086,
      "good_recall": 0.0,
      "medium_recall": 0.0,
      "bad_recall": 0.04452054794520548,
      "good_precision": 0.0,
      "medium_precision": 0.0,
      "bad_precision": 1.0,
      "good_f1": 0.0,
      "medium_f1": 0.0,
      "bad_f1": 0.08524590163934426,
      "support_good": 0,
      "support_medium": 0,
      "support_bad": 292,
      "confusion_3x3": "[[0, 0, 0], [0, 0, 0], [222, 57, 13]]"
    },
    {
      "variant_id": "nl_n7188_gm_trim_bad_boundaryblocks_badoutlier_visqrsnarr_a364001dc6cf",
      "prediction_mode": "simple_pc1_gm_gate_t226",
      "bucket": "original_test_drop_bad_outlier_reference",
      "n": 8185,
      "acc": 0.7836285888821014,
      "macro_f1": 0.7209343296369927,
      "good_recall": 0.9304945054945055,
      "medium_recall": 0.6570266606416629,
      "bad_recall": 1.0,
      "good_precision": 0.7139544688026982,
      "medium_precision": 0.9217115689381934,
      "bad_precision": 0.4160839160839161,
      "good_f1": 0.8079675572519084,
      "medium_f1": 0.7671811106714154,
      "bad_f1": 0.5876543209876544,
      "support_good": 3640,
      "support_medium": 4426,
      "support_bad": 119,
      "confusion_3x3": "[[3387, 247, 6], [1357, 2908, 161], [0, 0, 119]]"
    },
    {
      "variant_id": "nl_n7188_gm_trim_bad_boundaryblocks_badoutlier_visqrsnarr_a364001dc6cf",
      "prediction_mode": "simple_pc1_gm_gate_t226",
      "bucket": "original_test_good_medium_overlap",
      "n": 7492,
      "acc": 0.765483182060865,
      "macro_f1": 0.5125920372668463,
      "good_recall": 0.9297612437534702,
      "medium_recall": 0.6133676092544987,
      "bad_recall": 0.0,
      "good_precision": 0.7116447088822779,
      "medium_precision": 0.9061906570451956,
      "bad_precision": 0.0,
      "good_f1": 0.8062108810784786,
      "medium_f1": 0.7315652307220604,
      "bad_f1": 0.0,
      "support_good": 3602,
      "support_medium": 3890,
      "support_bad": 0,
      "confusion_3x3": "[[3349, 247, 6], [1357, 2386, 147], [0, 0, 0]]"
    },
    {
      "variant_id": "nl_n7188_gm_trim_bad_boundaryblocks_badoutlier_visqrsnarr_a364001dc6cf",
      "prediction_mode": "simple_pc1_gm_gate_t226",
      "bucket": "original_all_bad_core_near_boundary",
      "n": 4084,
      "acc": 0.9997551420176298,
      "macro_f1": 0.3332925186727072,
      "good_recall": 0.0,
      "medium_recall": 0.0,
      "bad_recall": 0.9997551420176298,
      "good_precision": 0.0,
      "medium_precision": 0.0,
      "bad_precision": 1.0,
      "good_f1": 0.0,
      "medium_f1": 0.0,
      "bad_f1": 0.9998775560181217,
      "support_good": 0,
      "support_medium": 0,
      "support_bad": 4084,
      "confusion_3x3": "[[0, 0, 0], [0, 0, 0], [0, 1, 4083]]"
    },
    {
      "variant_id": "nl_n7188_gm_trim_bad_boundaryblocks_badoutlier_visqrsnarr_a364001dc6cf",
      "prediction_mode": "simple_pc1_gm_gate_t226",
      "bucket": "original_all_bad_outlier_stress",
      "n": 1201,
      "acc": 0.7160699417152373,
      "macro_f1": 0.2781821122432476,
      "good_recall": 0.0,
      "medium_recall": 0.0,
      "bad_recall": 0.7160699417152373,
      "good_precision": 0.0,
      "medium_precision": 0.0,
      "bad_precision": 1.0,
      "good_f1": 0.0,
      "medium_f1": 0.0,
      "bad_f1": 0.8345463367297429,
      "support_good": 0,
      "support_medium": 0,
      "support_bad": 1201,
      "confusion_3x3": "[[0, 0, 0], [0, 0, 0], [225, 116, 860]]"
    }
  ],
  "selection_note": "Original BUT is report-only; Clean/SemiClean/node diagnostic remains the selection source."
}