{
  "created_at": "2026-06-13T20:25:04",
  "variant_id": "nl_n12800_gm_trim_bad_boundaryblocks_large_badcore_goodpr_f02566aabecc",
  "prediction_mode": "feature_pc1_qrsprom_tree_mediumveto_n12800_trainval",
  "metrics": [
    {
      "variant_id": "nl_n12800_gm_trim_bad_boundaryblocks_large_badcore_goodpr_f02566aabecc",
      "prediction_mode": "feature_pc1_qrsprom_tree_mediumveto_n12800_trainval",
      "bucket": "original_all_10s+",
      "n": 32956,
      "acc": 0.863879111542663,
      "macro_f1": 0.8827302838587004,
      "good_recall": 0.8040837880654814,
      "medium_recall": 0.9262325931501694,
      "bad_recall": 0.9313150425733208,
      "good_precision": 0.9449731071576334,
      "medium_precision": 0.7274608335796631,
      "bad_precision": 1.0,
      "good_f1": 0.8688540180694246,
      "medium_f1": 0.8149006622516556,
      "bad_f1": 0.964436171255021,
      "support_good": 17043,
      "support_medium": 10628,
      "support_bad": 5285,
      "confusion_3x3": "[[13704, 3339, 0], [784, 9844, 0], [14, 349, 4922]]"
    },
    {
      "variant_id": "nl_n12800_gm_trim_bad_boundaryblocks_large_badcore_goodpr_f02566aabecc",
      "prediction_mode": "feature_pc1_qrsprom_tree_mediumveto_n12800_trainval",
      "bucket": "original_test_all_10s+",
      "n": 8477,
      "acc": 0.8376784239707443,
      "macro_f1": 0.7144949989824743,
      "good_recall": 0.7489010989010989,
      "medium_recall": 0.9615906009941256,
      "bad_recall": 0.2895377128953771,
      "good_precision": 0.9367697594501718,
      "medium_precision": 0.7812041116005873,
      "bad_precision": 1.0,
      "good_f1": 0.8323664122137404,
      "medium_f1": 0.8620619809600972,
      "bad_f1": 0.4490566037735849,
      "support_good": 3640,
      "support_medium": 4426,
      "support_bad": 411,
      "confusion_3x3": "[[2726, 914, 0], [170, 4256, 0], [14, 278, 119]]"
    },
    {
      "variant_id": "nl_n12800_gm_trim_bad_boundaryblocks_large_badcore_goodpr_f02566aabecc",
      "prediction_mode": "feature_pc1_qrsprom_tree_mediumveto_n12800_trainval",
      "bucket": "original_test_good_medium_only",
      "n": 8066,
      "acc": 0.8656087279940491,
      "macro_f1": 0.5737285306386161,
      "good_recall": 0.7489010989010989,
      "medium_recall": 0.9615906009941256,
      "bad_recall": 0.0,
      "good_precision": 0.9412983425414365,
      "medium_precision": 0.82321083172147,
      "bad_precision": 0.0,
      "good_f1": 0.8341493268053856,
      "medium_f1": 0.8870362651104627,
      "bad_f1": 0.0,
      "support_good": 3640,
      "support_medium": 4426,
      "support_bad": 0,
      "confusion_3x3": "[[2726, 914, 0], [170, 4256, 0], [0, 0, 0]]"
    },
    {
      "variant_id": "nl_n12800_gm_trim_bad_boundaryblocks_large_badcore_goodpr_f02566aabecc",
      "prediction_mode": "feature_pc1_qrsprom_tree_mediumveto_n12800_trainval",
      "bucket": "original_test_bad_core_near_boundary",
      "n": 119,
      "acc": 1.0,
      "macro_f1": 0.3333333333333333,
      "good_recall": 0.0,
      "medium_recall": 0.0,
      "bad_recall": 1.0,
      "good_precision": 0.0,
      "medium_precision": 0.0,
      "bad_precision": 1.0,
      "good_f1": 0.0,
      "medium_f1": 0.0,
      "bad_f1": 1.0,
      "support_good": 0,
      "support_medium": 0,
      "support_bad": 119,
      "confusion_3x3": "[[0, 0, 0], [0, 0, 0], [0, 0, 119]]"
    },
    {
      "variant_id": "nl_n12800_gm_trim_bad_boundaryblocks_large_badcore_goodpr_f02566aabecc",
      "prediction_mode": "feature_pc1_qrsprom_tree_mediumveto_n12800_trainval",
      "bucket": "original_test_bad_outlier_stress",
      "n": 292,
      "acc": 0.0,
      "macro_f1": 0.0,
      "good_recall": 0.0,
      "medium_recall": 0.0,
      "bad_recall": 0.0,
      "good_precision": 0.0,
      "medium_precision": 0.0,
      "bad_precision": 0.0,
      "good_f1": 0.0,
      "medium_f1": 0.0,
      "bad_f1": 0.0,
      "support_good": 0,
      "support_medium": 0,
      "support_bad": 292,
      "confusion_3x3": "[[0, 0, 0], [0, 0, 0], [14, 278, 0]]"
    },
    {
      "variant_id": "nl_n12800_gm_trim_bad_boundaryblocks_large_badcore_goodpr_f02566aabecc",
      "prediction_mode": "feature_pc1_qrsprom_tree_mediumveto_n12800_trainval",
      "bucket": "original_test_drop_bad_outlier_reference",
      "n": 8185,
      "acc": 0.8675626145387905,
      "macro_f1": 0.9070618639719493,
      "good_recall": 0.7489010989010989,
      "medium_recall": 0.9615906009941256,
      "bad_recall": 1.0,
      "good_precision": 0.9412983425414365,
      "medium_precision": 0.82321083172147,
      "bad_precision": 1.0,
      "good_f1": 0.8341493268053856,
      "medium_f1": 0.8870362651104627,
      "bad_f1": 1.0,
      "support_good": 3640,
      "support_medium": 4426,
      "support_bad": 119,
      "confusion_3x3": "[[2726, 914, 0], [170, 4256, 0], [0, 0, 119]]"
    },
    {
      "variant_id": "nl_n12800_gm_trim_bad_boundaryblocks_large_badcore_goodpr_f02566aabecc",
      "prediction_mode": "feature_pc1_qrsprom_tree_mediumveto_n12800_trainval",
      "bucket": "original_test_good_medium_overlap",
      "n": 7492,
      "acc": 0.8553123331553657,
      "macro_f1": 0.5683425999508944,
      "good_recall": 0.7462520821765686,
      "medium_recall": 0.9562982005141388,
      "bad_recall": 0.0,
      "good_precision": 0.940517844646606,
      "medium_precision": 0.8027621924902891,
      "bad_precision": 0.0,
      "good_f1": 0.8321981424148607,
      "medium_f1": 0.8728296574378226,
      "bad_f1": 0.0,
      "support_good": 3602,
      "support_medium": 3890,
      "support_bad": 0,
      "confusion_3x3": "[[2688, 914, 0], [170, 3720, 0], [0, 0, 0]]"
    },
    {
      "variant_id": "nl_n12800_gm_trim_bad_boundaryblocks_large_badcore_goodpr_f02566aabecc",
      "prediction_mode": "feature_pc1_qrsprom_tree_mediumveto_n12800_trainval",
      "bucket": "original_all_bad_core_near_boundary",
      "n": 4084,
      "acc": 1.0,
      "macro_f1": 0.3333333333333333,
      "good_recall": 0.0,
      "medium_recall": 0.0,
      "bad_recall": 1.0,
      "good_precision": 0.0,
      "medium_precision": 0.0,
      "bad_precision": 1.0,
      "good_f1": 0.0,
      "medium_f1": 0.0,
      "bad_f1": 1.0,
      "support_good": 0,
      "support_medium": 0,
      "support_bad": 4084,
      "confusion_3x3": "[[0, 0, 0], [0, 0, 0], [0, 0, 4084]]"
    },
    {
      "variant_id": "nl_n12800_gm_trim_bad_boundaryblocks_large_badcore_goodpr_f02566aabecc",
      "prediction_mode": "feature_pc1_qrsprom_tree_mediumveto_n12800_trainval",
      "bucket": "original_all_bad_outlier_stress",
      "n": 1201,
      "acc": 0.697751873438801,
      "macro_f1": 0.2739905182278895,
      "good_recall": 0.0,
      "medium_recall": 0.0,
      "bad_recall": 0.697751873438801,
      "good_precision": 0.0,
      "medium_precision": 0.0,
      "bad_precision": 1.0,
      "good_f1": 0.0,
      "medium_f1": 0.0,
      "bad_f1": 0.8219715546836684,
      "support_good": 0,
      "support_medium": 0,
      "support_bad": 1201,
      "confusion_3x3": "[[0, 0, 0], [0, 0, 0], [14, 349, 838]]"
    }
  ],
  "selection_note": "Original BUT is report-only; Clean/SemiClean/node diagnostic remains the selection source."
}