{
  "created_at": "2026-06-13T03:39:49",
  "variant_id": "nl_n7179_gm_trim_bad_boundaryblocks_ultramicro_goodmed_n7_7a210e9eef05",
  "prediction_mode": "raw",
  "metrics": [
    {
      "variant_id": "nl_n7179_gm_trim_bad_boundaryblocks_ultramicro_goodmed_n7_7a210e9eef05",
      "prediction_mode": "raw",
      "bucket": "original_all_10s+",
      "n": 32956,
      "acc": 0.8078650321640976,
      "macro_f1": 0.8336791535061127,
      "good_recall": 0.8020888341254474,
      "medium_recall": 0.7585622882950697,
      "bad_recall": 0.9256385998107852,
      "good_precision": 0.8391651319828115,
      "medium_precision": 0.6850199677117852,
      "bad_precision": 0.9989789667143149,
      "good_f1": 0.8202082020820208,
      "medium_f1": 0.719917846140108,
      "bad_f1": 0.960911412296209,
      "support_good": 17043,
      "support_medium": 10628,
      "support_bad": 5285,
      "confusion_3x3": "[[13670, 3373, 0], [2561, 8062, 5], [59, 334, 4892]]"
    },
    {
      "variant_id": "nl_n7179_gm_trim_bad_boundaryblocks_ultramicro_goodmed_n7_7a210e9eef05",
      "prediction_mode": "raw",
      "bucket": "original_test_all_10s+",
      "n": 8477,
      "acc": 0.7136958829774684,
      "macro_f1": 0.593775918448216,
      "good_recall": 0.6258241758241758,
      "medium_recall": 0.8328061455038409,
      "bad_recall": 0.20924574209245742,
      "good_precision": 0.7412951513179303,
      "medium_precision": 0.6931177134261001,
      "bad_precision": 1.0,
      "good_f1": 0.6786831520929539,
      "medium_f1": 0.756568144499179,
      "bad_f1": 0.3460764587525151,
      "support_good": 3640,
      "support_medium": 4426,
      "support_bad": 411,
      "confusion_3x3": "[[2278, 1362, 0], [740, 3686, 0], [55, 270, 86]]"
    },
    {
      "variant_id": "nl_n7179_gm_trim_bad_boundaryblocks_ultramicro_goodmed_n7_7a210e9eef05",
      "prediction_mode": "raw",
      "bucket": "original_test_good_medium_only",
      "n": 8066,
      "acc": 0.7393999504091248,
      "macro_f1": 0.48747306478366986,
      "good_recall": 0.6258241758241758,
      "medium_recall": 0.8328061455038409,
      "bad_recall": 0.0,
      "good_precision": 0.75480450629556,
      "medium_precision": 0.7301901743264659,
      "bad_precision": 0.0,
      "good_f1": 0.6842895764493842,
      "medium_f1": 0.7781296179016255,
      "bad_f1": 0.0,
      "support_good": 3640,
      "support_medium": 4426,
      "support_bad": 0,
      "confusion_3x3": "[[2278, 1362, 0], [740, 3686, 0], [0, 0, 0]]"
    },
    {
      "variant_id": "nl_n7179_gm_trim_bad_boundaryblocks_ultramicro_goodmed_n7_7a210e9eef05",
      "prediction_mode": "raw",
      "bucket": "original_test_bad_core_near_boundary",
      "n": 119,
      "acc": 0.7226890756302521,
      "macro_f1": 0.27967479674796747,
      "good_recall": 0.0,
      "medium_recall": 0.0,
      "bad_recall": 0.7226890756302521,
      "good_precision": 0.0,
      "medium_precision": 0.0,
      "bad_precision": 1.0,
      "good_f1": 0.0,
      "medium_f1": 0.0,
      "bad_f1": 0.8390243902439024,
      "support_good": 0,
      "support_medium": 0,
      "support_bad": 119,
      "confusion_3x3": "[[0, 0, 0], [0, 0, 0], [0, 33, 86]]"
    },
    {
      "variant_id": "nl_n7179_gm_trim_bad_boundaryblocks_ultramicro_goodmed_n7_7a210e9eef05",
      "prediction_mode": "raw",
      "bucket": "original_test_bad_outlier_stress",
      "n": 292,
      "acc": 0.0,
      "macro_f1": 0.0,
      "good_recall": 0.0,
      "medium_recall": 0.0,
      "bad_recall": 0.0,
      "good_precision": 0.0,
      "medium_precision": 0.0,
      "bad_precision": 0.0,
      "good_f1": 0.0,
      "medium_f1": 0.0,
      "bad_f1": 0.0,
      "support_good": 0,
      "support_medium": 0,
      "support_bad": 292,
      "confusion_3x3": "[[0, 0, 0], [0, 0, 0], [55, 237, 0]]"
    },
    {
      "variant_id": "nl_n7179_gm_trim_bad_boundaryblocks_ultramicro_goodmed_n7_7a210e9eef05",
      "prediction_mode": "raw",
      "bucket": "original_test_drop_bad_outlier_reference",
      "n": 8185,
      "acc": 0.739156994502138,
      "macro_f1": 0.7662475327426485,
      "good_recall": 0.6258241758241758,
      "medium_recall": 0.8328061455038409,
      "bad_recall": 0.7226890756302521,
      "good_precision": 0.75480450629556,
      "medium_precision": 0.7254477465065932,
      "bad_precision": 1.0,
      "good_f1": 0.6842895764493842,
      "medium_f1": 0.7754286315346587,
      "bad_f1": 0.8390243902439024,
      "support_good": 3640,
      "support_medium": 4426,
      "support_bad": 119,
      "confusion_3x3": "[[2278, 1362, 0], [740, 3686, 0], [0, 33, 86]]"
    },
    {
      "variant_id": "nl_n7179_gm_trim_bad_boundaryblocks_ultramicro_goodmed_n7_7a210e9eef05",
      "prediction_mode": "raw",
      "bucket": "original_test_good_medium_overlap",
      "n": 7492,
      "acc": 0.7211692471970101,
      "macro_f1": 0.4779146643303602,
      "good_recall": 0.6218767351471405,
      "medium_recall": 0.8131105398457583,
      "bad_recall": 0.0,
      "good_precision": 0.7549713515335356,
      "medium_precision": 0.6990055248618785,
      "bad_precision": 0.0,
      "good_f1": 0.6819911706500228,
      "medium_f1": 0.7517528223410577,
      "bad_f1": 0.0,
      "support_good": 3602,
      "support_medium": 3890,
      "support_bad": 0,
      "confusion_3x3": "[[2240, 1362, 0], [727, 3163, 0], [0, 0, 0]]"
    },
    {
      "variant_id": "nl_n7179_gm_trim_bad_boundaryblocks_ultramicro_goodmed_n7_7a210e9eef05",
      "prediction_mode": "raw",
      "bucket": "original_all_bad_core_near_boundary",
      "n": 4084,
      "acc": 0.9919196865817825,
      "macro_f1": 0.33198115140340095,
      "good_recall": 0.0,
      "medium_recall": 0.0,
      "bad_recall": 0.9919196865817825,
      "good_precision": 0.0,
      "medium_precision": 0.0,
      "bad_precision": 1.0,
      "good_f1": 0.0,
      "medium_f1": 0.0,
      "bad_f1": 0.9959434542102028,
      "support_good": 0,
      "support_medium": 0,
      "support_bad": 4084,
      "confusion_3x3": "[[0, 0, 0], [0, 0, 0], [0, 33, 4051]]"
    },
    {
      "variant_id": "nl_n7179_gm_trim_bad_boundaryblocks_ultramicro_goodmed_n7_7a210e9eef05",
      "prediction_mode": "raw",
      "bucket": "original_all_bad_outlier_stress",
      "n": 1201,
      "acc": 0.7002497918401333,
      "macro_f1": 0.2745674175644793,
      "good_recall": 0.0,
      "medium_recall": 0.0,
      "bad_recall": 0.7002497918401333,
      "good_precision": 0.0,
      "medium_precision": 0.0,
      "bad_precision": 1.0,
      "good_f1": 0.0,
      "medium_f1": 0.0,
      "bad_f1": 0.8237022526934378,
      "support_good": 0,
      "support_medium": 0,
      "support_bad": 1201,
      "confusion_3x3": "[[0, 0, 0], [0, 0, 0], [59, 301, 841]]"
    }
  ],
  "selection_note": "Original BUT is report-only; Clean/SemiClean/node diagnostic remains the selection source."
}