{
  "created_at": "2026-06-11T21:05:46",
  "variant_id": "nl_n7150_gm_trim_bad_boundaryblocks_micro_bad_probe_n7125_84064417a3c4",
  "prediction_mode": "raw",
  "metrics": [
    {
      "variant_id": "nl_n7150_gm_trim_bad_boundaryblocks_micro_bad_probe_n7125_84064417a3c4",
      "prediction_mode": "raw",
      "bucket": "original_all_10s+",
      "n": 32956,
      "acc": 0.8401505037019056,
      "macro_f1": 0.8593927711648544,
      "good_recall": 0.8226251246846212,
      "medium_recall": 0.8341174256680467,
      "bad_recall": 0.9087984862819299,
      "good_precision": 0.8823714519478885,
      "medium_precision": 0.7228473581213307,
      "bad_precision": 1.0,
      "good_f1": 0.8514514757682498,
      "medium_f1": 0.7745063777738949,
      "bad_f1": 0.9522204599524187,
      "support_good": 17043,
      "support_medium": 10628,
      "support_bad": 5285,
      "confusion_3x3": "[[14020, 3023, 0], [1763, 8865, 0], [106, 376, 4803]]"
    },
    {
      "variant_id": "nl_n7150_gm_trim_bad_boundaryblocks_micro_bad_probe_n7125_84064417a3c4",
      "prediction_mode": "raw",
      "bucket": "original_test_all_10s+",
      "n": 8477,
      "acc": 0.7943848059454995,
      "macro_f1": 0.5428799753808643,
      "good_recall": 0.8964285714285715,
      "medium_recall": 0.7842295526434704,
      "bad_recall": 0.0,
      "good_precision": 0.7549745488199907,
      "medium_precision": 0.8353790613718411,
      "bad_precision": 0.0,
      "good_f1": 0.8196433057020849,
      "medium_f1": 0.8089966204405081,
      "bad_f1": 0.0,
      "support_good": 3640,
      "support_medium": 4426,
      "support_bad": 411,
      "confusion_3x3": "[[3263, 377, 0], [955, 3471, 0], [104, 307, 0]]"
    },
    {
      "variant_id": "nl_n7150_gm_trim_bad_boundaryblocks_micro_bad_probe_n7125_84064417a3c4",
      "prediction_mode": "raw",
      "bucket": "original_test_good_medium_only",
      "n": 8066,
      "acc": 0.8348623853211009,
      "macro_f1": 0.5565016657466009,
      "good_recall": 0.8964285714285715,
      "medium_recall": 0.7842295526434704,
      "bad_recall": 0.0,
      "good_precision": 0.7735893788525368,
      "medium_precision": 0.902027027027027,
      "bad_precision": 0.0,
      "good_f1": 0.8304912191397302,
      "medium_f1": 0.8390137781000725,
      "bad_f1": 0.0,
      "support_good": 3640,
      "support_medium": 4426,
      "support_bad": 0,
      "confusion_3x3": "[[3263, 377, 0], [955, 3471, 0], [0, 0, 0]]"
    },
    {
      "variant_id": "nl_n7150_gm_trim_bad_boundaryblocks_micro_bad_probe_n7125_84064417a3c4",
      "prediction_mode": "raw",
      "bucket": "original_test_bad_core_near_boundary",
      "n": 119,
      "acc": 0.0,
      "macro_f1": 0.0,
      "good_recall": 0.0,
      "medium_recall": 0.0,
      "bad_recall": 0.0,
      "good_precision": 0.0,
      "medium_precision": 0.0,
      "bad_precision": 0.0,
      "good_f1": 0.0,
      "medium_f1": 0.0,
      "bad_f1": 0.0,
      "support_good": 0,
      "support_medium": 0,
      "support_bad": 119,
      "confusion_3x3": "[[0, 0, 0], [0, 0, 0], [0, 119, 0]]"
    },
    {
      "variant_id": "nl_n7150_gm_trim_bad_boundaryblocks_micro_bad_probe_n7125_84064417a3c4",
      "prediction_mode": "raw",
      "bucket": "original_test_bad_outlier_stress",
      "n": 292,
      "acc": 0.0,
      "macro_f1": 0.0,
      "good_recall": 0.0,
      "medium_recall": 0.0,
      "bad_recall": 0.0,
      "good_precision": 0.0,
      "medium_precision": 0.0,
      "bad_precision": 0.0,
      "good_f1": 0.0,
      "medium_f1": 0.0,
      "bad_f1": 0.0,
      "support_good": 0,
      "support_medium": 0,
      "support_bad": 292,
      "confusion_3x3": "[[0, 0, 0], [0, 0, 0], [104, 188, 0]]"
    },
    {
      "variant_id": "nl_n7150_gm_trim_bad_boundaryblocks_micro_bad_probe_n7125_84064417a3c4",
      "prediction_mode": "raw",
      "bucket": "original_test_drop_bad_outlier_reference",
      "n": 8185,
      "acc": 0.822724496029322,
      "macro_f1": 0.5525363518106262,
      "good_recall": 0.8964285714285715,
      "medium_recall": 0.7842295526434704,
      "bad_recall": 0.0,
      "good_precision": 0.7735893788525368,
      "medium_precision": 0.8749684900428536,
      "bad_precision": 0.0,
      "good_f1": 0.8304912191397302,
      "medium_f1": 0.8271178362921482,
      "bad_f1": 0.0,
      "support_good": 3640,
      "support_medium": 4426,
      "support_bad": 119,
      "confusion_3x3": "[[3263, 377, 0], [955, 3471, 0], [0, 119, 0]]"
    },
    {
      "variant_id": "nl_n7150_gm_trim_bad_boundaryblocks_micro_bad_probe_n7125_84064417a3c4",
      "prediction_mode": "raw",
      "bucket": "original_test_good_medium_overlap",
      "n": 7492,
      "acc": 0.8232781633742658,
      "macro_f1": 0.5486849546855391,
      "good_recall": 0.8953359244863964,
      "medium_recall": 0.7565552699228791,
      "bad_recall": 0.0,
      "good_precision": 0.7730105465004794,
      "medium_precision": 0.8864457831325301,
      "bad_precision": 0.0,
      "good_f1": 0.8296887059428866,
      "medium_f1": 0.8163661581137309,
      "bad_f1": 0.0,
      "support_good": 3602,
      "support_medium": 3890,
      "support_bad": 0,
      "confusion_3x3": "[[3225, 377, 0], [947, 2943, 0], [0, 0, 0]]"
    },
    {
      "variant_id": "nl_n7150_gm_trim_bad_boundaryblocks_micro_bad_probe_n7125_84064417a3c4",
      "prediction_mode": "raw",
      "bucket": "original_all_bad_core_near_boundary",
      "n": 4084,
      "acc": 0.970617042115573,
      "macro_f1": 0.32836315440689195,
      "good_recall": 0.0,
      "medium_recall": 0.0,
      "bad_recall": 0.970617042115573,
      "good_precision": 0.0,
      "medium_precision": 0.0,
      "bad_precision": 1.0,
      "good_f1": 0.0,
      "medium_f1": 0.0,
      "bad_f1": 0.9850894632206759,
      "support_good": 0,
      "support_medium": 0,
      "support_bad": 4084,
      "confusion_3x3": "[[0, 0, 0], [0, 0, 0], [0, 120, 3964]]"
    },
    {
      "variant_id": "nl_n7150_gm_trim_bad_boundaryblocks_micro_bad_probe_n7125_84064417a3c4",
      "prediction_mode": "raw",
      "bucket": "original_all_bad_outlier_stress",
      "n": 1201,
      "acc": 0.6985845129059117,
      "macro_f1": 0.2741830065359477,
      "good_recall": 0.0,
      "medium_recall": 0.0,
      "bad_recall": 0.6985845129059117,
      "good_precision": 0.0,
      "medium_precision": 0.0,
      "bad_precision": 1.0,
      "good_f1": 0.0,
      "medium_f1": 0.0,
      "bad_f1": 0.8225490196078431,
      "support_good": 0,
      "support_medium": 0,
      "support_bad": 1201,
      "confusion_3x3": "[[0, 0, 0], [0, 0, 0], [106, 256, 839]]"
    }
  ],
  "selection_note": "Original BUT is report-only; Clean/SemiClean/node diagnostic remains the selection source."
}