{
  "created_at": "2026-06-13T05:13:22",
  "variant_id": "nl_n7181_gm_trim_bad_boundaryblocks_badattack_dual_n7180p_f1aa696dc526",
  "prediction_mode": "simple_pc1_gm_gate_t254",
  "metrics": [
    {
      "variant_id": "nl_n7181_gm_trim_bad_boundaryblocks_badattack_dual_n7180p_f1aa696dc526",
      "prediction_mode": "simple_pc1_gm_gate_t254",
      "bucket": "original_all_10s+",
      "n": 32956,
      "acc": 0.8178480398106567,
      "macro_f1": 0.8418408192649277,
      "good_recall": 0.7739834536173209,
      "medium_recall": 0.8426797139631163,
      "bad_recall": 0.9093661305581835,
      "good_precision": 0.8774695669527041,
      "medium_precision": 0.6860206817311375,
      "bad_precision": 0.9872637633525062,
      "good_f1": 0.822484100261878,
      "medium_f1": 0.7563231009584934,
      "bad_f1": 0.9467152565744115,
      "support_good": 17043,
      "support_medium": 10628,
      "support_bad": 5285,
      "confusion_3x3": "[[13191, 3839, 13], [1623, 8956, 49], [219, 260, 4806]]"
    },
    {
      "variant_id": "nl_n7181_gm_trim_bad_boundaryblocks_badattack_dual_n7180p_f1aa696dc526",
      "prediction_mode": "simple_pc1_gm_gate_t254",
      "bucket": "original_test_all_10s+",
      "n": 8477,
      "acc": 0.7611183201604341,
      "macro_f1": 0.5240435453806057,
      "good_recall": 0.9186813186813186,
      "medium_recall": 0.701762313601446,
      "bad_recall": 0.004866180048661801,
      "good_precision": 0.6909090909090909,
      "medium_precision": 0.8644586696354022,
      "bad_precision": 0.045454545454545456,
      "good_f1": 0.7886792452830189,
      "medium_f1": 0.7746601820675895,
      "bad_f1": 0.008791208791208791,
      "support_good": 3640,
      "support_medium": 4426,
      "support_bad": 411,
      "confusion_3x3": "[[3344, 295, 1], [1279, 3106, 41], [217, 192, 2]]"
    },
    {
      "variant_id": "nl_n7181_gm_trim_bad_boundaryblocks_badattack_dual_n7180p_f1aa696dc526",
      "prediction_mode": "simple_pc1_gm_gate_t254",
      "bucket": "original_test_good_medium_only",
      "n": 8066,
      "acc": 0.7996528638730473,
      "macro_f1": 0.5343514079322648,
      "good_recall": 0.9186813186813186,
      "medium_recall": 0.701762313601446,
      "bad_recall": 0.0,
      "good_precision": 0.7233398226260004,
      "medium_precision": 0.9132608056453985,
      "bad_precision": 0.0,
      "good_f1": 0.8093912622534188,
      "medium_f1": 0.7936629615433755,
      "bad_f1": 0.0,
      "support_good": 3640,
      "support_medium": 4426,
      "support_bad": 0,
      "confusion_3x3": "[[3344, 295, 1], [1279, 3106, 41], [0, 0, 0]]"
    },
    {
      "variant_id": "nl_n7181_gm_trim_bad_boundaryblocks_badattack_dual_n7180p_f1aa696dc526",
      "prediction_mode": "simple_pc1_gm_gate_t254",
      "bucket": "original_test_bad_core_near_boundary",
      "n": 119,
      "acc": 0.0,
      "macro_f1": 0.0,
      "good_recall": 0.0,
      "medium_recall": 0.0,
      "bad_recall": 0.0,
      "good_precision": 0.0,
      "medium_precision": 0.0,
      "bad_precision": 0.0,
      "good_f1": 0.0,
      "medium_f1": 0.0,
      "bad_f1": 0.0,
      "support_good": 0,
      "support_medium": 0,
      "support_bad": 119,
      "confusion_3x3": "[[0, 0, 0], [0, 0, 0], [0, 119, 0]]"
    },
    {
      "variant_id": "nl_n7181_gm_trim_bad_boundaryblocks_badattack_dual_n7180p_f1aa696dc526",
      "prediction_mode": "simple_pc1_gm_gate_t254",
      "bucket": "original_test_bad_outlier_stress",
      "n": 292,
      "acc": 0.00684931506849315,
      "macro_f1": 0.0045351473922902496,
      "good_recall": 0.0,
      "medium_recall": 0.0,
      "bad_recall": 0.00684931506849315,
      "good_precision": 0.0,
      "medium_precision": 0.0,
      "bad_precision": 1.0,
      "good_f1": 0.0,
      "medium_f1": 0.0,
      "bad_f1": 0.013605442176870748,
      "support_good": 0,
      "support_medium": 0,
      "support_bad": 292,
      "confusion_3x3": "[[0, 0, 0], [0, 0, 0], [217, 73, 2]]"
    },
    {
      "variant_id": "nl_n7181_gm_trim_bad_boundaryblocks_badattack_dual_n7180p_f1aa696dc526",
      "prediction_mode": "simple_pc1_gm_gate_t254",
      "bucket": "original_test_drop_bad_outlier_reference",
      "n": 8185,
      "acc": 0.7880268784361637,
      "macro_f1": 0.5303894189892469,
      "good_recall": 0.9186813186813186,
      "medium_recall": 0.701762313601446,
      "bad_recall": 0.0,
      "good_precision": 0.7233398226260004,
      "medium_precision": 0.8823863636363637,
      "bad_precision": 0.0,
      "good_f1": 0.8093912622534188,
      "medium_f1": 0.7817769947143217,
      "bad_f1": 0.0,
      "support_good": 3640,
      "support_medium": 4426,
      "support_bad": 119,
      "confusion_3x3": "[[3344, 295, 1], [1279, 3106, 41], [0, 119, 0]]"
    },
    {
      "variant_id": "nl_n7181_gm_trim_bad_boundaryblocks_badattack_dual_n7180p_f1aa696dc526",
      "prediction_mode": "simple_pc1_gm_gate_t254",
      "bucket": "original_test_good_medium_overlap",
      "n": 7492,
      "acc": 0.7843032568072611,
      "macro_f1": 0.5228465593798983,
      "good_recall": 0.917823431426985,
      "medium_recall": 0.6606683804627249,
      "bad_recall": 0.0,
      "good_precision": 0.7210468920392584,
      "medium_precision": 0.8970331588132635,
      "bad_precision": 0.0,
      "good_f1": 0.807621839501649,
      "medium_f1": 0.7609178386380459,
      "bad_f1": 0.0,
      "support_good": 3602,
      "support_medium": 3890,
      "support_bad": 0,
      "confusion_3x3": "[[3306, 295, 1], [1279, 2570, 41], [0, 0, 0]]"
    },
    {
      "variant_id": "nl_n7181_gm_trim_bad_boundaryblocks_badattack_dual_n7180p_f1aa696dc526",
      "prediction_mode": "simple_pc1_gm_gate_t254",
      "bucket": "original_all_bad_core_near_boundary",
      "n": 4084,
      "acc": 0.970617042115573,
      "macro_f1": 0.32836315440689195,
      "good_recall": 0.0,
      "medium_recall": 0.0,
      "bad_recall": 0.970617042115573,
      "good_precision": 0.0,
      "medium_precision": 0.0,
      "bad_precision": 1.0,
      "good_f1": 0.0,
      "medium_f1": 0.0,
      "bad_f1": 0.9850894632206759,
      "support_good": 0,
      "support_medium": 0,
      "support_bad": 4084,
      "confusion_3x3": "[[0, 0, 0], [0, 0, 0], [0, 120, 3964]]"
    },
    {
      "variant_id": "nl_n7181_gm_trim_bad_boundaryblocks_badattack_dual_n7180p_f1aa696dc526",
      "prediction_mode": "simple_pc1_gm_gate_t254",
      "bucket": "original_all_bad_outlier_stress",
      "n": 1201,
      "acc": 0.701082431307244,
      "macro_f1": 0.274759340838636,
      "good_recall": 0.0,
      "medium_recall": 0.0,
      "bad_recall": 0.701082431307244,
      "good_precision": 0.0,
      "medium_precision": 0.0,
      "bad_precision": 1.0,
      "good_f1": 0.0,
      "medium_f1": 0.0,
      "bad_f1": 0.824278022515908,
      "support_good": 0,
      "support_medium": 0,
      "support_bad": 1201,
      "confusion_3x3": "[[0, 0, 0], [0, 0, 0], [219, 140, 842]]"
    }
  ],
  "selection_note": "Original BUT is report-only; Clean/SemiClean/node diagnostic remains the selection source."
}