{
  "created_at": "2026-06-13T19:44:49",
  "variant_id": "nl_n12000_gm_trim_bad_boundaryblocks_n10000shell_thinprob_e10ae874c49d",
  "prediction_mode": "feature_pc1_qrsprom_tree_n12000_trainval",
  "metrics": [
    {
      "variant_id": "nl_n12000_gm_trim_bad_boundaryblocks_n10000shell_thinprob_e10ae874c49d",
      "prediction_mode": "feature_pc1_qrsprom_tree_n12000_trainval",
      "bucket": "original_all_10s+",
      "n": 32956,
      "acc": 0.8565359873771089,
      "macro_f1": 0.8772297468735911,
      "good_recall": 0.7879481311975591,
      "medium_recall": 0.9293375987956342,
      "bad_recall": 0.9313150425733208,
      "good_precision": 0.9449057134815648,
      "medium_precision": 0.7145854434958762,
      "bad_precision": 1.0,
      "good_f1": 0.8593185090385538,
      "medium_f1": 0.8079345603271983,
      "bad_f1": 0.964436171255021,
      "support_good": 17043,
      "support_medium": 10628,
      "support_bad": 5285,
      "confusion_3x3": "[[13429, 3614, 0], [751, 9877, 0], [32, 331, 4922]]"
    },
    {
      "variant_id": "nl_n12000_gm_trim_bad_boundaryblocks_n10000shell_thinprob_e10ae874c49d",
      "prediction_mode": "feature_pc1_qrsprom_tree_n12000_trainval",
      "bucket": "original_test_all_10s+",
      "n": 8477,
      "acc": 0.8477055562109237,
      "macro_f1": 0.7224578695114768,
      "good_recall": 0.804945054945055,
      "medium_recall": 0.9347040216900135,
      "bad_recall": 0.2895377128953771,
      "good_precision": 0.9012611504152569,
      "medium_precision": 0.8100646171920893,
      "bad_precision": 1.0,
      "good_f1": 0.8503845595704542,
      "medium_f1": 0.8679324451903913,
      "bad_f1": 0.4490566037735849,
      "support_good": 3640,
      "support_medium": 4426,
      "support_bad": 411,
      "confusion_3x3": "[[2930, 710, 0], [289, 4137, 0], [32, 260, 119]]"
    },
    {
      "variant_id": "nl_n12000_gm_trim_bad_boundaryblocks_n10000shell_thinprob_e10ae874c49d",
      "prediction_mode": "feature_pc1_qrsprom_tree_n12000_trainval",
      "bucket": "original_test_good_medium_only",
      "n": 8066,
      "acc": 0.8761467889908257,
      "macro_f1": 0.5822066069407148,
      "good_recall": 0.804945054945055,
      "medium_recall": 0.9347040216900135,
      "bad_recall": 0.0,
      "good_precision": 0.9102205653929791,
      "medium_precision": 0.8535176397771818,
      "bad_precision": 0.0,
      "good_f1": 0.8543519463478642,
      "medium_f1": 0.8922678744742801,
      "bad_f1": 0.0,
      "support_good": 3640,
      "support_medium": 4426,
      "support_bad": 0,
      "confusion_3x3": "[[2930, 710, 0], [289, 4137, 0], [0, 0, 0]]"
    },
    {
      "variant_id": "nl_n12000_gm_trim_bad_boundaryblocks_n10000shell_thinprob_e10ae874c49d",
      "prediction_mode": "feature_pc1_qrsprom_tree_n12000_trainval",
      "bucket": "original_test_bad_core_near_boundary",
      "n": 119,
      "acc": 1.0,
      "macro_f1": 0.3333333333333333,
      "good_recall": 0.0,
      "medium_recall": 0.0,
      "bad_recall": 1.0,
      "good_precision": 0.0,
      "medium_precision": 0.0,
      "bad_precision": 1.0,
      "good_f1": 0.0,
      "medium_f1": 0.0,
      "bad_f1": 1.0,
      "support_good": 0,
      "support_medium": 0,
      "support_bad": 119,
      "confusion_3x3": "[[0, 0, 0], [0, 0, 0], [0, 0, 119]]"
    },
    {
      "variant_id": "nl_n12000_gm_trim_bad_boundaryblocks_n10000shell_thinprob_e10ae874c49d",
      "prediction_mode": "feature_pc1_qrsprom_tree_n12000_trainval",
      "bucket": "original_test_bad_outlier_stress",
      "n": 292,
      "acc": 0.0,
      "macro_f1": 0.0,
      "good_recall": 0.0,
      "medium_recall": 0.0,
      "bad_recall": 0.0,
      "good_precision": 0.0,
      "medium_precision": 0.0,
      "bad_precision": 0.0,
      "good_f1": 0.0,
      "medium_f1": 0.0,
      "bad_f1": 0.0,
      "support_good": 0,
      "support_medium": 0,
      "support_bad": 292,
      "confusion_3x3": "[[0, 0, 0], [0, 0, 0], [32, 260, 0]]"
    },
    {
      "variant_id": "nl_n12000_gm_trim_bad_boundaryblocks_n10000shell_thinprob_e10ae874c49d",
      "prediction_mode": "feature_pc1_qrsprom_tree_n12000_trainval",
      "bucket": "original_test_drop_bad_outlier_reference",
      "n": 8185,
      "acc": 0.8779474648747709,
      "macro_f1": 0.9155399402740482,
      "good_recall": 0.804945054945055,
      "medium_recall": 0.9347040216900135,
      "bad_recall": 1.0,
      "good_precision": 0.9102205653929791,
      "medium_precision": 0.8535176397771818,
      "bad_precision": 1.0,
      "good_f1": 0.8543519463478642,
      "medium_f1": 0.8922678744742801,
      "bad_f1": 1.0,
      "support_good": 3640,
      "support_medium": 4426,
      "support_bad": 119,
      "confusion_3x3": "[[2930, 710, 0], [289, 4137, 0], [0, 0, 119]]"
    },
    {
      "variant_id": "nl_n12000_gm_trim_bad_boundaryblocks_n10000shell_thinprob_e10ae874c49d",
      "prediction_mode": "feature_pc1_qrsprom_tree_n12000_trainval",
      "bucket": "original_test_good_medium_overlap",
      "n": 7492,
      "acc": 0.8666577682861719,
      "macro_f1": 0.5769685408353652,
      "good_recall": 0.8028872848417545,
      "medium_recall": 0.925706940874036,
      "bad_recall": 0.0,
      "good_precision": 0.9091480666457089,
      "medium_precision": 0.8353050336348875,
      "bad_precision": 0.0,
      "good_f1": 0.8527200353825741,
      "medium_f1": 0.8781855871235216,
      "bad_f1": 0.0,
      "support_good": 3602,
      "support_medium": 3890,
      "support_bad": 0,
      "confusion_3x3": "[[2892, 710, 0], [289, 3601, 0], [0, 0, 0]]"
    },
    {
      "variant_id": "nl_n12000_gm_trim_bad_boundaryblocks_n10000shell_thinprob_e10ae874c49d",
      "prediction_mode": "feature_pc1_qrsprom_tree_n12000_trainval",
      "bucket": "original_all_bad_core_near_boundary",
      "n": 4084,
      "acc": 1.0,
      "macro_f1": 0.3333333333333333,
      "good_recall": 0.0,
      "medium_recall": 0.0,
      "bad_recall": 1.0,
      "good_precision": 0.0,
      "medium_precision": 0.0,
      "bad_precision": 1.0,
      "good_f1": 0.0,
      "medium_f1": 0.0,
      "bad_f1": 1.0,
      "support_good": 0,
      "support_medium": 0,
      "support_bad": 4084,
      "confusion_3x3": "[[0, 0, 0], [0, 0, 0], [0, 0, 4084]]"
    },
    {
      "variant_id": "nl_n12000_gm_trim_bad_boundaryblocks_n10000shell_thinprob_e10ae874c49d",
      "prediction_mode": "feature_pc1_qrsprom_tree_n12000_trainval",
      "bucket": "original_all_bad_outlier_stress",
      "n": 1201,
      "acc": 0.697751873438801,
      "macro_f1": 0.2739905182278895,
      "good_recall": 0.0,
      "medium_recall": 0.0,
      "bad_recall": 0.697751873438801,
      "good_precision": 0.0,
      "medium_precision": 0.0,
      "bad_precision": 1.0,
      "good_f1": 0.0,
      "medium_f1": 0.0,
      "bad_f1": 0.8219715546836684,
      "support_good": 0,
      "support_medium": 0,
      "support_bad": 1201,
      "confusion_3x3": "[[0, 0, 0], [0, 0, 0], [32, 331, 838]]"
    }
  ],
  "selection_note": "Original BUT is report-only; Clean/SemiClean/node diagnostic remains the selection source."
}