{
  "created_at": "2026-06-13T06:25:19",
  "variant_id": "nl_n7183_gm_trim_bad_boundaryblocks_badattackwide_dual_n7_4868958ba680",
  "prediction_mode": "simple_pc1_gm_gate_t254",
  "metrics": [
    {
      "variant_id": "nl_n7183_gm_trim_bad_boundaryblocks_badattackwide_dual_n7_4868958ba680",
      "prediction_mode": "simple_pc1_gm_gate_t254",
      "bucket": "original_all_10s+",
      "n": 32956,
      "acc": 0.8187886879475664,
      "macro_f1": 0.836254240832844,
      "good_recall": 0.7708736724755031,
      "medium_recall": 0.8377869777945051,
      "bad_recall": 0.9350993377483444,
      "good_precision": 0.897772311056444,
      "medium_precision": 0.6909824615862176,
      "bad_precision": 0.9091243561442237,
      "good_f1": 0.8294977428418095,
      "medium_f1": 0.757336055116101,
      "bad_f1": 0.9219289245406213,
      "support_good": 17043,
      "support_medium": 10628,
      "support_bad": 5285,
      "confusion_3x3": "[[13138, 3839, 66], [1296, 8904, 428], [200, 143, 4942]]"
    },
    {
      "variant_id": "nl_n7183_gm_trim_bad_boundaryblocks_badattackwide_dual_n7_4868958ba680",
      "prediction_mode": "simple_pc1_gm_gate_t254",
      "bucket": "original_test_all_10s+",
      "n": 8477,
      "acc": 0.7704376548307185,
      "macro_f1": 0.6240078643576991,
      "good_recall": 0.914010989010989,
      "medium_recall": 0.6947582467239042,
      "bad_recall": 0.31386861313868614,
      "good_precision": 0.7411450211628425,
      "medium_precision": 0.8902721482339316,
      "bad_precision": 0.24157303370786518,
      "good_f1": 0.8185508672653463,
      "medium_f1": 0.7804568527918782,
      "bad_f1": 0.273015873015873,
      "support_good": 3640,
      "support_medium": 4426,
      "support_bad": 411,
      "confusion_3x3": "[[3327, 295, 18], [964, 3075, 387], [198, 84, 129]]"
    },
    {
      "variant_id": "nl_n7183_gm_trim_bad_boundaryblocks_badattackwide_dual_n7_4868958ba680",
      "prediction_mode": "simple_pc1_gm_gate_t254",
      "bucket": "original_test_good_medium_only",
      "n": 8066,
      "acc": 0.7937019588395735,
      "macro_f1": 0.5426174472112892,
      "good_recall": 0.914010989010989,
      "medium_recall": 0.6947582467239042,
      "bad_recall": 0.0,
      "good_precision": 0.7753437427173153,
      "medium_precision": 0.9124629080118695,
      "bad_precision": 0.0,
      "good_f1": 0.8389862564619847,
      "medium_f1": 0.7888660851718831,
      "bad_f1": 0.0,
      "support_good": 3640,
      "support_medium": 4426,
      "support_bad": 0,
      "confusion_3x3": "[[3327, 295, 18], [964, 3075, 387], [0, 0, 0]]"
    },
    {
      "variant_id": "nl_n7183_gm_trim_bad_boundaryblocks_badattackwide_dual_n7_4868958ba680",
      "prediction_mode": "simple_pc1_gm_gate_t254",
      "bucket": "original_test_bad_core_near_boundary",
      "n": 119,
      "acc": 0.8907563025210085,
      "macro_f1": 0.31407407407407406,
      "good_recall": 0.0,
      "medium_recall": 0.0,
      "bad_recall": 0.8907563025210085,
      "good_precision": 0.0,
      "medium_precision": 0.0,
      "bad_precision": 1.0,
      "good_f1": 0.0,
      "medium_f1": 0.0,
      "bad_f1": 0.9422222222222222,
      "support_good": 0,
      "support_medium": 0,
      "support_bad": 119,
      "confusion_3x3": "[[0, 0, 0], [0, 0, 0], [0, 13, 106]]"
    },
    {
      "variant_id": "nl_n7183_gm_trim_bad_boundaryblocks_badattackwide_dual_n7_4868958ba680",
      "prediction_mode": "simple_pc1_gm_gate_t254",
      "bucket": "original_test_bad_outlier_stress",
      "n": 292,
      "acc": 0.07876712328767123,
      "macro_f1": 0.04867724867724868,
      "good_recall": 0.0,
      "medium_recall": 0.0,
      "bad_recall": 0.07876712328767123,
      "good_precision": 0.0,
      "medium_precision": 0.0,
      "bad_precision": 1.0,
      "good_f1": 0.0,
      "medium_f1": 0.0,
      "bad_f1": 0.14603174603174604,
      "support_good": 0,
      "support_medium": 0,
      "support_bad": 292,
      "confusion_3x3": "[[0, 0, 0], [0, 0, 0], [198, 71, 23]]"
    },
    {
      "variant_id": "nl_n7183_gm_trim_bad_boundaryblocks_badattackwide_dual_n7_4868958ba680",
      "prediction_mode": "simple_pc1_gm_gate_t254",
      "bucket": "original_test_drop_bad_outlier_reference",
      "n": 8185,
      "acc": 0.7951130116065974,
      "macro_f1": 0.6543490055449744,
      "good_recall": 0.914010989010989,
      "medium_recall": 0.6947582467239042,
      "bad_recall": 0.8907563025210085,
      "good_precision": 0.7753437427173153,
      "medium_precision": 0.9089565474430978,
      "bad_precision": 0.20743639921722112,
      "good_f1": 0.8389862564619847,
      "medium_f1": 0.7875528236650019,
      "bad_f1": 0.33650793650793653,
      "support_good": 3640,
      "support_medium": 4426,
      "support_bad": 119,
      "confusion_3x3": "[[3327, 295, 18], [964, 3075, 387], [0, 13, 106]]"
    },
    {
      "variant_id": "nl_n7183_gm_trim_bad_boundaryblocks_badattackwide_dual_n7_4868958ba680",
      "prediction_mode": "simple_pc1_gm_gate_t254",
      "bucket": "original_test_good_medium_overlap",
      "n": 7492,
      "acc": 0.7778964228510411,
      "macro_f1": 0.5308778748466562,
      "good_recall": 0.9131038312048861,
      "medium_recall": 0.6526992287917738,
      "bad_recall": 0.0,
      "good_precision": 0.7733364683752645,
      "medium_precision": 0.8959068454481298,
      "bad_precision": 0.0,
      "good_f1": 0.8374283895607894,
      "medium_f1": 0.755205234979179,
      "bad_f1": 0.0,
      "support_good": 3602,
      "support_medium": 3890,
      "support_bad": 0,
      "confusion_3x3": "[[3289, 295, 18], [964, 2539, 387], [0, 0, 0]]"
    },
    {
      "variant_id": "nl_n7183_gm_trim_bad_boundaryblocks_badattackwide_dual_n7_4868958ba680",
      "prediction_mode": "simple_pc1_gm_gate_t254",
      "bucket": "original_all_bad_core_near_boundary",
      "n": 4084,
      "acc": 0.9965719882468168,
      "macro_f1": 0.33276101708772793,
      "good_recall": 0.0,
      "medium_recall": 0.0,
      "bad_recall": 0.9965719882468168,
      "good_precision": 0.0,
      "medium_precision": 0.0,
      "bad_precision": 1.0,
      "good_f1": 0.0,
      "medium_f1": 0.0,
      "bad_f1": 0.9982830512631837,
      "support_good": 0,
      "support_medium": 0,
      "support_bad": 4084,
      "confusion_3x3": "[[0, 0, 0], [0, 0, 0], [0, 14, 4070]]"
    },
    {
      "variant_id": "nl_n7183_gm_trim_bad_boundaryblocks_badattackwide_dual_n7_4868958ba680",
      "prediction_mode": "simple_pc1_gm_gate_t254",
      "bucket": "original_all_bad_outlier_stress",
      "n": 1201,
      "acc": 0.7260616153205662,
      "macro_f1": 0.28043093744975073,
      "good_recall": 0.0,
      "medium_recall": 0.0,
      "bad_recall": 0.7260616153205662,
      "good_precision": 0.0,
      "medium_precision": 0.0,
      "bad_precision": 1.0,
      "good_f1": 0.0,
      "medium_f1": 0.0,
      "bad_f1": 0.8412928123492522,
      "support_good": 0,
      "support_medium": 0,
      "support_bad": 1201,
      "confusion_3x3": "[[0, 0, 0], [0, 0, 0], [200, 129, 872]]"
    }
  ],
  "selection_note": "Original BUT is report-only; Clean/SemiClean/node diagnostic remains the selection source."
}