{
  "created_at": "2026-06-13T12:47:08",
  "variant_id": "nl_n7200_gm_trim_bad_goodlike_aux_tail_a12_good128_mid168_837d9498a6ae",
  "prediction_mode": "feature_pc1_qrsprom_visiblegood_wavegood_axis_diagnostic",
  "metrics": [
    {
      "variant_id": "nl_n7200_gm_trim_bad_goodlike_aux_tail_a12_good128_mid168_837d9498a6ae",
      "prediction_mode": "feature_pc1_qrsprom_visiblegood_wavegood_axis_diagnostic",
      "bucket": "original_all_10s+",
      "n": 32956,
      "acc": 0.8280434518752275,
      "macro_f1": 0.8553626527645334,
      "good_recall": 0.7255764830135539,
      "medium_recall": 0.9261385020700038,
      "bad_recall": 0.9612109744560076,
      "good_precision": 0.9472232860972807,
      "medium_precision": 0.6709154113557358,
      "bad_precision": 0.97131931166348,
      "good_f1": 0.8217157286198419,
      "medium_f1": 0.7781335230641527,
      "bad_f1": 0.9662387066096053,
      "support_good": 17043,
      "support_medium": 10628,
      "support_bad": 5285,
      "confusion_3x3": "[[12366, 4635, 42], [677, 9843, 108], [12, 193, 5080]]"
    },
    {
      "variant_id": "nl_n7200_gm_trim_bad_goodlike_aux_tail_a12_good128_mid168_837d9498a6ae",
      "prediction_mode": "feature_pc1_qrsprom_visiblegood_wavegood_axis_diagnostic",
      "bucket": "original_test_all_10s+",
      "n": 8477,
      "acc": 0.9081042821752978,
      "macro_f1": 0.8399097910824929,
      "good_recall": 0.9082417582417582,
      "medium_recall": 0.9338002711251695,
      "bad_recall": 0.6301703163017032,
      "good_precision": 0.9362786745964317,
      "medium_precision": 0.8990646073526213,
      "bad_precision": 0.7421203438395415,
      "good_f1": 0.9220471342908939,
      "medium_f1": 0.9161032915881636,
      "bad_f1": 0.6815789473684211,
      "support_good": 3640,
      "support_medium": 4426,
      "support_bad": 411,
      "confusion_3x3": "[[3306, 324, 10], [213, 4133, 80], [12, 140, 259]]"
    },
    {
      "variant_id": "nl_n7200_gm_trim_bad_goodlike_aux_tail_a12_good128_mid168_837d9498a6ae",
      "prediction_mode": "feature_pc1_qrsprom_visiblegood_wavegood_axis_diagnostic",
      "bucket": "original_test_good_medium_only",
      "n": 8066,
      "acc": 0.9222663030002479,
      "macro_f1": 0.6180447214249828,
      "good_recall": 0.9082417582417582,
      "medium_recall": 0.9338002711251695,
      "bad_recall": 0.0,
      "good_precision": 0.9394714407502132,
      "medium_precision": 0.9273053623513574,
      "bad_precision": 0.0,
      "good_f1": 0.9235926805419752,
      "medium_f1": 0.9305414837329731,
      "bad_f1": 0.0,
      "support_good": 3640,
      "support_medium": 4426,
      "support_bad": 0,
      "confusion_3x3": "[[3306, 324, 10], [213, 4133, 80], [0, 0, 0]]"
    },
    {
      "variant_id": "nl_n7200_gm_trim_bad_goodlike_aux_tail_a12_good128_mid168_837d9498a6ae",
      "prediction_mode": "feature_pc1_qrsprom_visiblegood_wavegood_axis_diagnostic",
      "bucket": "original_test_bad_core_near_boundary",
      "n": 119,
      "acc": 1.0,
      "macro_f1": 0.3333333333333333,
      "good_recall": 0.0,
      "medium_recall": 0.0,
      "bad_recall": 1.0,
      "good_precision": 0.0,
      "medium_precision": 0.0,
      "bad_precision": 1.0,
      "good_f1": 0.0,
      "medium_f1": 0.0,
      "bad_f1": 1.0,
      "support_good": 0,
      "support_medium": 0,
      "support_bad": 119,
      "confusion_3x3": "[[0, 0, 0], [0, 0, 0], [0, 0, 119]]"
    },
    {
      "variant_id": "nl_n7200_gm_trim_bad_goodlike_aux_tail_a12_good128_mid168_837d9498a6ae",
      "prediction_mode": "feature_pc1_qrsprom_visiblegood_wavegood_axis_diagnostic",
      "bucket": "original_test_bad_outlier_stress",
      "n": 292,
      "acc": 0.4794520547945205,
      "macro_f1": 0.21604938271604937,
      "good_recall": 0.0,
      "medium_recall": 0.0,
      "bad_recall": 0.4794520547945205,
      "good_precision": 0.0,
      "medium_precision": 0.0,
      "bad_precision": 1.0,
      "good_f1": 0.0,
      "medium_f1": 0.0,
      "bad_f1": 0.6481481481481481,
      "support_good": 0,
      "support_medium": 0,
      "support_bad": 292,
      "confusion_3x3": "[[0, 0, 0], [0, 0, 0], [12, 140, 140]]"
    },
    {
      "variant_id": "nl_n7200_gm_trim_bad_goodlike_aux_tail_a12_good128_mid168_837d9498a6ae",
      "prediction_mode": "feature_pc1_qrsprom_visiblegood_wavegood_axis_diagnostic",
      "bucket": "original_test_drop_bad_outlier_reference",
      "n": 8185,
      "acc": 0.9233964569334148,
      "macro_f1": 0.8599146401241698,
      "good_recall": 0.9082417582417582,
      "medium_recall": 0.9338002711251695,
      "bad_recall": 1.0,
      "good_precision": 0.9394714407502132,
      "medium_precision": 0.9273053623513574,
      "bad_precision": 0.569377990430622,
      "good_f1": 0.9235926805419752,
      "medium_f1": 0.9305414837329731,
      "bad_f1": 0.725609756097561,
      "support_good": 3640,
      "support_medium": 4426,
      "support_bad": 119,
      "confusion_3x3": "[[3306, 324, 10], [213, 4133, 80], [0, 0, 119]]"
    },
    {
      "variant_id": "nl_n7200_gm_trim_bad_goodlike_aux_tail_a12_good128_mid168_837d9498a6ae",
      "prediction_mode": "feature_pc1_qrsprom_visiblegood_wavegood_axis_diagnostic",
      "bucket": "original_test_good_medium_overlap",
      "n": 7492,
      "acc": 0.9163107314468767,
      "macro_f1": 0.6145938900216134,
      "good_recall": 0.9072737368128817,
      "medium_recall": 0.9246786632390745,
      "bad_recall": 0.0,
      "good_precision": 0.9388106865843149,
      "medium_precision": 0.9173680183626626,
      "bad_precision": 0.0,
      "good_f1": 0.9227728363687703,
      "medium_f1": 0.9210088336960697,
      "bad_f1": 0.0,
      "support_good": 3602,
      "support_medium": 3890,
      "support_bad": 0,
      "confusion_3x3": "[[3268, 324, 10], [213, 3597, 80], [0, 0, 0]]"
    },
    {
      "variant_id": "nl_n7200_gm_trim_bad_goodlike_aux_tail_a12_good128_mid168_837d9498a6ae",
      "prediction_mode": "feature_pc1_qrsprom_visiblegood_wavegood_axis_diagnostic",
      "bucket": "original_all_bad_core_near_boundary",
      "n": 4084,
      "acc": 1.0,
      "macro_f1": 0.3333333333333333,
      "good_recall": 0.0,
      "medium_recall": 0.0,
      "bad_recall": 1.0,
      "good_precision": 0.0,
      "medium_precision": 0.0,
      "bad_precision": 1.0,
      "good_f1": 0.0,
      "medium_f1": 0.0,
      "bad_f1": 1.0,
      "support_good": 0,
      "support_medium": 0,
      "support_bad": 4084,
      "confusion_3x3": "[[0, 0, 0], [0, 0, 0], [0, 0, 4084]]"
    },
    {
      "variant_id": "nl_n7200_gm_trim_bad_goodlike_aux_tail_a12_good128_mid168_837d9498a6ae",
      "prediction_mode": "feature_pc1_qrsprom_visiblegood_wavegood_axis_diagnostic",
      "bucket": "original_all_bad_outlier_stress",
      "n": 1201,
      "acc": 0.829308909242298,
      "macro_f1": 0.3022303140646336,
      "good_recall": 0.0,
      "medium_recall": 0.0,
      "bad_recall": 0.829308909242298,
      "good_precision": 0.0,
      "medium_precision": 0.0,
      "bad_precision": 1.0,
      "good_f1": 0.0,
      "medium_f1": 0.0,
      "bad_f1": 0.9066909421939008,
      "support_good": 0,
      "support_medium": 0,
      "support_bad": 1201,
      "confusion_3x3": "[[0, 0, 0], [0, 0, 0], [12, 193, 996]]"
    }
  ],
  "selection_note": "Original BUT is report-only; Clean/SemiClean/node diagnostic remains the selection source."
}