{
  "created_at": "2026-06-13T05:13:17",
  "variant_id": "nl_n7181_gm_trim_bad_boundaryblocks_badattack_dual_n7180p_f1aa696dc526",
  "prediction_mode": "raw",
  "metrics": [
    {
      "variant_id": "nl_n7181_gm_trim_bad_boundaryblocks_badattack_dual_n7180p_f1aa696dc526",
      "prediction_mode": "raw",
      "bucket": "original_all_10s+",
      "n": 32956,
      "acc": 0.7910547396528705,
      "macro_f1": 0.8056988616922993,
      "good_recall": 0.8827084433491756,
      "medium_recall": 0.5852465186300339,
      "bad_recall": 0.9093661305581835,
      "good_precision": 0.7727552907335115,
      "medium_precision": 0.7215777262180975,
      "bad_precision": 0.9872637633525062,
      "good_f1": 0.8240804141217716,
      "medium_f1": 0.6463009143807149,
      "bad_f1": 0.9467152565744115,
      "support_good": 17043,
      "support_medium": 10628,
      "support_bad": 5285,
      "confusion_3x3": "[[15044, 1986, 13], [4359, 6220, 49], [65, 414, 4806]]"
    },
    {
      "variant_id": "nl_n7181_gm_trim_bad_boundaryblocks_badattack_dual_n7180p_f1aa696dc526",
      "prediction_mode": "raw",
      "bucket": "original_test_all_10s+",
      "n": 8477,
      "acc": 0.6750029491565412,
      "macro_f1": 0.46534404076750624,
      "good_recall": 0.7510989010989011,
      "medium_recall": 0.6746497966561229,
      "bad_recall": 0.004866180048661801,
      "good_precision": 0.6526617331105276,
      "medium_precision": 0.7035815268614515,
      "bad_precision": 0.045454545454545456,
      "good_f1": 0.6984289181249201,
      "medium_f1": 0.6888119953863898,
      "bad_f1": 0.008791208791208791,
      "support_good": 3640,
      "support_medium": 4426,
      "support_bad": 411,
      "confusion_3x3": "[[2734, 905, 1], [1399, 2986, 41], [56, 353, 2]]"
    },
    {
      "variant_id": "nl_n7181_gm_trim_bad_boundaryblocks_badattack_dual_n7180p_f1aa696dc526",
      "prediction_mode": "raw",
      "bucket": "original_test_good_medium_only",
      "n": 8066,
      "acc": 0.7091495164889661,
      "macro_f1": 0.47383602337875425,
      "good_recall": 0.7510989010989011,
      "medium_recall": 0.6746497966561229,
      "bad_recall": 0.0,
      "good_precision": 0.6615049600774257,
      "medium_precision": 0.7674119763556926,
      "bad_precision": 0.0,
      "good_f1": 0.7034606972854753,
      "medium_f1": 0.7180473728507876,
      "bad_f1": 0.0,
      "support_good": 3640,
      "support_medium": 4426,
      "support_bad": 0,
      "confusion_3x3": "[[2734, 905, 1], [1399, 2986, 41], [0, 0, 0]]"
    },
    {
      "variant_id": "nl_n7181_gm_trim_bad_boundaryblocks_badattack_dual_n7180p_f1aa696dc526",
      "prediction_mode": "raw",
      "bucket": "original_test_bad_core_near_boundary",
      "n": 119,
      "acc": 0.0,
      "macro_f1": 0.0,
      "good_recall": 0.0,
      "medium_recall": 0.0,
      "bad_recall": 0.0,
      "good_precision": 0.0,
      "medium_precision": 0.0,
      "bad_precision": 0.0,
      "good_f1": 0.0,
      "medium_f1": 0.0,
      "bad_f1": 0.0,
      "support_good": 0,
      "support_medium": 0,
      "support_bad": 119,
      "confusion_3x3": "[[0, 0, 0], [0, 0, 0], [0, 119, 0]]"
    },
    {
      "variant_id": "nl_n7181_gm_trim_bad_boundaryblocks_badattack_dual_n7180p_f1aa696dc526",
      "prediction_mode": "raw",
      "bucket": "original_test_bad_outlier_stress",
      "n": 292,
      "acc": 0.00684931506849315,
      "macro_f1": 0.0045351473922902496,
      "good_recall": 0.0,
      "medium_recall": 0.0,
      "bad_recall": 0.00684931506849315,
      "good_precision": 0.0,
      "medium_precision": 0.0,
      "bad_precision": 1.0,
      "good_f1": 0.0,
      "medium_f1": 0.0,
      "bad_f1": 0.013605442176870748,
      "support_good": 0,
      "support_medium": 0,
      "support_bad": 292,
      "confusion_3x3": "[[0, 0, 0], [0, 0, 0], [56, 234, 2]]"
    },
    {
      "variant_id": "nl_n7181_gm_trim_bad_boundaryblocks_badattack_dual_n7180p_f1aa696dc526",
      "prediction_mode": "raw",
      "bucket": "original_test_drop_bad_outlier_reference",
      "n": 8185,
      "acc": 0.6988393402565669,
      "macro_f1": 0.47045971401534176,
      "good_recall": 0.7510989010989011,
      "medium_recall": 0.6746497966561229,
      "bad_recall": 0.0,
      "good_precision": 0.6615049600774257,
      "medium_precision": 0.7446384039900249,
      "bad_precision": 0.0,
      "good_f1": 0.7034606972854753,
      "medium_f1": 0.70791844476055,
      "bad_f1": 0.0,
      "support_good": 3640,
      "support_medium": 4426,
      "support_bad": 119,
      "confusion_3x3": "[[2734, 905, 1], [1399, 2986, 41], [0, 119, 0]]"
    },
    {
      "variant_id": "nl_n7181_gm_trim_bad_boundaryblocks_badattack_dual_n7180p_f1aa696dc526",
      "prediction_mode": "raw",
      "bucket": "original_test_good_medium_overlap",
      "n": 7492,
      "acc": 0.6987453283502403,
      "macro_f1": 0.4670397519544873,
      "good_recall": 0.7484730705163798,
      "medium_recall": 0.6526992287917738,
      "bad_recall": 0.0,
      "good_precision": 0.672990514228657,
      "medium_precision": 0.7372241579558653,
      "bad_precision": 0.0,
      "good_f1": 0.7087276550998949,
      "medium_f1": 0.692391600763567,
      "bad_f1": 0.0,
      "support_good": 3602,
      "support_medium": 3890,
      "support_bad": 0,
      "confusion_3x3": "[[2696, 905, 1], [1310, 2539, 41], [0, 0, 0]]"
    },
    {
      "variant_id": "nl_n7181_gm_trim_bad_boundaryblocks_badattack_dual_n7180p_f1aa696dc526",
      "prediction_mode": "raw",
      "bucket": "original_all_bad_core_near_boundary",
      "n": 4084,
      "acc": 0.970617042115573,
      "macro_f1": 0.32836315440689195,
      "good_recall": 0.0,
      "medium_recall": 0.0,
      "bad_recall": 0.970617042115573,
      "good_precision": 0.0,
      "medium_precision": 0.0,
      "bad_precision": 1.0,
      "good_f1": 0.0,
      "medium_f1": 0.0,
      "bad_f1": 0.9850894632206759,
      "support_good": 0,
      "support_medium": 0,
      "support_bad": 4084,
      "confusion_3x3": "[[0, 0, 0], [0, 0, 0], [1, 119, 3964]]"
    },
    {
      "variant_id": "nl_n7181_gm_trim_bad_boundaryblocks_badattack_dual_n7180p_f1aa696dc526",
      "prediction_mode": "raw",
      "bucket": "original_all_bad_outlier_stress",
      "n": 1201,
      "acc": 0.701082431307244,
      "macro_f1": 0.274759340838636,
      "good_recall": 0.0,
      "medium_recall": 0.0,
      "bad_recall": 0.701082431307244,
      "good_precision": 0.0,
      "medium_precision": 0.0,
      "bad_precision": 1.0,
      "good_f1": 0.0,
      "medium_f1": 0.0,
      "bad_f1": 0.824278022515908,
      "support_good": 0,
      "support_medium": 0,
      "support_bad": 1201,
      "confusion_3x3": "[[0, 0, 0], [0, 0, 0], [64, 295, 842]]"
    }
  ],
  "selection_note": "Original BUT is report-only; Clean/SemiClean/node diagnostic remains the selection source."
}