{
  "created_at": "2026-06-13T05:43:36",
  "variant_id": "nl_n7182_gm_trim_bad_boundaryblocks_badattackwide_dual_n7_5b567b543eaf",
  "prediction_mode": "simple_pc1_gm_gate_t226",
  "metrics": [
    {
      "variant_id": "nl_n7182_gm_trim_bad_boundaryblocks_badattackwide_dual_n7_5b567b543eaf",
      "prediction_mode": "simple_pc1_gm_gate_t226",
      "bucket": "original_all_10s+",
      "n": 32956,
      "acc": 0.8260711251365457,
      "macro_f1": 0.8345831472750302,
      "good_recall": 0.8080736959455495,
      "medium_recall": 0.8050432818968761,
      "bad_recall": 0.92639545884579,
      "good_precision": 0.8928941908713693,
      "medium_precision": 0.7204445941394408,
      "bad_precision": 0.8656294200848657,
      "good_f1": 0.8483691132534573,
      "medium_f1": 0.7603981514397441,
      "bad_f1": 0.8949821771318892,
      "support_good": 17043,
      "support_medium": 10628,
      "support_bad": 5285,
      "confusion_3x3": "[[13772, 3143, 128], [1440, 8556, 632], [212, 177, 4896]]"
    },
    {
      "variant_id": "nl_n7182_gm_trim_bad_boundaryblocks_badattackwide_dual_n7_5b567b543eaf",
      "prediction_mode": "simple_pc1_gm_gate_t226",
      "bucket": "original_test_all_10s+",
      "n": 8477,
      "acc": 0.7482599976406747,
      "macro_f1": 0.5824945731579496,
      "good_recall": 0.9266483516483517,
      "medium_recall": 0.64979665612291,
      "bad_recall": 0.22871046228710462,
      "good_precision": 0.7335798173118747,
      "medium_precision": 0.8906782285537318,
      "bad_precision": 0.14461538461538462,
      "good_f1": 0.8188880796309784,
      "medium_f1": 0.7514043109079034,
      "bad_f1": 0.177191328934967,
      "support_good": 3640,
      "support_medium": 4426,
      "support_bad": 411,
      "confusion_3x3": "[[3373, 245, 22], [1016, 2876, 534], [209, 108, 94]]"
    },
    {
      "variant_id": "nl_n7182_gm_trim_bad_boundaryblocks_badattackwide_dual_n7_5b567b543eaf",
      "prediction_mode": "simple_pc1_gm_gate_t226",
      "bucket": "original_test_good_medium_only",
      "n": 8066,
      "acc": 0.7747334490453757,
      "macro_f1": 0.53412046936498,
      "good_recall": 0.9266483516483517,
      "medium_recall": 0.64979665612291,
      "bad_recall": 0.0,
      "good_precision": 0.7685121895648211,
      "medium_precision": 0.9214995193848126,
      "bad_precision": 0.0,
      "good_f1": 0.8402042595590983,
      "medium_f1": 0.762157148535842,
      "bad_f1": 0.0,
      "support_good": 3640,
      "support_medium": 4426,
      "support_bad": 0,
      "confusion_3x3": "[[3373, 245, 22], [1016, 2876, 534], [0, 0, 0]]"
    },
    {
      "variant_id": "nl_n7182_gm_trim_bad_boundaryblocks_badattackwide_dual_n7_5b567b543eaf",
      "prediction_mode": "simple_pc1_gm_gate_t226",
      "bucket": "original_test_bad_core_near_boundary",
      "n": 119,
      "acc": 0.5462184873949579,
      "macro_f1": 0.2355072463768116,
      "good_recall": 0.0,
      "medium_recall": 0.0,
      "bad_recall": 0.5462184873949579,
      "good_precision": 0.0,
      "medium_precision": 0.0,
      "bad_precision": 1.0,
      "good_f1": 0.0,
      "medium_f1": 0.0,
      "bad_f1": 0.7065217391304348,
      "support_good": 0,
      "support_medium": 0,
      "support_bad": 119,
      "confusion_3x3": "[[0, 0, 0], [0, 0, 0], [0, 54, 65]]"
    },
    {
      "variant_id": "nl_n7182_gm_trim_bad_boundaryblocks_badattackwide_dual_n7_5b567b543eaf",
      "prediction_mode": "simple_pc1_gm_gate_t226",
      "bucket": "original_test_bad_outlier_stress",
      "n": 292,
      "acc": 0.09931506849315068,
      "macro_f1": 0.060228452751817235,
      "good_recall": 0.0,
      "medium_recall": 0.0,
      "bad_recall": 0.09931506849315068,
      "good_precision": 0.0,
      "medium_precision": 0.0,
      "bad_precision": 1.0,
      "good_f1": 0.0,
      "medium_f1": 0.0,
      "bad_f1": 0.1806853582554517,
      "support_good": 0,
      "support_medium": 0,
      "support_bad": 292,
      "confusion_3x3": "[[0, 0, 0], [0, 0, 0], [209, 54, 29]]"
    },
    {
      "variant_id": "nl_n7182_gm_trim_bad_boundaryblocks_badattackwide_dual_n7_5b567b543eaf",
      "prediction_mode": "simple_pc1_gm_gate_t226",
      "bucket": "original_test_drop_bad_outlier_reference",
      "n": 8185,
      "acc": 0.771411117898595,
      "macro_f1": 0.5908741563706318,
      "good_recall": 0.9266483516483517,
      "medium_recall": 0.64979665612291,
      "bad_recall": 0.5462184873949579,
      "good_precision": 0.7685121895648211,
      "medium_precision": 0.9058267716535433,
      "bad_precision": 0.10466988727858294,
      "good_f1": 0.8402042595590983,
      "medium_f1": 0.7567425338771214,
      "bad_f1": 0.17567567567567569,
      "support_good": 3640,
      "support_medium": 4426,
      "support_bad": 119,
      "confusion_3x3": "[[3373, 245, 22], [1016, 2876, 534], [0, 54, 65]]"
    },
    {
      "variant_id": "nl_n7182_gm_trim_bad_boundaryblocks_badattackwide_dual_n7_5b567b543eaf",
      "prediction_mode": "simple_pc1_gm_gate_t226",
      "bucket": "original_test_good_medium_overlap",
      "n": 7492,
      "acc": 0.7576081153230112,
      "macro_f1": 0.5205514583684603,
      "good_recall": 0.9258745141588006,
      "medium_recall": 0.6017994858611825,
      "bad_recall": 0.0,
      "good_precision": 0.7664904619627672,
      "medium_precision": 0.9052590873936581,
      "bad_precision": 0.0,
      "good_f1": 0.8386772287187225,
      "medium_f1": 0.7229771463866584,
      "bad_f1": 0.0,
      "support_good": 3602,
      "support_medium": 3890,
      "support_bad": 0,
      "confusion_3x3": "[[3335, 245, 22], [1016, 2341, 533], [0, 0, 0]]"
    },
    {
      "variant_id": "nl_n7182_gm_trim_bad_boundaryblocks_badattackwide_dual_n7_5b567b543eaf",
      "prediction_mode": "simple_pc1_gm_gate_t226",
      "bucket": "original_all_bad_core_near_boundary",
      "n": 4084,
      "acc": 0.9865328109696376,
      "macro_f1": 0.33107358560335265,
      "good_recall": 0.0,
      "medium_recall": 0.0,
      "bad_recall": 0.9865328109696376,
      "good_precision": 0.0,
      "medium_precision": 0.0,
      "bad_precision": 1.0,
      "good_f1": 0.0,
      "medium_f1": 0.0,
      "bad_f1": 0.993220756810058,
      "support_good": 0,
      "support_medium": 0,
      "support_bad": 4084,
      "confusion_3x3": "[[0, 0, 0], [0, 0, 0], [0, 55, 4029]]"
    },
    {
      "variant_id": "nl_n7182_gm_trim_bad_boundaryblocks_badattackwide_dual_n7_5b567b543eaf",
      "prediction_mode": "simple_pc1_gm_gate_t226",
      "bucket": "original_all_bad_outlier_stress",
      "n": 1201,
      "acc": 0.7218984179850125,
      "macro_f1": 0.27949709864603484,
      "good_recall": 0.0,
      "medium_recall": 0.0,
      "bad_recall": 0.7218984179850125,
      "good_precision": 0.0,
      "medium_precision": 0.0,
      "bad_precision": 1.0,
      "good_f1": 0.0,
      "medium_f1": 0.0,
      "bad_f1": 0.8384912959381045,
      "support_good": 0,
      "support_medium": 0,
      "support_bad": 1201,
      "confusion_3x3": "[[0, 0, 0], [0, 0, 0], [212, 122, 867]]"
    }
  ],
  "selection_note": "Original BUT is report-only; Clean/SemiClean/node diagnostic remains the selection source."
}