{
  "created_at": "2026-06-13T05:43:17",
  "variant_id": "nl_n7182_gm_trim_bad_boundaryblocks_badattackwide_core122_9c92624a97fe",
  "prediction_mode": "simple_pc1_gm_gate_t226",
  "metrics": [
    {
      "variant_id": "nl_n7182_gm_trim_bad_boundaryblocks_badattackwide_core122_9c92624a97fe",
      "prediction_mode": "simple_pc1_gm_gate_t226",
      "bucket": "original_all_10s+",
      "n": 32956,
      "acc": 0.8274972690860541,
      "macro_f1": 0.8367435999812681,
      "good_recall": 0.8102446752332336,
      "medium_recall": 0.808148287542341,
      "bad_recall": 0.9220435193945128,
      "good_precision": 0.8926886030124765,
      "medium_precision": 0.7195275194772556,
      "bad_precision": 0.878018018018018,
      "good_f1": 0.8494709645669292,
      "medium_f1": 0.7612674495900731,
      "bad_f1": 0.899492385786802,
      "support_good": 17043,
      "support_medium": 10628,
      "support_bad": 5285,
      "confusion_3x3": "[[13809, 3147, 87], [1449, 8589, 590], [211, 201, 4873]]"
    },
    {
      "variant_id": "nl_n7182_gm_trim_bad_boundaryblocks_badattackwide_core122_9c92624a97fe",
      "prediction_mode": "simple_pc1_gm_gate_t226",
      "bucket": "original_test_all_10s+",
      "n": 8477,
      "acc": 0.7456647398843931,
      "macro_f1": 0.5630085053670327,
      "good_recall": 0.9241758241758242,
      "medium_recall": 0.6543154089471306,
      "bad_recall": 0.14841849148418493,
      "good_precision": 0.7330573109609937,
      "medium_precision": 0.881851400730816,
      "bad_precision": 0.10099337748344371,
      "good_f1": 0.8175963057479645,
      "medium_f1": 0.7512321660181582,
      "bad_f1": 0.12019704433497537,
      "support_good": 3640,
      "support_medium": 4426,
      "support_bad": 411,
      "confusion_3x3": "[[3364, 247, 29], [1016, 2896, 514], [209, 141, 61]]"
    },
    {
      "variant_id": "nl_n7182_gm_trim_bad_boundaryblocks_badattackwide_core122_9c92624a97fe",
      "prediction_mode": "simple_pc1_gm_gate_t226",
      "bucket": "original_test_good_medium_only",
      "n": 8066,
      "acc": 0.7760971981155468,
      "macro_f1": 0.5347097750844626,
      "good_recall": 0.9241758241758242,
      "medium_recall": 0.6543154089471306,
      "bad_recall": 0.0,
      "good_precision": 0.7680365296803653,
      "medium_precision": 0.92141266306077,
      "bad_precision": 0.0,
      "good_f1": 0.8389027431421446,
      "medium_f1": 0.7652265821112433,
      "bad_f1": 0.0,
      "support_good": 3640,
      "support_medium": 4426,
      "support_bad": 0,
      "confusion_3x3": "[[3364, 247, 29], [1016, 2896, 514], [0, 0, 0]]"
    },
    {
      "variant_id": "nl_n7182_gm_trim_bad_boundaryblocks_badattackwide_core122_9c92624a97fe",
      "prediction_mode": "simple_pc1_gm_gate_t226",
      "bucket": "original_test_bad_core_near_boundary",
      "n": 119,
      "acc": 0.2857142857142857,
      "macro_f1": 0.14814814814814814,
      "good_recall": 0.0,
      "medium_recall": 0.0,
      "bad_recall": 0.2857142857142857,
      "good_precision": 0.0,
      "medium_precision": 0.0,
      "bad_precision": 1.0,
      "good_f1": 0.0,
      "medium_f1": 0.0,
      "bad_f1": 0.4444444444444444,
      "support_good": 0,
      "support_medium": 0,
      "support_bad": 119,
      "confusion_3x3": "[[0, 0, 0], [0, 0, 0], [0, 85, 34]]"
    },
    {
      "variant_id": "nl_n7182_gm_trim_bad_boundaryblocks_badattackwide_core122_9c92624a97fe",
      "prediction_mode": "simple_pc1_gm_gate_t226",
      "bucket": "original_test_bad_outlier_stress",
      "n": 292,
      "acc": 0.09246575342465753,
      "macro_f1": 0.05642633228840125,
      "good_recall": 0.0,
      "medium_recall": 0.0,
      "bad_recall": 0.09246575342465753,
      "good_precision": 0.0,
      "medium_precision": 0.0,
      "bad_precision": 1.0,
      "good_f1": 0.0,
      "medium_f1": 0.0,
      "bad_f1": 0.16927899686520376,
      "support_good": 0,
      "support_medium": 0,
      "support_bad": 292,
      "confusion_3x3": "[[0, 0, 0], [0, 0, 0], [209, 56, 27]]"
    },
    {
      "variant_id": "nl_n7182_gm_trim_bad_boundaryblocks_badattackwide_core122_9c92624a97fe",
      "prediction_mode": "simple_pc1_gm_gate_t226",
      "bucket": "original_test_drop_bad_outlier_reference",
      "n": 8185,
      "acc": 0.7689676237018938,
      "macro_f1": 0.5644441335123737,
      "good_recall": 0.9241758241758242,
      "medium_recall": 0.6543154089471306,
      "bad_recall": 0.2857142857142857,
      "good_precision": 0.7680365296803653,
      "medium_precision": 0.8971499380421314,
      "bad_precision": 0.058925476603119586,
      "good_f1": 0.8389027431421446,
      "medium_f1": 0.756728507969689,
      "bad_f1": 0.09770114942528736,
      "support_good": 3640,
      "support_medium": 4426,
      "support_bad": 119,
      "confusion_3x3": "[[3364, 247, 29], [1016, 2896, 514], [0, 85, 34]]"
    },
    {
      "variant_id": "nl_n7182_gm_trim_bad_boundaryblocks_badattackwide_core122_9c92624a97fe",
      "prediction_mode": "simple_pc1_gm_gate_t226",
      "bucket": "original_test_good_medium_overlap",
      "n": 7492,
      "acc": 0.759076348104645,
      "macro_f1": 0.521348888200785,
      "good_recall": 0.923375902276513,
      "medium_recall": 0.6069408740359897,
      "bad_recall": 0.0,
      "good_precision": 0.7660064486411792,
      "medium_precision": 0.9052914110429447,
      "bad_precision": 0.0,
      "good_f1": 0.8373615307150051,
      "medium_f1": 0.7266851338873499,
      "bad_f1": 0.0,
      "support_good": 3602,
      "support_medium": 3890,
      "support_bad": 0,
      "confusion_3x3": "[[3326, 247, 29], [1016, 2361, 513], [0, 0, 0]]"
    },
    {
      "variant_id": "nl_n7182_gm_trim_bad_boundaryblocks_badattackwide_core122_9c92624a97fe",
      "prediction_mode": "simple_pc1_gm_gate_t226",
      "bucket": "original_all_bad_core_near_boundary",
      "n": 4084,
      "acc": 0.9791870714985309,
      "macro_f1": 0.32982803414573797,
      "good_recall": 0.0,
      "medium_recall": 0.0,
      "bad_recall": 0.9791870714985309,
      "good_precision": 0.0,
      "medium_precision": 0.0,
      "bad_precision": 1.0,
      "good_f1": 0.0,
      "medium_f1": 0.0,
      "bad_f1": 0.9894841024372139,
      "support_good": 0,
      "support_medium": 0,
      "support_bad": 4084,
      "confusion_3x3": "[[0, 0, 0], [0, 0, 0], [0, 85, 3999]]"
    },
    {
      "variant_id": "nl_n7182_gm_trim_bad_boundaryblocks_badattackwide_core122_9c92624a97fe",
      "prediction_mode": "simple_pc1_gm_gate_t226",
      "bucket": "original_all_bad_outlier_stress",
      "n": 1201,
      "acc": 0.7277268942547876,
      "macro_f1": 0.28080321285140564,
      "good_recall": 0.0,
      "medium_recall": 0.0,
      "bad_recall": 0.7277268942547876,
      "good_precision": 0.0,
      "medium_precision": 0.0,
      "bad_precision": 1.0,
      "good_f1": 0.0,
      "medium_f1": 0.0,
      "bad_f1": 0.8424096385542169,
      "support_good": 0,
      "support_medium": 0,
      "support_bad": 1201,
      "confusion_3x3": "[[0, 0, 0], [0, 0, 0], [211, 116, 874]]"
    }
  ],
  "selection_note": "Original BUT is report-only; Clean/SemiClean/node diagnostic remains the selection source."
}