{
  "created_at": "2026-06-13T09:30:35",
  "variant_id": "nl_n7188_gm_trim_bad_boundaryblocks_badoutlier_visqrsnarr_a364001dc6cf",
  "prediction_mode": "raw_bad_veto_visibleqrs_precision",
  "metrics": [
    {
      "variant_id": "nl_n7188_gm_trim_bad_boundaryblocks_badoutlier_visqrsnarr_a364001dc6cf",
      "prediction_mode": "raw_bad_veto_visibleqrs_precision",
      "bucket": "original_all_10s+",
      "n": 32956,
      "acc": 0.793360844762714,
      "macro_f1": 0.8231937775932043,
      "good_recall": 0.6777562635686205,
      "medium_recall": 0.9009220925856228,
      "bad_recall": 0.9498580889309366,
      "good_precision": 0.9344713210905267,
      "medium_precision": 0.6282808398950132,
      "bad_precision": 0.9374416433239963,
      "good_f1": 0.785675418310434,
      "medium_f1": 0.740296891912788,
      "bad_f1": 0.943609022556391,
      "support_good": 17043,
      "support_medium": 10628,
      "support_bad": 5285,
      "confusion_3x3": "[[11551, 5425, 67], [785, 9575, 268], [25, 240, 5020]]"
    },
    {
      "variant_id": "nl_n7188_gm_trim_bad_boundaryblocks_badoutlier_visqrsnarr_a364001dc6cf",
      "prediction_mode": "raw_bad_veto_visibleqrs_precision",
      "bucket": "original_test_all_10s+",
      "n": 8477,
      "acc": 0.8016987141677481,
      "macro_f1": 0.7086441522888007,
      "good_recall": 0.7516483516483516,
      "medium_recall": 0.8700858563036602,
      "bad_recall": 0.5085158150851582,
      "good_precision": 0.8763613068545804,
      "medium_precision": 0.7832011389058369,
      "bad_precision": 0.4771689497716895,
      "good_f1": 0.8092280390417036,
      "medium_f1": 0.8243604837846517,
      "bad_f1": 0.4923439340400471,
      "support_good": 3640,
      "support_medium": 4426,
      "support_bad": 411,
      "confusion_3x3": "[[2736, 888, 16], [362, 3851, 213], [24, 178, 209]]"
    },
    {
      "variant_id": "nl_n7188_gm_trim_bad_boundaryblocks_badoutlier_visqrsnarr_a364001dc6cf",
      "prediction_mode": "raw_bad_veto_visibleqrs_precision",
      "bucket": "original_test_good_medium_only",
      "n": 8066,
      "acc": 0.8166377386560872,
      "macro_f1": 0.5508271316876686,
      "good_recall": 0.7516483516483516,
      "medium_recall": 0.8700858563036602,
      "bad_recall": 0.0,
      "good_precision": 0.8831504196255648,
      "medium_precision": 0.8126186959274109,
      "bad_precision": 0.0,
      "good_f1": 0.8121104185218165,
      "medium_f1": 0.8403709765411893,
      "bad_f1": 0.0,
      "support_good": 3640,
      "support_medium": 4426,
      "support_bad": 0,
      "confusion_3x3": "[[2736, 888, 16], [362, 3851, 213], [0, 0, 0]]"
    },
    {
      "variant_id": "nl_n7188_gm_trim_bad_boundaryblocks_badoutlier_visqrsnarr_a364001dc6cf",
      "prediction_mode": "raw_bad_veto_visibleqrs_precision",
      "bucket": "original_test_bad_core_near_boundary",
      "n": 119,
      "acc": 1.0,
      "macro_f1": 0.3333333333333333,
      "good_recall": 0.0,
      "medium_recall": 0.0,
      "bad_recall": 1.0,
      "good_precision": 0.0,
      "medium_precision": 0.0,
      "bad_precision": 1.0,
      "good_f1": 0.0,
      "medium_f1": 0.0,
      "bad_f1": 1.0,
      "support_good": 0,
      "support_medium": 0,
      "support_bad": 119,
      "confusion_3x3": "[[0, 0, 0], [0, 0, 0], [0, 0, 119]]"
    },
    {
      "variant_id": "nl_n7188_gm_trim_bad_boundaryblocks_badoutlier_visqrsnarr_a364001dc6cf",
      "prediction_mode": "raw_bad_veto_visibleqrs_precision",
      "bucket": "original_test_bad_outlier_stress",
      "n": 292,
      "acc": 0.3082191780821918,
      "macro_f1": 0.15706806282722513,
      "good_recall": 0.0,
      "medium_recall": 0.0,
      "bad_recall": 0.3082191780821918,
      "good_precision": 0.0,
      "medium_precision": 0.0,
      "bad_precision": 1.0,
      "good_f1": 0.0,
      "medium_f1": 0.0,
      "bad_f1": 0.4712041884816754,
      "support_good": 0,
      "support_medium": 0,
      "support_bad": 292,
      "confusion_3x3": "[[0, 0, 0], [0, 0, 0], [24, 178, 90]]"
    },
    {
      "variant_id": "nl_n7188_gm_trim_bad_boundaryblocks_badoutlier_visqrsnarr_a364001dc6cf",
      "prediction_mode": "raw_bad_veto_visibleqrs_precision",
      "bucket": "original_test_drop_bad_outlier_reference",
      "n": 8185,
      "acc": 0.8193036041539401,
      "macro_f1": 0.7207057897890247,
      "good_recall": 0.7516483516483516,
      "medium_recall": 0.8700858563036602,
      "bad_recall": 1.0,
      "good_precision": 0.8831504196255648,
      "medium_precision": 0.8126186959274109,
      "bad_precision": 0.34195402298850575,
      "good_f1": 0.8121104185218165,
      "medium_f1": 0.8403709765411893,
      "bad_f1": 0.5096359743040685,
      "support_good": 3640,
      "support_medium": 4426,
      "support_bad": 119,
      "confusion_3x3": "[[2736, 888, 16], [362, 3851, 213], [0, 0, 119]]"
    },
    {
      "variant_id": "nl_n7188_gm_trim_bad_boundaryblocks_badoutlier_visqrsnarr_a364001dc6cf",
      "prediction_mode": "raw_bad_veto_visibleqrs_precision",
      "bucket": "original_test_good_medium_overlap",
      "n": 7492,
      "acc": 0.8047250400427123,
      "macro_f1": 0.5439221685614583,
      "good_recall": 0.7490283176013326,
      "medium_recall": 0.8562982005141389,
      "bad_recall": 0.0,
      "good_precision": 0.882275997383911,
      "medium_precision": 0.7895235837876274,
      "bad_precision": 0.0,
      "good_f1": 0.8102102102102102,
      "medium_f1": 0.8215562954741645,
      "bad_f1": 0.0,
      "support_good": 3602,
      "support_medium": 3890,
      "support_bad": 0,
      "confusion_3x3": "[[2698, 888, 16], [360, 3331, 199], [0, 0, 0]]"
    },
    {
      "variant_id": "nl_n7188_gm_trim_bad_boundaryblocks_badoutlier_visqrsnarr_a364001dc6cf",
      "prediction_mode": "raw_bad_veto_visibleqrs_precision",
      "bucket": "original_all_bad_core_near_boundary",
      "n": 4084,
      "acc": 0.9997551420176298,
      "macro_f1": 0.3332925186727072,
      "good_recall": 0.0,
      "medium_recall": 0.0,
      "bad_recall": 0.9997551420176298,
      "good_precision": 0.0,
      "medium_precision": 0.0,
      "bad_precision": 1.0,
      "good_f1": 0.0,
      "medium_f1": 0.0,
      "bad_f1": 0.9998775560181217,
      "support_good": 0,
      "support_medium": 0,
      "support_bad": 4084,
      "confusion_3x3": "[[0, 0, 0], [0, 0, 0], [0, 1, 4083]]"
    },
    {
      "variant_id": "nl_n7188_gm_trim_bad_boundaryblocks_badoutlier_visqrsnarr_a364001dc6cf",
      "prediction_mode": "raw_bad_veto_visibleqrs_precision",
      "bucket": "original_all_bad_outlier_stress",
      "n": 1201,
      "acc": 0.7801831806827644,
      "macro_f1": 0.29217337075148114,
      "good_recall": 0.0,
      "medium_recall": 0.0,
      "bad_recall": 0.7801831806827644,
      "good_precision": 0.0,
      "medium_precision": 0.0,
      "bad_precision": 1.0,
      "good_f1": 0.0,
      "medium_f1": 0.0,
      "bad_f1": 0.8765201122544434,
      "support_good": 0,
      "support_medium": 0,
      "support_bad": 1201,
      "confusion_3x3": "[[0, 0, 0], [0, 0, 0], [25, 239, 937]]"
    }
  ],
  "selection_note": "Original BUT is report-only; Clean/SemiClean/node diagnostic remains the selection source."
}