{
  "created_at": "2026-06-13T19:33:46",
  "variant_id": "nl_n11200_gm_trim_bad_boundaryblocks_n10000shell_thinprob_84079be0011f",
  "prediction_mode": "rawbad_feature_pc1_qrsprom_visiblegood_wavegood_axis_diagnostic",
  "metrics": [
    {
      "variant_id": "nl_n11200_gm_trim_bad_boundaryblocks_n10000shell_thinprob_84079be0011f",
      "prediction_mode": "rawbad_feature_pc1_qrsprom_visiblegood_wavegood_axis_diagnostic",
      "bucket": "original_all_10s+",
      "n": 32956,
      "acc": 0.8234312416555407,
      "macro_f1": 0.8478878136341379,
      "good_recall": 0.7254591327817872,
      "medium_recall": 0.9113662024840045,
      "bad_recall": 0.9625354777672659,
      "good_precision": 0.9472151995709799,
      "medium_precision": 0.6686455888444015,
      "bad_precision": 0.9390806719586487,
      "good_f1": 0.8216374269005848,
      "medium_f1": 0.7713625866050808,
      "bad_f1": 0.9506634273967483,
      "support_good": 17043,
      "support_medium": 10628,
      "support_bad": 5285,
      "confusion_3x3": "[[12364, 4614, 65], [677, 9686, 265], [12, 186, 5087]]"
    },
    {
      "variant_id": "nl_n11200_gm_trim_bad_boundaryblocks_n10000shell_thinprob_84079be0011f",
      "prediction_mode": "rawbad_feature_pc1_qrsprom_visiblegood_wavegood_axis_diagnostic",
      "bucket": "original_test_all_10s+",
      "n": 8477,
      "acc": 0.8921788368526601,
      "macro_f1": 0.8012274793478212,
      "good_recall": 0.9076923076923077,
      "medium_recall": 0.9023949389968369,
      "bad_recall": 0.6447688564476886,
      "good_precision": 0.9362425616321904,
      "medium_precision": 0.897931654676259,
      "bad_precision": 0.53,
      "good_f1": 0.9217464081461849,
      "medium_f1": 0.9001577642551274,
      "bad_f1": 0.5817782656421515,
      "support_good": 3640,
      "support_medium": 4426,
      "support_bad": 411,
      "confusion_3x3": "[[3304, 320, 16], [213, 3994, 219], [12, 134, 265]]"
    },
    {
      "variant_id": "nl_n11200_gm_trim_bad_boundaryblocks_n10000shell_thinprob_84079be0011f",
      "prediction_mode": "rawbad_feature_pc1_qrsprom_visiblegood_wavegood_axis_diagnostic",
      "bucket": "original_test_good_medium_only",
      "n": 8066,
      "acc": 0.9047855194644185,
      "macro_f1": 0.6124168973807148,
      "good_recall": 0.9076923076923077,
      "medium_recall": 0.9023949389968369,
      "bad_recall": 0.0,
      "good_precision": 0.93943702018766,
      "medium_precision": 0.9258229021789522,
      "bad_precision": 0.0,
      "good_f1": 0.9232918820734944,
      "medium_f1": 0.9139588100686499,
      "bad_f1": 0.0,
      "support_good": 3640,
      "support_medium": 4426,
      "support_bad": 0,
      "confusion_3x3": "[[3304, 320, 16], [213, 3994, 219], [0, 0, 0]]"
    },
    {
      "variant_id": "nl_n11200_gm_trim_bad_boundaryblocks_n10000shell_thinprob_84079be0011f",
      "prediction_mode": "rawbad_feature_pc1_qrsprom_visiblegood_wavegood_axis_diagnostic",
      "bucket": "original_test_bad_core_near_boundary",
      "n": 119,
      "acc": 1.0,
      "macro_f1": 0.3333333333333333,
      "good_recall": 0.0,
      "medium_recall": 0.0,
      "bad_recall": 1.0,
      "good_precision": 0.0,
      "medium_precision": 0.0,
      "bad_precision": 1.0,
      "good_f1": 0.0,
      "medium_f1": 0.0,
      "bad_f1": 1.0,
      "support_good": 0,
      "support_medium": 0,
      "support_bad": 119,
      "confusion_3x3": "[[0, 0, 0], [0, 0, 0], [0, 0, 119]]"
    },
    {
      "variant_id": "nl_n11200_gm_trim_bad_boundaryblocks_n10000shell_thinprob_84079be0011f",
      "prediction_mode": "rawbad_feature_pc1_qrsprom_visiblegood_wavegood_axis_diagnostic",
      "bucket": "original_test_bad_outlier_stress",
      "n": 292,
      "acc": 0.5,
      "macro_f1": 0.2222222222222222,
      "good_recall": 0.0,
      "medium_recall": 0.0,
      "bad_recall": 0.5,
      "good_precision": 0.0,
      "medium_precision": 0.0,
      "bad_precision": 1.0,
      "good_f1": 0.0,
      "medium_f1": 0.0,
      "bad_f1": 0.6666666666666666,
      "support_good": 0,
      "support_medium": 0,
      "support_bad": 292,
      "confusion_3x3": "[[0, 0, 0], [0, 0, 0], [12, 134, 146]]"
    },
    {
      "variant_id": "nl_n11200_gm_trim_bad_boundaryblocks_n10000shell_thinprob_84079be0011f",
      "prediction_mode": "rawbad_feature_pc1_qrsprom_visiblegood_wavegood_axis_diagnostic",
      "bucket": "original_test_drop_bad_outlier_reference",
      "n": 8185,
      "acc": 0.9061698228466707,
      "macro_f1": 0.7801406464998127,
      "good_recall": 0.9076923076923077,
      "medium_recall": 0.9023949389968369,
      "bad_recall": 1.0,
      "good_precision": 0.93943702018766,
      "medium_precision": 0.9258229021789522,
      "bad_precision": 0.3361581920903955,
      "good_f1": 0.9232918820734944,
      "medium_f1": 0.9139588100686499,
      "bad_f1": 0.5031712473572939,
      "support_good": 3640,
      "support_medium": 4426,
      "support_bad": 119,
      "confusion_3x3": "[[3304, 320, 16], [213, 3994, 219], [0, 0, 119]]"
    },
    {
      "variant_id": "nl_n11200_gm_trim_bad_boundaryblocks_n10000shell_thinprob_84079be0011f",
      "prediction_mode": "rawbad_feature_pc1_qrsprom_visiblegood_wavegood_axis_diagnostic",
      "bucket": "original_test_good_medium_overlap",
      "n": 7492,
      "acc": 0.8974906567004806,
      "macro_f1": 0.6081328923325591,
      "good_recall": 0.9067184897279289,
      "medium_recall": 0.8889460154241645,
      "bad_recall": 0.0,
      "good_precision": 0.9387755102040817,
      "medium_precision": 0.915299100052938,
      "bad_precision": 0.0,
      "good_f1": 0.9224685778844796,
      "medium_f1": 0.9019300991131977,
      "bad_f1": 0.0,
      "support_good": 3602,
      "support_medium": 3890,
      "support_bad": 0,
      "confusion_3x3": "[[3266, 320, 16], [213, 3458, 219], [0, 0, 0]]"
    },
    {
      "variant_id": "nl_n11200_gm_trim_bad_boundaryblocks_n10000shell_thinprob_84079be0011f",
      "prediction_mode": "rawbad_feature_pc1_qrsprom_visiblegood_wavegood_axis_diagnostic",
      "bucket": "original_all_bad_core_near_boundary",
      "n": 4084,
      "acc": 1.0,
      "macro_f1": 0.3333333333333333,
      "good_recall": 0.0,
      "medium_recall": 0.0,
      "bad_recall": 1.0,
      "good_precision": 0.0,
      "medium_precision": 0.0,
      "bad_precision": 1.0,
      "good_f1": 0.0,
      "medium_f1": 0.0,
      "bad_f1": 1.0,
      "support_good": 0,
      "support_medium": 0,
      "support_bad": 4084,
      "confusion_3x3": "[[0, 0, 0], [0, 0, 0], [0, 0, 4084]]"
    },
    {
      "variant_id": "nl_n11200_gm_trim_bad_boundaryblocks_n10000shell_thinprob_84079be0011f",
      "prediction_mode": "rawbad_feature_pc1_qrsprom_visiblegood_wavegood_axis_diagnostic",
      "bucket": "original_all_bad_outlier_stress",
      "n": 1201,
      "acc": 0.8351373855120733,
      "macro_f1": 0.30338777979431336,
      "good_recall": 0.0,
      "medium_recall": 0.0,
      "bad_recall": 0.8351373855120733,
      "good_precision": 0.0,
      "medium_precision": 0.0,
      "bad_precision": 1.0,
      "good_f1": 0.0,
      "medium_f1": 0.0,
      "bad_f1": 0.9101633393829401,
      "support_good": 0,
      "support_medium": 0,
      "support_bad": 1201,
      "confusion_3x3": "[[0, 0, 0], [0, 0, 0], [12, 186, 1003]]"
    }
  ],
  "selection_note": "Original BUT is report-only; Clean/SemiClean/node diagnostic remains the selection source."
}