{
  "created_at": "2026-06-12T02:30:01",
  "variant_id": "nl_n7160_gm_trim_bad_boundaryblocks_breakthrough_mediumgu_35ddcfe3c52a",
  "prediction_mode": "medium_guarded_pmed001",
  "metrics": [
    {
      "variant_id": "nl_n7160_gm_trim_bad_boundaryblocks_breakthrough_mediumgu_35ddcfe3c52a",
      "prediction_mode": "medium_guarded_pmed001",
      "bucket": "original_all_10s+",
      "n": 32956,
      "acc": 0.8278613909455032,
      "macro_f1": 0.8499642353630913,
      "good_recall": 0.7980989262453794,
      "medium_recall": 0.8351524275498683,
      "bad_recall": 0.9091769157994324,
      "good_precision": 0.8826735885788449,
      "medium_precision": 0.6970315690277996,
      "bad_precision": 0.9985453034081463,
      "good_f1": 0.8382584044618371,
      "medium_f1": 0.7598664497902576,
      "bad_f1": 0.9517678518371794,
      "support_good": 17043,
      "support_medium": 10628,
      "support_bad": 5285,
      "confusion_3x3": "[[13602, 3438, 3], [1748, 8876, 4], [60, 420, 4805]]"
    },
    {
      "variant_id": "nl_n7160_gm_trim_bad_boundaryblocks_breakthrough_mediumgu_35ddcfe3c52a",
      "prediction_mode": "medium_guarded_pmed001",
      "bucket": "original_test_all_10s+",
      "n": 8477,
      "acc": 0.7379969328771971,
      "macro_f1": 0.5011852664768348,
      "good_recall": 0.6774725274725275,
      "medium_recall": 0.8563036601897877,
      "bad_recall": 0.0,
      "good_precision": 0.7813688212927756,
      "medium_precision": 0.7125399511186313,
      "bad_precision": 0.0,
      "good_f1": 0.7257210123602119,
      "medium_f1": 0.7778347870702924,
      "bad_f1": 0.0,
      "support_good": 3640,
      "support_medium": 4426,
      "support_bad": 411,
      "confusion_3x3": "[[2466, 1174, 0], [634, 3790, 2], [56, 355, 0]]"
    },
    {
      "variant_id": "nl_n7160_gm_trim_bad_boundaryblocks_breakthrough_mediumgu_35ddcfe3c52a",
      "prediction_mode": "medium_guarded_pmed001",
      "bucket": "original_test_good_medium_only",
      "n": 8066,
      "acc": 0.7756012893627573,
      "macro_f1": 0.5129974961262113,
      "good_recall": 0.6774725274725275,
      "medium_recall": 0.8563036601897877,
      "bad_recall": 0.0,
      "good_precision": 0.795483870967742,
      "medium_precision": 0.7634971796937954,
      "bad_precision": 0.0,
      "good_f1": 0.7317507418397626,
      "medium_f1": 0.8072417465388712,
      "bad_f1": 0.0,
      "support_good": 3640,
      "support_medium": 4426,
      "support_bad": 0,
      "confusion_3x3": "[[2466, 1174, 0], [634, 3790, 2], [0, 0, 0]]"
    },
    {
      "variant_id": "nl_n7160_gm_trim_bad_boundaryblocks_breakthrough_mediumgu_35ddcfe3c52a",
      "prediction_mode": "medium_guarded_pmed001",
      "bucket": "original_test_bad_core_near_boundary",
      "n": 119,
      "acc": 0.0,
      "macro_f1": 0.0,
      "good_recall": 0.0,
      "medium_recall": 0.0,
      "bad_recall": 0.0,
      "good_precision": 0.0,
      "medium_precision": 0.0,
      "bad_precision": 0.0,
      "good_f1": 0.0,
      "medium_f1": 0.0,
      "bad_f1": 0.0,
      "support_good": 0,
      "support_medium": 0,
      "support_bad": 119,
      "confusion_3x3": "[[0, 0, 0], [0, 0, 0], [0, 119, 0]]"
    },
    {
      "variant_id": "nl_n7160_gm_trim_bad_boundaryblocks_breakthrough_mediumgu_35ddcfe3c52a",
      "prediction_mode": "medium_guarded_pmed001",
      "bucket": "original_test_bad_outlier_stress",
      "n": 292,
      "acc": 0.0,
      "macro_f1": 0.0,
      "good_recall": 0.0,
      "medium_recall": 0.0,
      "bad_recall": 0.0,
      "good_precision": 0.0,
      "medium_precision": 0.0,
      "bad_precision": 0.0,
      "good_f1": 0.0,
      "medium_f1": 0.0,
      "bad_f1": 0.0,
      "support_good": 0,
      "support_medium": 0,
      "support_bad": 292,
      "confusion_3x3": "[[0, 0, 0], [0, 0, 0], [56, 236, 0]]"
    },
    {
      "variant_id": "nl_n7160_gm_trim_bad_boundaryblocks_breakthrough_mediumgu_35ddcfe3c52a",
      "prediction_mode": "medium_guarded_pmed001",
      "bucket": "original_test_drop_bad_outlier_reference",
      "n": 8185,
      "acc": 0.7643249847281612,
      "macro_f1": 0.5096300979477093,
      "good_recall": 0.6774725274725275,
      "medium_recall": 0.8563036601897877,
      "bad_recall": 0.0,
      "good_precision": 0.795483870967742,
      "medium_precision": 0.7456226637812315,
      "bad_precision": 0.0,
      "good_f1": 0.7317507418397626,
      "medium_f1": 0.7971395520033653,
      "bad_f1": 0.0,
      "support_good": 3640,
      "support_medium": 4426,
      "support_bad": 119,
      "confusion_3x3": "[[2466, 1174, 0], [634, 3790, 2], [0, 119, 0]]"
    },
    {
      "variant_id": "nl_n7160_gm_trim_bad_boundaryblocks_breakthrough_mediumgu_35ddcfe3c52a",
      "prediction_mode": "medium_guarded_pmed001",
      "bucket": "original_test_good_medium_overlap",
      "n": 7492,
      "acc": 0.7589428723972237,
      "macro_f1": 0.5040379961793083,
      "good_recall": 0.674069961132704,
      "medium_recall": 0.8375321336760926,
      "bad_recall": 0.0,
      "good_precision": 0.7939829954218444,
      "medium_precision": 0.7351083032490975,
      "bad_precision": 0.0,
      "good_f1": 0.7291291291291291,
      "medium_f1": 0.7829848594087959,
      "bad_f1": 0.0,
      "support_good": 3602,
      "support_medium": 3890,
      "support_bad": 0,
      "confusion_3x3": "[[2428, 1174, 0], [630, 3258, 2], [0, 0, 0]]"
    },
    {
      "variant_id": "nl_n7160_gm_trim_bad_boundaryblocks_breakthrough_mediumgu_35ddcfe3c52a",
      "prediction_mode": "medium_guarded_pmed001",
      "bucket": "original_all_bad_core_near_boundary",
      "n": 4084,
      "acc": 0.9708619000979432,
      "macro_f1": 0.3284051849090984,
      "good_recall": 0.0,
      "medium_recall": 0.0,
      "bad_recall": 0.9708619000979432,
      "good_precision": 0.0,
      "medium_precision": 0.0,
      "bad_precision": 1.0,
      "good_f1": 0.0,
      "medium_f1": 0.0,
      "bad_f1": 0.9852155547272953,
      "support_good": 0,
      "support_medium": 0,
      "support_bad": 4084,
      "confusion_3x3": "[[0, 0, 0], [0, 0, 0], [0, 119, 3965]]"
    },
    {
      "variant_id": "nl_n7160_gm_trim_bad_boundaryblocks_breakthrough_mediumgu_35ddcfe3c52a",
      "prediction_mode": "medium_guarded_pmed001",
      "bucket": "original_all_bad_outlier_stress",
      "n": 1201,
      "acc": 0.6994171523730225,
      "macro_f1": 0.27437530622244,
      "good_recall": 0.0,
      "medium_recall": 0.0,
      "bad_recall": 0.6994171523730225,
      "good_precision": 0.0,
      "medium_precision": 0.0,
      "bad_precision": 1.0,
      "good_f1": 0.0,
      "medium_f1": 0.0,
      "bad_f1": 0.82312591866732,
      "support_good": 0,
      "support_medium": 0,
      "support_bad": 1201,
      "confusion_3x3": "[[0, 0, 0], [0, 0, 0], [60, 301, 840]]"
    }
  ],
  "selection_note": "Original BUT is report-only; Clean/SemiClean/node diagnostic remains the selection source."
}