{
  "created_at": "2026-06-13T07:54:37",
  "variant_id": "nl_n7186_gm_trim_bad_boundaryblocks_badoutlier_recall_gua_7cd9d3f2aac9",
  "prediction_mode": "simple_pc1_gm_gate_t226",
  "metrics": [
    {
      "variant_id": "nl_n7186_gm_trim_bad_boundaryblocks_badoutlier_recall_gua_7cd9d3f2aac9",
      "prediction_mode": "simple_pc1_gm_gate_t226",
      "bucket": "original_all_10s+",
      "n": 32956,
      "acc": 0.8311081441922563,
      "macro_f1": 0.8422634556902274,
      "good_recall": 0.8103620254650002,
      "medium_recall": 0.8097478359051562,
      "bad_recall": 0.9409649952696311,
      "good_precision": 0.8925294041618198,
      "medium_precision": 0.7255711997302082,
      "bad_precision": 0.8847180217043231,
      "good_f1": 0.8494633576283175,
      "medium_f1": 0.765351949842145,
      "bad_f1": 0.9119750596002201,
      "support_good": 17043,
      "support_medium": 10628,
      "support_bad": 5285,
      "confusion_3x3": "[[13811, 3147, 85], [1459, 8606, 563], [204, 108, 4973]]"
    },
    {
      "variant_id": "nl_n7186_gm_trim_bad_boundaryblocks_badoutlier_recall_gua_7cd9d3f2aac9",
      "prediction_mode": "simple_pc1_gm_gate_t226",
      "bucket": "original_test_all_10s+",
      "n": 8477,
      "acc": 0.7604105225905391,
      "macro_f1": 0.6246311526610177,
      "good_recall": 0.9258241758241759,
      "medium_recall": 0.6597379123361952,
      "bad_recall": 0.3795620437956204,
      "good_precision": 0.7327679930419656,
      "medium_precision": 0.9065507606333437,
      "bad_precision": 0.2374429223744292,
      "good_f1": 0.8180604442286685,
      "medium_f1": 0.76369818229371,
      "bad_f1": 0.29213483146067415,
      "support_good": 3640,
      "support_medium": 4426,
      "support_bad": 411,
      "confusion_3x3": "[[3370, 247, 23], [1028, 2920, 478], [201, 54, 156]]"
    },
    {
      "variant_id": "nl_n7186_gm_trim_bad_boundaryblocks_badoutlier_recall_gua_7cd9d3f2aac9",
      "prediction_mode": "simple_pc1_gm_gate_t226",
      "bucket": "original_test_good_medium_only",
      "n": 8066,
      "acc": 0.7798165137614679,
      "macro_f1": 0.5358821684622609,
      "good_recall": 0.9258241758241759,
      "medium_recall": 0.6597379123361952,
      "bad_recall": 0.0,
      "good_precision": 0.7662573897226012,
      "medium_precision": 0.9220082096621408,
      "bad_precision": 0.0,
      "good_f1": 0.8385170440408062,
      "medium_f1": 0.7691294613459766,
      "bad_f1": 0.0,
      "support_good": 3640,
      "support_medium": 4426,
      "support_bad": 0,
      "confusion_3x3": "[[3370, 247, 23], [1028, 2920, 478], [0, 0, 0]]"
    },
    {
      "variant_id": "nl_n7186_gm_trim_bad_boundaryblocks_badoutlier_recall_gua_7cd9d3f2aac9",
      "prediction_mode": "simple_pc1_gm_gate_t226",
      "bucket": "original_test_bad_core_near_boundary",
      "n": 119,
      "acc": 1.0,
      "macro_f1": 0.3333333333333333,
      "good_recall": 0.0,
      "medium_recall": 0.0,
      "bad_recall": 1.0,
      "good_precision": 0.0,
      "medium_precision": 0.0,
      "bad_precision": 1.0,
      "good_f1": 0.0,
      "medium_f1": 0.0,
      "bad_f1": 1.0,
      "support_good": 0,
      "support_medium": 0,
      "support_bad": 119,
      "confusion_3x3": "[[0, 0, 0], [0, 0, 0], [0, 0, 119]]"
    },
    {
      "variant_id": "nl_n7186_gm_trim_bad_boundaryblocks_badoutlier_recall_gua_7cd9d3f2aac9",
      "prediction_mode": "simple_pc1_gm_gate_t226",
      "bucket": "original_test_bad_outlier_stress",
      "n": 292,
      "acc": 0.1267123287671233,
      "macro_f1": 0.07497467071935157,
      "good_recall": 0.0,
      "medium_recall": 0.0,
      "bad_recall": 0.1267123287671233,
      "good_precision": 0.0,
      "medium_precision": 0.0,
      "bad_precision": 1.0,
      "good_f1": 0.0,
      "medium_f1": 0.0,
      "bad_f1": 0.22492401215805471,
      "support_good": 0,
      "support_medium": 0,
      "support_bad": 292,
      "confusion_3x3": "[[0, 0, 0], [0, 0, 0], [201, 54, 37]]"
    },
    {
      "variant_id": "nl_n7186_gm_trim_bad_boundaryblocks_badoutlier_recall_gua_7cd9d3f2aac9",
      "prediction_mode": "simple_pc1_gm_gate_t226",
      "bucket": "original_test_drop_bad_outlier_reference",
      "n": 8185,
      "acc": 0.7830177153329261,
      "macro_f1": 0.6432344463152154,
      "good_recall": 0.9258241758241759,
      "medium_recall": 0.6597379123361952,
      "bad_recall": 1.0,
      "good_precision": 0.7662573897226012,
      "medium_precision": 0.9220082096621408,
      "bad_precision": 0.19193548387096773,
      "good_f1": 0.8385170440408062,
      "medium_f1": 0.7691294613459766,
      "bad_f1": 0.32205683355886333,
      "support_good": 3640,
      "support_medium": 4426,
      "support_bad": 119,
      "confusion_3x3": "[[3370, 247, 23], [1028, 2920, 478], [0, 0, 119]]"
    },
    {
      "variant_id": "nl_n7186_gm_trim_bad_boundaryblocks_badoutlier_recall_gua_7cd9d3f2aac9",
      "prediction_mode": "simple_pc1_gm_gate_t226",
      "bucket": "original_test_good_medium_overlap",
      "n": 7492,
      "acc": 0.7630806193272824,
      "macro_f1": 0.522782126477647,
      "good_recall": 0.9250416435313714,
      "medium_recall": 0.6131105398457584,
      "bad_recall": 0.0,
      "good_precision": 0.7642201834862385,
      "medium_precision": 0.9061550151975684,
      "bad_precision": 0.0,
      "good_f1": 0.836975634262748,
      "medium_f1": 0.7313707451701932,
      "bad_f1": 0.0,
      "support_good": 3602,
      "support_medium": 3890,
      "support_bad": 0,
      "confusion_3x3": "[[3332, 247, 23], [1028, 2385, 477], [0, 0, 0]]"
    },
    {
      "variant_id": "nl_n7186_gm_trim_bad_boundaryblocks_badoutlier_recall_gua_7cd9d3f2aac9",
      "prediction_mode": "simple_pc1_gm_gate_t226",
      "bucket": "original_all_bad_core_near_boundary",
      "n": 4084,
      "acc": 0.9997551420176298,
      "macro_f1": 0.3332925186727072,
      "good_recall": 0.0,
      "medium_recall": 0.0,
      "bad_recall": 0.9997551420176298,
      "good_precision": 0.0,
      "medium_precision": 0.0,
      "bad_precision": 1.0,
      "good_f1": 0.0,
      "medium_f1": 0.0,
      "bad_f1": 0.9998775560181217,
      "support_good": 0,
      "support_medium": 0,
      "support_bad": 4084,
      "confusion_3x3": "[[0, 0, 0], [0, 0, 0], [0, 1, 4083]]"
    },
    {
      "variant_id": "nl_n7186_gm_trim_bad_boundaryblocks_badoutlier_recall_gua_7cd9d3f2aac9",
      "prediction_mode": "simple_pc1_gm_gate_t226",
      "bucket": "original_all_bad_outlier_stress",
      "n": 1201,
      "acc": 0.7410491257285595,
      "macro_f1": 0.28375577873425795,
      "good_recall": 0.0,
      "medium_recall": 0.0,
      "bad_recall": 0.7410491257285595,
      "good_precision": 0.0,
      "medium_precision": 0.0,
      "bad_precision": 1.0,
      "good_f1": 0.0,
      "medium_f1": 0.0,
      "bad_f1": 0.8512673362027738,
      "support_good": 0,
      "support_medium": 0,
      "support_bad": 1201,
      "confusion_3x3": "[[0, 0, 0], [0, 0, 0], [204, 107, 890]]"
    }
  ],
  "selection_note": "Original BUT is report-only; Clean/SemiClean/node diagnostic remains the selection source."
}