{
  "created_at": "2026-06-13T05:43:39",
  "variant_id": "nl_n7182_gm_trim_bad_boundaryblocks_badattackwide_dual_n7_5b567b543eaf",
  "prediction_mode": "simple_pc1_gm_gate_t254",
  "metrics": [
    {
      "variant_id": "nl_n7182_gm_trim_bad_boundaryblocks_badattackwide_dual_n7_5b567b543eaf",
      "prediction_mode": "simple_pc1_gm_gate_t254",
      "bucket": "original_all_10s+",
      "n": 32956,
      "acc": 0.8119614030828984,
      "macro_f1": 0.8246714633895995,
      "good_recall": 0.7677638913336854,
      "medium_recall": 0.8259315016936395,
      "bad_recall": 0.92639545884579,
      "good_precision": 0.9022893394014618,
      "medium_precision": 0.6858884200656352,
      "bad_precision": 0.8656294200848657,
      "good_f1": 0.8296084957996513,
      "medium_f1": 0.7494237172372578,
      "bad_f1": 0.8949821771318892,
      "support_good": 17043,
      "support_medium": 10628,
      "support_bad": 5285,
      "confusion_3x3": "[[13085, 3830, 128], [1218, 8778, 632], [199, 190, 4896]]"
    },
    {
      "variant_id": "nl_n7182_gm_trim_bad_boundaryblocks_badattackwide_dual_n7_5b567b543eaf",
      "prediction_mode": "simple_pc1_gm_gate_t254",
      "bucket": "original_test_all_10s+",
      "n": 8477,
      "acc": 0.7571074672643624,
      "macro_f1": 0.5893277543027454,
      "good_recall": 0.914010989010989,
      "medium_recall": 0.6771351107094442,
      "bad_recall": 0.22871046228710462,
      "good_precision": 0.7530556813037573,
      "medium_precision": 0.8791434438251686,
      "bad_precision": 0.14461538461538462,
      "good_f1": 0.8257632166790767,
      "medium_f1": 0.7650287172941928,
      "bad_f1": 0.177191328934967,
      "support_good": 3640,
      "support_medium": 4426,
      "support_bad": 411,
      "confusion_3x3": "[[3327, 291, 22], [895, 2997, 534], [196, 121, 94]]"
    },
    {
      "variant_id": "nl_n7182_gm_trim_bad_boundaryblocks_badattackwide_dual_n7_5b567b543eaf",
      "prediction_mode": "simple_pc1_gm_gate_t254",
      "bucket": "original_test_good_medium_only",
      "n": 8066,
      "acc": 0.7840317381601786,
      "macro_f1": 0.5411261027418325,
      "good_recall": 0.914010989010989,
      "medium_recall": 0.6771351107094442,
      "bad_recall": 0.0,
      "good_precision": 0.7880151586925628,
      "medium_precision": 0.9114963503649635,
      "bad_precision": 0.0,
      "good_f1": 0.8463495293818367,
      "medium_f1": 0.7770287788436608,
      "bad_f1": 0.0,
      "support_good": 3640,
      "support_medium": 4426,
      "support_bad": 0,
      "confusion_3x3": "[[3327, 291, 22], [895, 2997, 534], [0, 0, 0]]"
    },
    {
      "variant_id": "nl_n7182_gm_trim_bad_boundaryblocks_badattackwide_dual_n7_5b567b543eaf",
      "prediction_mode": "simple_pc1_gm_gate_t254",
      "bucket": "original_test_bad_core_near_boundary",
      "n": 119,
      "acc": 0.5462184873949579,
      "macro_f1": 0.2355072463768116,
      "good_recall": 0.0,
      "medium_recall": 0.0,
      "bad_recall": 0.5462184873949579,
      "good_precision": 0.0,
      "medium_precision": 0.0,
      "bad_precision": 1.0,
      "good_f1": 0.0,
      "medium_f1": 0.0,
      "bad_f1": 0.7065217391304348,
      "support_good": 0,
      "support_medium": 0,
      "support_bad": 119,
      "confusion_3x3": "[[0, 0, 0], [0, 0, 0], [0, 54, 65]]"
    },
    {
      "variant_id": "nl_n7182_gm_trim_bad_boundaryblocks_badattackwide_dual_n7_5b567b543eaf",
      "prediction_mode": "simple_pc1_gm_gate_t254",
      "bucket": "original_test_bad_outlier_stress",
      "n": 292,
      "acc": 0.09931506849315068,
      "macro_f1": 0.060228452751817235,
      "good_recall": 0.0,
      "medium_recall": 0.0,
      "bad_recall": 0.09931506849315068,
      "good_precision": 0.0,
      "medium_precision": 0.0,
      "bad_precision": 1.0,
      "good_f1": 0.0,
      "medium_f1": 0.0,
      "bad_f1": 0.1806853582554517,
      "support_good": 0,
      "support_medium": 0,
      "support_bad": 292,
      "confusion_3x3": "[[0, 0, 0], [0, 0, 0], [196, 67, 29]]"
    },
    {
      "variant_id": "nl_n7182_gm_trim_bad_boundaryblocks_badattackwide_dual_n7_5b567b543eaf",
      "prediction_mode": "simple_pc1_gm_gate_t254",
      "bucket": "original_test_drop_bad_outlier_reference",
      "n": 8185,
      "acc": 0.7805742211362248,
      "macro_f1": 0.5978841311743374,
      "good_recall": 0.914010989010989,
      "medium_recall": 0.6771351107094442,
      "bad_recall": 0.5462184873949579,
      "good_precision": 0.7880151586925628,
      "medium_precision": 0.8967684021543986,
      "bad_precision": 0.10466988727858294,
      "good_f1": 0.8463495293818367,
      "medium_f1": 0.7716271884654995,
      "bad_f1": 0.17567567567567569,
      "support_good": 3640,
      "support_medium": 4426,
      "support_bad": 119,
      "confusion_3x3": "[[3327, 291, 22], [895, 2997, 534], [0, 54, 65]]"
    },
    {
      "variant_id": "nl_n7182_gm_trim_bad_boundaryblocks_badattackwide_dual_n7_5b567b543eaf",
      "prediction_mode": "simple_pc1_gm_gate_t254",
      "bucket": "original_test_good_medium_overlap",
      "n": 7492,
      "acc": 0.7676187933796049,
      "macro_f1": 0.5286937005511616,
      "good_recall": 0.9131038312048861,
      "medium_recall": 0.632904884318766,
      "bad_recall": 0.0,
      "good_precision": 0.7860898661567878,
      "medium_precision": 0.8942971304031965,
      "bad_precision": 0.0,
      "good_f1": 0.8448497302851271,
      "medium_f1": 0.7412313713683577,
      "bad_f1": 0.0,
      "support_good": 3602,
      "support_medium": 3890,
      "support_bad": 0,
      "confusion_3x3": "[[3289, 291, 22], [895, 2462, 533], [0, 0, 0]]"
    },
    {
      "variant_id": "nl_n7182_gm_trim_bad_boundaryblocks_badattackwide_dual_n7_5b567b543eaf",
      "prediction_mode": "simple_pc1_gm_gate_t254",
      "bucket": "original_all_bad_core_near_boundary",
      "n": 4084,
      "acc": 0.9865328109696376,
      "macro_f1": 0.33107358560335265,
      "good_recall": 0.0,
      "medium_recall": 0.0,
      "bad_recall": 0.9865328109696376,
      "good_precision": 0.0,
      "medium_precision": 0.0,
      "bad_precision": 1.0,
      "good_f1": 0.0,
      "medium_f1": 0.0,
      "bad_f1": 0.993220756810058,
      "support_good": 0,
      "support_medium": 0,
      "support_bad": 4084,
      "confusion_3x3": "[[0, 0, 0], [0, 0, 0], [0, 55, 4029]]"
    },
    {
      "variant_id": "nl_n7182_gm_trim_bad_boundaryblocks_badattackwide_dual_n7_5b567b543eaf",
      "prediction_mode": "simple_pc1_gm_gate_t254",
      "bucket": "original_all_bad_outlier_stress",
      "n": 1201,
      "acc": 0.7218984179850125,
      "macro_f1": 0.27949709864603484,
      "good_recall": 0.0,
      "medium_recall": 0.0,
      "bad_recall": 0.7218984179850125,
      "good_precision": 0.0,
      "medium_precision": 0.0,
      "bad_precision": 1.0,
      "good_f1": 0.0,
      "medium_f1": 0.0,
      "bad_f1": 0.8384912959381045,
      "support_good": 0,
      "support_medium": 0,
      "support_bad": 1201,
      "confusion_3x3": "[[0, 0, 0], [0, 0, 0], [199, 135, 867]]"
    }
  ],
  "selection_note": "Original BUT is report-only; Clean/SemiClean/node diagnostic remains the selection source."
}