{
  "created_at": "2026-06-13T05:43:20",
  "variant_id": "nl_n7182_gm_trim_bad_boundaryblocks_badattackwide_core122_9c92624a97fe",
  "prediction_mode": "simple_pc1_gm_gate_t254",
  "metrics": [
    {
      "variant_id": "nl_n7182_gm_trim_bad_boundaryblocks_badattackwide_core122_9c92624a97fe",
      "prediction_mode": "simple_pc1_gm_gate_t254",
      "bucket": "original_all_10s+",
      "n": 32956,
      "acc": 0.8134178905206942,
      "macro_f1": 0.8268920976877885,
      "good_recall": 0.7697001701578361,
      "medium_recall": 0.8295069627399323,
      "bad_recall": 0.9220435193945128,
      "good_precision": 0.9022628791526239,
      "medium_precision": 0.6851635967980104,
      "bad_precision": 0.878018018018018,
      "good_f1": 0.8307263631182319,
      "medium_f1": 0.7504575441583315,
      "bad_f1": 0.899492385786802,
      "support_good": 17043,
      "support_medium": 10628,
      "support_bad": 5285,
      "confusion_3x3": "[[13118, 3838, 87], [1222, 8816, 590], [199, 213, 4873]]"
    },
    {
      "variant_id": "nl_n7182_gm_trim_bad_boundaryblocks_badattackwide_core122_9c92624a97fe",
      "prediction_mode": "simple_pc1_gm_gate_t254",
      "bucket": "original_test_all_10s+",
      "n": 8477,
      "acc": 0.7547481420313791,
      "macro_f1": 0.5699856581993995,
      "good_recall": 0.910989010989011,
      "medium_recall": 0.6825576140985088,
      "bad_recall": 0.14841849148418493,
      "good_precision": 0.7529518619436876,
      "medium_precision": 0.8708561545113865,
      "bad_precision": 0.10099337748344371,
      "good_f1": 0.8244654400795625,
      "medium_f1": 0.7652944901836606,
      "bad_f1": 0.12019704433497537,
      "support_good": 3640,
      "support_medium": 4426,
      "support_bad": 411,
      "confusion_3x3": "[[3316, 295, 29], [891, 3021, 514], [197, 153, 61]]"
    },
    {
      "variant_id": "nl_n7182_gm_trim_bad_boundaryblocks_badattackwide_core122_9c92624a97fe",
      "prediction_mode": "simple_pc1_gm_gate_t254",
      "bucket": "original_test_good_medium_only",
      "n": 8066,
      "acc": 0.7856434416067444,
      "macro_f1": 0.5418607511207602,
      "good_recall": 0.910989010989011,
      "medium_recall": 0.6825576140985088,
      "bad_recall": 0.0,
      "good_precision": 0.7882101259805087,
      "medium_precision": 0.911037394451146,
      "bad_precision": 0.0,
      "good_f1": 0.8451637568497515,
      "medium_f1": 0.780418496512529,
      "bad_f1": 0.0,
      "support_good": 3640,
      "support_medium": 4426,
      "support_bad": 0,
      "confusion_3x3": "[[3316, 295, 29], [891, 3021, 514], [0, 0, 0]]"
    },
    {
      "variant_id": "nl_n7182_gm_trim_bad_boundaryblocks_badattackwide_core122_9c92624a97fe",
      "prediction_mode": "simple_pc1_gm_gate_t254",
      "bucket": "original_test_bad_core_near_boundary",
      "n": 119,
      "acc": 0.2857142857142857,
      "macro_f1": 0.14814814814814814,
      "good_recall": 0.0,
      "medium_recall": 0.0,
      "bad_recall": 0.2857142857142857,
      "good_precision": 0.0,
      "medium_precision": 0.0,
      "bad_precision": 1.0,
      "good_f1": 0.0,
      "medium_f1": 0.0,
      "bad_f1": 0.4444444444444444,
      "support_good": 0,
      "support_medium": 0,
      "support_bad": 119,
      "confusion_3x3": "[[0, 0, 0], [0, 0, 0], [0, 85, 34]]"
    },
    {
      "variant_id": "nl_n7182_gm_trim_bad_boundaryblocks_badattackwide_core122_9c92624a97fe",
      "prediction_mode": "simple_pc1_gm_gate_t254",
      "bucket": "original_test_bad_outlier_stress",
      "n": 292,
      "acc": 0.09246575342465753,
      "macro_f1": 0.05642633228840125,
      "good_recall": 0.0,
      "medium_recall": 0.0,
      "bad_recall": 0.09246575342465753,
      "good_precision": 0.0,
      "medium_precision": 0.0,
      "bad_precision": 1.0,
      "good_f1": 0.0,
      "medium_f1": 0.0,
      "bad_f1": 0.16927899686520376,
      "support_good": 0,
      "support_medium": 0,
      "support_bad": 292,
      "confusion_3x3": "[[0, 0, 0], [0, 0, 0], [197, 68, 27]]"
    },
    {
      "variant_id": "nl_n7182_gm_trim_bad_boundaryblocks_badattackwide_core122_9c92624a97fe",
      "prediction_mode": "simple_pc1_gm_gate_t254",
      "bucket": "original_test_drop_bad_outlier_reference",
      "n": 8185,
      "acc": 0.7783750763591937,
      "macro_f1": 0.5716027265199407,
      "good_recall": 0.910989010989011,
      "medium_recall": 0.6825576140985088,
      "bad_recall": 0.2857142857142857,
      "good_precision": 0.7882101259805087,
      "medium_precision": 0.888268156424581,
      "bad_precision": 0.058925476603119586,
      "good_f1": 0.8451637568497515,
      "medium_f1": 0.7719432732847834,
      "bad_f1": 0.09770114942528736,
      "support_good": 3640,
      "support_medium": 4426,
      "support_bad": 119,
      "confusion_3x3": "[[3316, 295, 29], [891, 3021, 514], [0, 85, 34]]"
    },
    {
      "variant_id": "nl_n7182_gm_trim_bad_boundaryblocks_badattackwide_core122_9c92624a97fe",
      "prediction_mode": "simple_pc1_gm_gate_t254",
      "bucket": "original_test_good_medium_overlap",
      "n": 7492,
      "acc": 0.7693539775760811,
      "macro_f1": 0.5296550036196713,
      "good_recall": 0.9100499722376457,
      "medium_recall": 0.6390745501285348,
      "bad_recall": 0.0,
      "good_precision": 0.7862796833773087,
      "medium_precision": 0.893923049262855,
      "bad_precision": 0.0,
      "good_f1": 0.8436494659631965,
      "medium_f1": 0.7453155448958177,
      "bad_f1": 0.0,
      "support_good": 3602,
      "support_medium": 3890,
      "support_bad": 0,
      "confusion_3x3": "[[3278, 295, 29], [891, 2486, 513], [0, 0, 0]]"
    },
    {
      "variant_id": "nl_n7182_gm_trim_bad_boundaryblocks_badattackwide_core122_9c92624a97fe",
      "prediction_mode": "simple_pc1_gm_gate_t254",
      "bucket": "original_all_bad_core_near_boundary",
      "n": 4084,
      "acc": 0.9791870714985309,
      "macro_f1": 0.32982803414573797,
      "good_recall": 0.0,
      "medium_recall": 0.0,
      "bad_recall": 0.9791870714985309,
      "good_precision": 0.0,
      "medium_precision": 0.0,
      "bad_precision": 1.0,
      "good_f1": 0.0,
      "medium_f1": 0.0,
      "bad_f1": 0.9894841024372139,
      "support_good": 0,
      "support_medium": 0,
      "support_bad": 4084,
      "confusion_3x3": "[[0, 0, 0], [0, 0, 0], [0, 85, 3999]]"
    },
    {
      "variant_id": "nl_n7182_gm_trim_bad_boundaryblocks_badattackwide_core122_9c92624a97fe",
      "prediction_mode": "simple_pc1_gm_gate_t254",
      "bucket": "original_all_bad_outlier_stress",
      "n": 1201,
      "acc": 0.7277268942547876,
      "macro_f1": 0.28080321285140564,
      "good_recall": 0.0,
      "medium_recall": 0.0,
      "bad_recall": 0.7277268942547876,
      "good_precision": 0.0,
      "medium_precision": 0.0,
      "bad_precision": 1.0,
      "good_f1": 0.0,
      "medium_f1": 0.0,
      "bad_f1": 0.8424096385542169,
      "support_good": 0,
      "support_medium": 0,
      "support_bad": 1201,
      "confusion_3x3": "[[0, 0, 0], [0, 0, 0], [199, 128, 874]]"
    }
  ],
  "selection_note": "Original BUT is report-only; Clean/SemiClean/node diagnostic remains the selection source."
}