{
  "created_at": "2026-06-13T15:21:08",
  "variant_id": "nl_n9600_gm_trim_bad_boundaryblocks_bigjump_balanced_n840_26f327936c0d",
  "prediction_mode": "simple_pc1_gm_gate_trainfit",
  "metrics": [
    {
      "variant_id": "nl_n9600_gm_trim_bad_boundaryblocks_bigjump_balanced_n840_26f327936c0d",
      "prediction_mode": "simple_pc1_gm_gate_trainfit",
      "bucket": "original_all_10s+",
      "n": 32956,
      "acc": 0.8194259012016022,
      "macro_f1": 0.8437373009869522,
      "good_recall": 0.7778560112656222,
      "medium_recall": 0.8415506210011291,
      "bad_recall": 0.9089877010406812,
      "good_precision": 0.8759167492566898,
      "medium_precision": 0.6884766376722347,
      "bad_precision": 0.9946169772256729,
      "good_f1": 0.8239791161663248,
      "medium_f1": 0.7573563656378339,
      "bad_f1": 0.949876421156698,
      "support_good": 17043,
      "support_medium": 10628,
      "support_bad": 5285,
      "confusion_3x3": "[[13257, 3786, 0], [1658, 8944, 26], [220, 261, 4804]]"
    },
    {
      "variant_id": "nl_n9600_gm_trim_bad_boundaryblocks_bigjump_balanced_n840_26f327936c0d",
      "prediction_mode": "simple_pc1_gm_gate_trainfit",
      "bucket": "original_test_all_10s+",
      "n": 8477,
      "acc": 0.7604105225905391,
      "macro_f1": 0.5216629318272645,
      "good_recall": 0.9197802197802197,
      "medium_recall": 0.6997288748305468,
      "bad_recall": 0.0024330900243309003,
      "good_precision": 0.6874743326488706,
      "medium_precision": 0.8648422228427813,
      "bad_precision": 0.038461538461538464,
      "good_f1": 0.7868390129259695,
      "medium_f1": 0.7735731235169226,
      "bad_f1": 0.004576659038901602,
      "support_good": 3640,
      "support_medium": 4426,
      "support_bad": 411,
      "confusion_3x3": "[[3348, 292, 0], [1304, 3097, 25], [218, 192, 1]]"
    },
    {
      "variant_id": "nl_n9600_gm_trim_bad_boundaryblocks_bigjump_balanced_n840_26f327936c0d",
      "prediction_mode": "simple_pc1_gm_gate_trainfit",
      "bucket": "original_test_good_medium_only",
      "n": 8066,
      "acc": 0.7990329779320605,
      "macro_f1": 0.5333679001783588,
      "good_recall": 0.9197802197802197,
      "medium_recall": 0.6997288748305468,
      "bad_recall": 0.0,
      "good_precision": 0.7196904557179707,
      "medium_precision": 0.9138388905281795,
      "bad_precision": 0.0,
      "good_f1": 0.8075253256150506,
      "medium_f1": 0.7925783749200256,
      "bad_f1": 0.0,
      "support_good": 3640,
      "support_medium": 4426,
      "support_bad": 0,
      "confusion_3x3": "[[3348, 292, 0], [1304, 3097, 25], [0, 0, 0]]"
    },
    {
      "variant_id": "nl_n9600_gm_trim_bad_boundaryblocks_bigjump_balanced_n840_26f327936c0d",
      "prediction_mode": "simple_pc1_gm_gate_trainfit",
      "bucket": "original_test_bad_core_near_boundary",
      "n": 119,
      "acc": 0.0,
      "macro_f1": 0.0,
      "good_recall": 0.0,
      "medium_recall": 0.0,
      "bad_recall": 0.0,
      "good_precision": 0.0,
      "medium_precision": 0.0,
      "bad_precision": 0.0,
      "good_f1": 0.0,
      "medium_f1": 0.0,
      "bad_f1": 0.0,
      "support_good": 0,
      "support_medium": 0,
      "support_bad": 119,
      "confusion_3x3": "[[0, 0, 0], [0, 0, 0], [0, 119, 0]]"
    },
    {
      "variant_id": "nl_n9600_gm_trim_bad_boundaryblocks_bigjump_balanced_n840_26f327936c0d",
      "prediction_mode": "simple_pc1_gm_gate_trainfit",
      "bucket": "original_test_bad_outlier_stress",
      "n": 292,
      "acc": 0.003424657534246575,
      "macro_f1": 0.0022753128555176336,
      "good_recall": 0.0,
      "medium_recall": 0.0,
      "bad_recall": 0.003424657534246575,
      "good_precision": 0.0,
      "medium_precision": 0.0,
      "bad_precision": 1.0,
      "good_f1": 0.0,
      "medium_f1": 0.0,
      "bad_f1": 0.006825938566552901,
      "support_good": 0,
      "support_medium": 0,
      "support_bad": 292,
      "confusion_3x3": "[[0, 0, 0], [0, 0, 0], [218, 73, 1]]"
    },
    {
      "variant_id": "nl_n9600_gm_trim_bad_boundaryblocks_bigjump_balanced_n840_26f327936c0d",
      "prediction_mode": "simple_pc1_gm_gate_trainfit",
      "bucket": "original_test_drop_bad_outlier_reference",
      "n": 8185,
      "acc": 0.7874160048869884,
      "macro_f1": 0.5294053412919003,
      "good_recall": 0.9197802197802197,
      "medium_recall": 0.6997288748305468,
      "bad_recall": 0.0,
      "good_precision": 0.7196904557179707,
      "medium_precision": 0.8828392246294184,
      "bad_precision": 0.0,
      "good_f1": 0.8075253256150506,
      "medium_f1": 0.7806906982606504,
      "bad_f1": 0.0,
      "support_good": 3640,
      "support_medium": 4426,
      "support_bad": 119,
      "confusion_3x3": "[[3348, 292, 0], [1304, 3097, 25], [0, 119, 0]]"
    },
    {
      "variant_id": "nl_n9600_gm_trim_bad_boundaryblocks_bigjump_balanced_n840_26f327936c0d",
      "prediction_mode": "simple_pc1_gm_gate_trainfit",
      "bucket": "original_test_good_medium_overlap",
      "n": 7492,
      "acc": 0.7836358782701548,
      "macro_f1": 0.5217824796055949,
      "good_recall": 0.9189339255968906,
      "medium_recall": 0.6583547557840617,
      "bad_recall": 0.0,
      "good_precision": 0.717381881231036,
      "medium_precision": 0.8976515948124781,
      "bad_precision": 0.0,
      "good_f1": 0.8057448880233691,
      "medium_f1": 0.7596025507934154,
      "bad_f1": 0.0,
      "support_good": 3602,
      "support_medium": 3890,
      "support_bad": 0,
      "confusion_3x3": "[[3310, 292, 0], [1304, 2561, 25], [0, 0, 0]]"
    },
    {
      "variant_id": "nl_n9600_gm_trim_bad_boundaryblocks_bigjump_balanced_n840_26f327936c0d",
      "prediction_mode": "simple_pc1_gm_gate_trainfit",
      "bucket": "original_all_bad_core_near_boundary",
      "n": 4084,
      "acc": 0.970617042115573,
      "macro_f1": 0.32836315440689195,
      "good_recall": 0.0,
      "medium_recall": 0.0,
      "bad_recall": 0.970617042115573,
      "good_precision": 0.0,
      "medium_precision": 0.0,
      "bad_precision": 1.0,
      "good_f1": 0.0,
      "medium_f1": 0.0,
      "bad_f1": 0.9850894632206759,
      "support_good": 0,
      "support_medium": 0,
      "support_bad": 4084,
      "confusion_3x3": "[[0, 0, 0], [0, 0, 0], [0, 120, 3964]]"
    },
    {
      "variant_id": "nl_n9600_gm_trim_bad_boundaryblocks_bigjump_balanced_n840_26f327936c0d",
      "prediction_mode": "simple_pc1_gm_gate_trainfit",
      "bucket": "original_all_bad_outlier_stress",
      "n": 1201,
      "acc": 0.6994171523730225,
      "macro_f1": 0.27437530622244,
      "good_recall": 0.0,
      "medium_recall": 0.0,
      "bad_recall": 0.6994171523730225,
      "good_precision": 0.0,
      "medium_precision": 0.0,
      "bad_precision": 1.0,
      "good_f1": 0.0,
      "medium_f1": 0.0,
      "bad_f1": 0.82312591866732,
      "support_good": 0,
      "support_medium": 0,
      "support_bad": 1201,
      "confusion_3x3": "[[0, 0, 0], [0, 0, 0], [220, 141, 840]]"
    }
  ],
  "selection_note": "Original BUT is report-only; Clean/SemiClean/node diagnostic remains the selection source."
}