{
  "created_at": "2026-06-13T04:38:59",
  "variant_id": "nl_n7180_gm_trim_bad_boundaryblocks_origbridge_lowqrsbrid_db6d50ec72f9",
  "prediction_mode": "simple_pc1_gm_gate_t254",
  "metrics": [
    {
      "variant_id": "nl_n7180_gm_trim_bad_boundaryblocks_origbridge_lowqrsbrid_db6d50ec72f9",
      "prediction_mode": "simple_pc1_gm_gate_t254",
      "bucket": "original_all_10s+",
      "n": 32956,
      "acc": 0.818090787716956,
      "macro_f1": 0.8421910338602494,
      "good_recall": 0.7742768291967377,
      "medium_recall": 0.8426797139631163,
      "bad_recall": 0.909933774834437,
      "good_precision": 0.8775686639622265,
      "medium_precision": 0.6861257948364361,
      "bad_precision": 0.9882860665844636,
      "good_f1": 0.8226932668329177,
      "medium_f1": 0.7563869769013133,
      "bad_f1": 0.9474928578465176,
      "support_good": 17043,
      "support_medium": 10628,
      "support_bad": 5285,
      "confusion_3x3": "[[13196, 3839, 8], [1623, 8956, 49], [218, 258, 4809]]"
    },
    {
      "variant_id": "nl_n7180_gm_trim_bad_boundaryblocks_origbridge_lowqrsbrid_db6d50ec72f9",
      "prediction_mode": "simple_pc1_gm_gate_t254",
      "bucket": "original_test_all_10s+",
      "n": 8477,
      "acc": 0.7608823876371358,
      "macro_f1": 0.5254016621545097,
      "good_recall": 0.9178571428571428,
      "medium_recall": 0.701762313601446,
      "bad_recall": 0.0072992700729927005,
      "good_precision": 0.6911460488208523,
      "medium_precision": 0.8644586696354022,
      "bad_precision": 0.06,
      "good_f1": 0.7885296200141609,
      "medium_f1": 0.7746601820675895,
      "bad_f1": 0.013015184381778741,
      "support_good": 3640,
      "support_medium": 4426,
      "support_bad": 411,
      "confusion_3x3": "[[3341, 295, 4], [1277, 3106, 43], [216, 192, 3]]"
    },
    {
      "variant_id": "nl_n7180_gm_trim_bad_boundaryblocks_origbridge_lowqrsbrid_db6d50ec72f9",
      "prediction_mode": "simple_pc1_gm_gate_t254",
      "bucket": "original_test_good_medium_only",
      "n": 8066,
      "acc": 0.7992809323084552,
      "macro_f1": 0.5342725735216435,
      "good_recall": 0.9178571428571428,
      "medium_recall": 0.701762313601446,
      "bad_recall": 0.0,
      "good_precision": 0.7234733650931139,
      "medium_precision": 0.9132608056453985,
      "bad_precision": 0.0,
      "good_f1": 0.8091547590215549,
      "medium_f1": 0.7936629615433755,
      "bad_f1": 0.0,
      "support_good": 3640,
      "support_medium": 4426,
      "support_bad": 0,
      "confusion_3x3": "[[3341, 295, 4], [1277, 3106, 43], [0, 0, 0]]"
    },
    {
      "variant_id": "nl_n7180_gm_trim_bad_boundaryblocks_origbridge_lowqrsbrid_db6d50ec72f9",
      "prediction_mode": "simple_pc1_gm_gate_t254",
      "bucket": "original_test_bad_core_near_boundary",
      "n": 119,
      "acc": 0.0,
      "macro_f1": 0.0,
      "good_recall": 0.0,
      "medium_recall": 0.0,
      "bad_recall": 0.0,
      "good_precision": 0.0,
      "medium_precision": 0.0,
      "bad_precision": 0.0,
      "good_f1": 0.0,
      "medium_f1": 0.0,
      "bad_f1": 0.0,
      "support_good": 0,
      "support_medium": 0,
      "support_bad": 119,
      "confusion_3x3": "[[0, 0, 0], [0, 0, 0], [0, 119, 0]]"
    },
    {
      "variant_id": "nl_n7180_gm_trim_bad_boundaryblocks_origbridge_lowqrsbrid_db6d50ec72f9",
      "prediction_mode": "simple_pc1_gm_gate_t254",
      "bucket": "original_test_bad_outlier_stress",
      "n": 292,
      "acc": 0.010273972602739725,
      "macro_f1": 0.006779661016949152,
      "good_recall": 0.0,
      "medium_recall": 0.0,
      "bad_recall": 0.010273972602739725,
      "good_precision": 0.0,
      "medium_precision": 0.0,
      "bad_precision": 1.0,
      "good_f1": 0.0,
      "medium_f1": 0.0,
      "bad_f1": 0.020338983050847456,
      "support_good": 0,
      "support_medium": 0,
      "support_bad": 292,
      "confusion_3x3": "[[0, 0, 0], [0, 0, 0], [216, 73, 3]]"
    },
    {
      "variant_id": "nl_n7180_gm_trim_bad_boundaryblocks_origbridge_lowqrsbrid_db6d50ec72f9",
      "prediction_mode": "simple_pc1_gm_gate_t254",
      "bucket": "original_test_drop_bad_outlier_reference",
      "n": 8185,
      "acc": 0.7876603543066585,
      "macro_f1": 0.5303105845786256,
      "good_recall": 0.9178571428571428,
      "medium_recall": 0.701762313601446,
      "bad_recall": 0.0,
      "good_precision": 0.7234733650931139,
      "medium_precision": 0.8823863636363637,
      "bad_precision": 0.0,
      "good_f1": 0.8091547590215549,
      "medium_f1": 0.7817769947143217,
      "bad_f1": 0.0,
      "support_good": 3640,
      "support_medium": 4426,
      "support_bad": 119,
      "confusion_3x3": "[[3341, 295, 4], [1277, 3106, 43], [0, 119, 0]]"
    },
    {
      "variant_id": "nl_n7180_gm_trim_bad_boundaryblocks_origbridge_lowqrsbrid_db6d50ec72f9",
      "prediction_mode": "simple_pc1_gm_gate_t254",
      "bucket": "original_test_good_medium_overlap",
      "n": 7492,
      "acc": 0.7839028296849974,
      "macro_f1": 0.5227666322715102,
      "good_recall": 0.9169905607995558,
      "medium_recall": 0.6606683804627249,
      "bad_recall": 0.0,
      "good_precision": 0.72117903930131,
      "medium_precision": 0.8970331588132635,
      "bad_precision": 0.0,
      "good_f1": 0.807382058176485,
      "medium_f1": 0.7609178386380459,
      "bad_f1": 0.0,
      "support_good": 3602,
      "support_medium": 3890,
      "support_bad": 0,
      "confusion_3x3": "[[3303, 295, 4], [1277, 2570, 43], [0, 0, 0]]"
    },
    {
      "variant_id": "nl_n7180_gm_trim_bad_boundaryblocks_origbridge_lowqrsbrid_db6d50ec72f9",
      "prediction_mode": "simple_pc1_gm_gate_t254",
      "bucket": "original_all_bad_core_near_boundary",
      "n": 4084,
      "acc": 0.9708619000979432,
      "macro_f1": 0.3284051849090984,
      "good_recall": 0.0,
      "medium_recall": 0.0,
      "bad_recall": 0.9708619000979432,
      "good_precision": 0.0,
      "medium_precision": 0.0,
      "bad_precision": 1.0,
      "good_f1": 0.0,
      "medium_f1": 0.0,
      "bad_f1": 0.9852155547272953,
      "support_good": 0,
      "support_medium": 0,
      "support_bad": 4084,
      "confusion_3x3": "[[0, 0, 0], [0, 0, 0], [0, 119, 3965]]"
    },
    {
      "variant_id": "nl_n7180_gm_trim_bad_boundaryblocks_origbridge_lowqrsbrid_db6d50ec72f9",
      "prediction_mode": "simple_pc1_gm_gate_t254",
      "bucket": "original_all_bad_outlier_stress",
      "n": 1201,
      "acc": 0.7027477102414654,
      "macro_f1": 0.2751426242868786,
      "good_recall": 0.0,
      "medium_recall": 0.0,
      "bad_recall": 0.7027477102414654,
      "good_precision": 0.0,
      "medium_precision": 0.0,
      "bad_precision": 1.0,
      "good_f1": 0.0,
      "medium_f1": 0.0,
      "bad_f1": 0.8254278728606357,
      "support_good": 0,
      "support_medium": 0,
      "support_bad": 1201,
      "confusion_3x3": "[[0, 0, 0], [0, 0, 0], [218, 139, 844]]"
    }
  ],
  "selection_note": "Original BUT is report-only; Clean/SemiClean/node diagnostic remains the selection source."
}