{
  "created_at": "2026-06-13T06:52:18",
  "variant_id": "nl_n7184_gm_trim_bad_boundaryblocks_badattackwide_outlier_516d83e0ce44",
  "prediction_mode": "simple_pc1_gm_gate_t226",
  "metrics": [
    {
      "variant_id": "nl_n7184_gm_trim_bad_boundaryblocks_badattackwide_outlier_516d83e0ce44",
      "prediction_mode": "simple_pc1_gm_gate_t226",
      "bucket": "original_all_10s+",
      "n": 32956,
      "acc": 0.8322915402354655,
      "macro_f1": 0.845084572823462,
      "good_recall": 0.811300827319134,
      "medium_recall": 0.815205118554761,
      "bad_recall": 0.9343424787133396,
      "good_precision": 0.8895393721049922,
      "medium_precision": 0.7247783168813786,
      "bad_precision": 0.9047270062293881,
      "good_f1": 0.8486206155829011,
      "medium_f1": 0.7673368169338411,
      "bad_f1": 0.9192962859536442,
      "support_good": 17043,
      "support_medium": 10628,
      "support_bad": 5285,
      "confusion_3x3": "[[13827, 3147, 69], [1513, 8664, 451], [204, 143, 4938]]"
    },
    {
      "variant_id": "nl_n7184_gm_trim_bad_boundaryblocks_badattackwide_outlier_516d83e0ce44",
      "prediction_mode": "simple_pc1_gm_gate_t226",
      "bucket": "original_test_all_10s+",
      "n": 8477,
      "acc": 0.7598206912822932,
      "macro_f1": 0.6171445624383826,
      "good_recall": 0.9266483516483517,
      "medium_recall": 0.6629010393131496,
      "bad_recall": 0.3260340632603406,
      "good_precision": 0.7245972073039743,
      "medium_precision": 0.9011056511056511,
      "bad_precision": 0.23674911660777384,
      "good_f1": 0.8132610006027727,
      "medium_f1": 0.7638635771934392,
      "bad_f1": 0.2743091095189355,
      "support_good": 3640,
      "support_medium": 4426,
      "support_bad": 411,
      "confusion_3x3": "[[3373, 247, 20], [1080, 2934, 412], [202, 75, 134]]"
    },
    {
      "variant_id": "nl_n7184_gm_trim_bad_boundaryblocks_badattackwide_outlier_516d83e0ce44",
      "prediction_mode": "simple_pc1_gm_gate_t226",
      "bucket": "original_test_good_medium_only",
      "n": 8066,
      "acc": 0.7819241259608232,
      "macro_f1": 0.534984878176068,
      "good_recall": 0.9266483516483517,
      "medium_recall": 0.6629010393131496,
      "bad_recall": 0.0,
      "good_precision": 0.7574668762631933,
      "medium_precision": 0.922351461804464,
      "bad_precision": 0.0,
      "good_f1": 0.8335598665513406,
      "medium_f1": 0.7713947679768635,
      "bad_f1": 0.0,
      "support_good": 3640,
      "support_medium": 4426,
      "support_bad": 0,
      "confusion_3x3": "[[3373, 247, 20], [1080, 2934, 412], [0, 0, 0]]"
    },
    {
      "variant_id": "nl_n7184_gm_trim_bad_boundaryblocks_badattackwide_outlier_516d83e0ce44",
      "prediction_mode": "simple_pc1_gm_gate_t226",
      "bucket": "original_test_bad_core_near_boundary",
      "n": 119,
      "acc": 0.8403361344537815,
      "macro_f1": 0.30441400304414,
      "good_recall": 0.0,
      "medium_recall": 0.0,
      "bad_recall": 0.8403361344537815,
      "good_precision": 0.0,
      "medium_precision": 0.0,
      "bad_precision": 1.0,
      "good_f1": 0.0,
      "medium_f1": 0.0,
      "bad_f1": 0.91324200913242,
      "support_good": 0,
      "support_medium": 0,
      "support_bad": 119,
      "confusion_3x3": "[[0, 0, 0], [0, 0, 0], [0, 19, 100]]"
    },
    {
      "variant_id": "nl_n7184_gm_trim_bad_boundaryblocks_badattackwide_outlier_516d83e0ce44",
      "prediction_mode": "simple_pc1_gm_gate_t226",
      "bucket": "original_test_bad_outlier_stress",
      "n": 292,
      "acc": 0.11643835616438356,
      "macro_f1": 0.06952965235173823,
      "good_recall": 0.0,
      "medium_recall": 0.0,
      "bad_recall": 0.11643835616438356,
      "good_precision": 0.0,
      "medium_precision": 0.0,
      "bad_precision": 1.0,
      "good_f1": 0.0,
      "medium_f1": 0.0,
      "bad_f1": 0.2085889570552147,
      "support_good": 0,
      "support_medium": 0,
      "support_bad": 292,
      "confusion_3x3": "[[0, 0, 0], [0, 0, 0], [202, 56, 34]]"
    },
    {
      "variant_id": "nl_n7184_gm_trim_bad_boundaryblocks_badattackwide_outlier_516d83e0ce44",
      "prediction_mode": "simple_pc1_gm_gate_t226",
      "bucket": "original_test_drop_bad_outlier_reference",
      "n": 8185,
      "acc": 0.782773365913256,
      "macro_f1": 0.6367507948761985,
      "good_recall": 0.9266483516483517,
      "medium_recall": 0.6629010393131496,
      "bad_recall": 0.8403361344537815,
      "good_precision": 0.7574668762631933,
      "medium_precision": 0.916875,
      "bad_precision": 0.18796992481203006,
      "good_f1": 0.8335598665513406,
      "medium_f1": 0.7694728560188828,
      "bad_f1": 0.30721966205837176,
      "support_good": 3640,
      "support_medium": 4426,
      "support_bad": 119,
      "confusion_3x3": "[[3373, 247, 20], [1080, 2934, 412], [0, 19, 100]]"
    },
    {
      "variant_id": "nl_n7184_gm_trim_bad_boundaryblocks_badattackwide_outlier_516d83e0ce44",
      "prediction_mode": "simple_pc1_gm_gate_t226",
      "bucket": "original_test_good_medium_overlap",
      "n": 7492,
      "acc": 0.7652162306460224,
      "macro_f1": 0.5219588176196738,
      "good_recall": 0.9258745141588006,
      "medium_recall": 0.616452442159383,
      "bad_recall": 0.0,
      "good_precision": 0.7553793884484711,
      "medium_precision": 0.9066162570888469,
      "bad_precision": 0.0,
      "good_f1": 0.8319820381688912,
      "medium_f1": 0.7338944146901301,
      "bad_f1": 0.0,
      "support_good": 3602,
      "support_medium": 3890,
      "support_bad": 0,
      "confusion_3x3": "[[3335, 247, 20], [1080, 2398, 412], [0, 0, 0]]"
    },
    {
      "variant_id": "nl_n7184_gm_trim_bad_boundaryblocks_badattackwide_outlier_516d83e0ce44",
      "prediction_mode": "simple_pc1_gm_gate_t226",
      "bucket": "original_all_bad_core_near_boundary",
      "n": 4084,
      "acc": 0.9951028403525954,
      "macro_f1": 0.33251513663884796,
      "good_recall": 0.0,
      "medium_recall": 0.0,
      "bad_recall": 0.9951028403525954,
      "good_precision": 0.0,
      "medium_precision": 0.0,
      "bad_precision": 1.0,
      "good_f1": 0.0,
      "medium_f1": 0.0,
      "bad_f1": 0.997545409916544,
      "support_good": 0,
      "support_medium": 0,
      "support_bad": 4084,
      "confusion_3x3": "[[0, 0, 0], [0, 0, 0], [0, 20, 4064]]"
    },
    {
      "variant_id": "nl_n7184_gm_trim_bad_boundaryblocks_badattackwide_outlier_516d83e0ce44",
      "prediction_mode": "simple_pc1_gm_gate_t226",
      "bucket": "original_all_bad_outlier_stress",
      "n": 1201,
      "acc": 0.7277268942547876,
      "macro_f1": 0.28080321285140564,
      "good_recall": 0.0,
      "medium_recall": 0.0,
      "bad_recall": 0.7277268942547876,
      "good_precision": 0.0,
      "medium_precision": 0.0,
      "bad_precision": 1.0,
      "good_f1": 0.0,
      "medium_f1": 0.0,
      "bad_f1": 0.8424096385542169,
      "support_good": 0,
      "support_medium": 0,
      "support_bad": 1201,
      "confusion_3x3": "[[0, 0, 0], [0, 0, 0], [204, 123, 874]]"
    }
  ],
  "selection_note": "Original BUT is report-only; Clean/SemiClean/node diagnostic remains the selection source."
}