{
  "created_at": "2026-06-13T09:16:39",
  "variant_id": "nl_n7188_gm_trim_bad_boundaryblocks_badoutlier_visqrsnarr_a364001dc6cf",
  "prediction_mode": "simple_pc1_gm_gate_t254",
  "metrics": [
    {
      "variant_id": "nl_n7188_gm_trim_bad_boundaryblocks_badoutlier_visqrsnarr_a364001dc6cf",
      "prediction_mode": "simple_pc1_gm_gate_t254",
      "bucket": "original_all_10s+",
      "n": 32956,
      "acc": 0.8188493749241412,
      "macro_f1": 0.8416248046295847,
      "good_recall": 0.7732793522267206,
      "medium_recall": 0.834023334587881,
      "bad_recall": 0.9352885525070955,
      "good_precision": 0.8814794996990167,
      "medium_precision": 0.6907192394607652,
      "bad_precision": 0.955723124516628,
      "good_f1": 0.8238419703694443,
      "medium_f1": 0.7556370146200077,
      "bad_f1": 0.945395428899302,
      "support_good": 17043,
      "support_medium": 10628,
      "support_bad": 5285,
      "confusion_3x3": "[[13179, 3839, 25], [1560, 8864, 204], [212, 130, 4943]]"
    },
    {
      "variant_id": "nl_n7188_gm_trim_bad_boundaryblocks_badoutlier_visqrsnarr_a364001dc6cf",
      "prediction_mode": "simple_pc1_gm_gate_t254",
      "bucket": "original_test_all_10s+",
      "n": 8477,
      "acc": 0.7689040934292792,
      "macro_f1": 0.6479192642782796,
      "good_recall": 0.9173076923076923,
      "medium_recall": 0.6884319927699954,
      "bad_recall": 0.32116788321167883,
      "good_precision": 0.7005874947545111,
      "medium_precision": 0.8930246189917936,
      "bad_precision": 0.4414715719063545,
      "good_f1": 0.7944325481798715,
      "medium_f1": 0.7774942587394743,
      "bad_f1": 0.37183098591549296,
      "support_good": 3640,
      "support_medium": 4426,
      "support_bad": 411,
      "confusion_3x3": "[[3339, 295, 6], [1218, 3047, 161], [209, 70, 132]]"
    },
    {
      "variant_id": "nl_n7188_gm_trim_bad_boundaryblocks_badoutlier_visqrsnarr_a364001dc6cf",
      "prediction_mode": "simple_pc1_gm_gate_t254",
      "bucket": "original_test_good_medium_only",
      "n": 8066,
      "acc": 0.7917183238284156,
      "macro_f1": 0.5330629385102794,
      "good_recall": 0.9173076923076923,
      "medium_recall": 0.6884319927699954,
      "bad_recall": 0.0,
      "good_precision": 0.7327188940092166,
      "medium_precision": 0.9117295032914422,
      "bad_precision": 0.0,
      "good_f1": 0.8146883005977796,
      "medium_f1": 0.7845005149330587,
      "bad_f1": 0.0,
      "support_good": 3640,
      "support_medium": 4426,
      "support_bad": 0,
      "confusion_3x3": "[[3339, 295, 6], [1218, 3047, 161], [0, 0, 0]]"
    },
    {
      "variant_id": "nl_n7188_gm_trim_bad_boundaryblocks_badoutlier_visqrsnarr_a364001dc6cf",
      "prediction_mode": "simple_pc1_gm_gate_t254",
      "bucket": "original_test_bad_core_near_boundary",
      "n": 119,
      "acc": 1.0,
      "macro_f1": 0.3333333333333333,
      "good_recall": 0.0,
      "medium_recall": 0.0,
      "bad_recall": 1.0,
      "good_precision": 0.0,
      "medium_precision": 0.0,
      "bad_precision": 1.0,
      "good_f1": 0.0,
      "medium_f1": 0.0,
      "bad_f1": 1.0,
      "support_good": 0,
      "support_medium": 0,
      "support_bad": 119,
      "confusion_3x3": "[[0, 0, 0], [0, 0, 0], [0, 0, 119]]"
    },
    {
      "variant_id": "nl_n7188_gm_trim_bad_boundaryblocks_badoutlier_visqrsnarr_a364001dc6cf",
      "prediction_mode": "simple_pc1_gm_gate_t254",
      "bucket": "original_test_bad_outlier_stress",
      "n": 292,
      "acc": 0.04452054794520548,
      "macro_f1": 0.028415300546448086,
      "good_recall": 0.0,
      "medium_recall": 0.0,
      "bad_recall": 0.04452054794520548,
      "good_precision": 0.0,
      "medium_precision": 0.0,
      "bad_precision": 1.0,
      "good_f1": 0.0,
      "medium_f1": 0.0,
      "bad_f1": 0.08524590163934426,
      "support_good": 0,
      "support_medium": 0,
      "support_bad": 292,
      "confusion_3x3": "[[0, 0, 0], [0, 0, 0], [209, 70, 13]]"
    },
    {
      "variant_id": "nl_n7188_gm_trim_bad_boundaryblocks_badoutlier_visqrsnarr_a364001dc6cf",
      "prediction_mode": "simple_pc1_gm_gate_t254",
      "bucket": "original_test_drop_bad_outlier_reference",
      "n": 8185,
      "acc": 0.7947464874770922,
      "macro_f1": 0.7289477121728308,
      "good_recall": 0.9173076923076923,
      "medium_recall": 0.6884319927699954,
      "bad_recall": 1.0,
      "good_precision": 0.7327188940092166,
      "medium_precision": 0.9117295032914422,
      "bad_precision": 0.4160839160839161,
      "good_f1": 0.8146883005977796,
      "medium_f1": 0.7845005149330587,
      "bad_f1": 0.5876543209876544,
      "support_good": 3640,
      "support_medium": 4426,
      "support_bad": 119,
      "confusion_3x3": "[[3339, 295, 6], [1218, 3047, 161], [0, 0, 119]]"
    },
    {
      "variant_id": "nl_n7188_gm_trim_bad_boundaryblocks_badoutlier_visqrsnarr_a364001dc6cf",
      "prediction_mode": "simple_pc1_gm_gate_t254",
      "bucket": "original_test_good_medium_overlap",
      "n": 7492,
      "acc": 0.7776294714361986,
      "macro_f1": 0.5218540391286217,
      "good_recall": 0.916435313714603,
      "medium_recall": 0.6491002570694088,
      "bad_recall": 0.0,
      "good_precision": 0.730471343217526,
      "medium_precision": 0.8953900709219859,
      "bad_precision": 0.0,
      "good_f1": 0.8129540696958503,
      "medium_f1": 0.7526080476900149,
      "bad_f1": 0.0,
      "support_good": 3602,
      "support_medium": 3890,
      "support_bad": 0,
      "confusion_3x3": "[[3301, 295, 6], [1218, 2525, 147], [0, 0, 0]]"
    },
    {
      "variant_id": "nl_n7188_gm_trim_bad_boundaryblocks_badoutlier_visqrsnarr_a364001dc6cf",
      "prediction_mode": "simple_pc1_gm_gate_t254",
      "bucket": "original_all_bad_core_near_boundary",
      "n": 4084,
      "acc": 0.9997551420176298,
      "macro_f1": 0.3332925186727072,
      "good_recall": 0.0,
      "medium_recall": 0.0,
      "bad_recall": 0.9997551420176298,
      "good_precision": 0.0,
      "medium_precision": 0.0,
      "bad_precision": 1.0,
      "good_f1": 0.0,
      "medium_f1": 0.0,
      "bad_f1": 0.9998775560181217,
      "support_good": 0,
      "support_medium": 0,
      "support_bad": 4084,
      "confusion_3x3": "[[0, 0, 0], [0, 0, 0], [0, 1, 4083]]"
    },
    {
      "variant_id": "nl_n7188_gm_trim_bad_boundaryblocks_badoutlier_visqrsnarr_a364001dc6cf",
      "prediction_mode": "simple_pc1_gm_gate_t254",
      "bucket": "original_all_bad_outlier_stress",
      "n": 1201,
      "acc": 0.7160699417152373,
      "macro_f1": 0.2781821122432476,
      "good_recall": 0.0,
      "medium_recall": 0.0,
      "bad_recall": 0.7160699417152373,
      "good_precision": 0.0,
      "medium_precision": 0.0,
      "bad_precision": 1.0,
      "good_f1": 0.0,
      "medium_f1": 0.0,
      "bad_f1": 0.8345463367297429,
      "support_good": 0,
      "support_medium": 0,
      "support_bad": 1201,
      "confusion_3x3": "[[0, 0, 0], [0, 0, 0], [212, 129, 860]]"
    }
  ],
  "selection_note": "Original BUT is report-only; Clean/SemiClean/node diagnostic remains the selection source."
}