{
  "created_at": "2026-06-13T20:17:19",
  "variant_id": "nl_n12400_gm_trim_bad_boundaryblocks_large_badcore_goodpr_0b11e014ad46",
  "prediction_mode": "feature_pc1_qrsprom_tree_n12400_trainval",
  "metrics": [
    {
      "variant_id": "nl_n12400_gm_trim_bad_boundaryblocks_large_badcore_goodpr_0b11e014ad46",
      "prediction_mode": "feature_pc1_qrsprom_tree_n12400_trainval",
      "bucket": "original_all_10s+",
      "n": 32956,
      "acc": 0.859843427600437,
      "macro_f1": 0.8793556995822982,
      "good_recall": 0.8043771636448982,
      "medium_recall": 0.9132480240873165,
      "bad_recall": 0.9313150425733208,
      "good_precision": 0.9348745226404801,
      "medium_precision": 0.7259536275243081,
      "bad_precision": 1.0,
      "good_f1": 0.8647301857633961,
      "medium_f1": 0.8089007417284774,
      "bad_f1": 0.964436171255021,
      "support_good": 17043,
      "support_medium": 10628,
      "support_bad": 5285,
      "confusion_3x3": "[[13709, 3334, 0], [922, 9706, 0], [33, 330, 4922]]"
    },
    {
      "variant_id": "nl_n12400_gm_trim_bad_boundaryblocks_large_badcore_goodpr_0b11e014ad46",
      "prediction_mode": "feature_pc1_qrsprom_tree_n12400_trainval",
      "bucket": "original_test_all_10s+",
      "n": 8477,
      "acc": 0.8432228382682553,
      "macro_f1": 0.7194296280636275,
      "good_recall": 0.8074175824175824,
      "medium_recall": 0.9240849525530953,
      "bad_recall": 0.2895377128953771,
      "good_precision": 0.8884522370012092,
      "medium_precision": 0.80990099009901,
      "bad_precision": 1.0,
      "good_f1": 0.8459988485895221,
      "medium_f1": 0.8632334318277755,
      "bad_f1": 0.4490566037735849,
      "support_good": 3640,
      "support_medium": 4426,
      "support_bad": 411,
      "confusion_3x3": "[[2939, 701, 0], [336, 4090, 0], [33, 259, 119]]"
    },
    {
      "variant_id": "nl_n12400_gm_trim_bad_boundaryblocks_large_badcore_goodpr_0b11e014ad46",
      "prediction_mode": "feature_pc1_qrsprom_tree_n12400_trainval",
      "bucket": "original_test_good_medium_only",
      "n": 8066,
      "acc": 0.8714356558393256,
      "macro_f1": 0.5791755533208008,
      "good_recall": 0.8074175824175824,
      "medium_recall": 0.9240849525530953,
      "bad_recall": 0.0,
      "good_precision": 0.8974045801526718,
      "medium_precision": 0.8536839908161136,
      "bad_precision": 0.0,
      "good_f1": 0.8500361532899494,
      "medium_f1": 0.8874905066724531,
      "bad_f1": 0.0,
      "support_good": 3640,
      "support_medium": 4426,
      "support_bad": 0,
      "confusion_3x3": "[[2939, 701, 0], [336, 4090, 0], [0, 0, 0]]"
    },
    {
      "variant_id": "nl_n12400_gm_trim_bad_boundaryblocks_large_badcore_goodpr_0b11e014ad46",
      "prediction_mode": "feature_pc1_qrsprom_tree_n12400_trainval",
      "bucket": "original_test_bad_core_near_boundary",
      "n": 119,
      "acc": 1.0,
      "macro_f1": 0.3333333333333333,
      "good_recall": 0.0,
      "medium_recall": 0.0,
      "bad_recall": 1.0,
      "good_precision": 0.0,
      "medium_precision": 0.0,
      "bad_precision": 1.0,
      "good_f1": 0.0,
      "medium_f1": 0.0,
      "bad_f1": 1.0,
      "support_good": 0,
      "support_medium": 0,
      "support_bad": 119,
      "confusion_3x3": "[[0, 0, 0], [0, 0, 0], [0, 0, 119]]"
    },
    {
      "variant_id": "nl_n12400_gm_trim_bad_boundaryblocks_large_badcore_goodpr_0b11e014ad46",
      "prediction_mode": "feature_pc1_qrsprom_tree_n12400_trainval",
      "bucket": "original_test_bad_outlier_stress",
      "n": 292,
      "acc": 0.0,
      "macro_f1": 0.0,
      "good_recall": 0.0,
      "medium_recall": 0.0,
      "bad_recall": 0.0,
      "good_precision": 0.0,
      "medium_precision": 0.0,
      "bad_precision": 0.0,
      "good_f1": 0.0,
      "medium_f1": 0.0,
      "bad_f1": 0.0,
      "support_good": 0,
      "support_medium": 0,
      "support_bad": 292,
      "confusion_3x3": "[[0, 0, 0], [0, 0, 0], [33, 259, 0]]"
    },
    {
      "variant_id": "nl_n12400_gm_trim_bad_boundaryblocks_large_badcore_goodpr_0b11e014ad46",
      "prediction_mode": "feature_pc1_qrsprom_tree_n12400_trainval",
      "bucket": "original_test_drop_bad_outlier_reference",
      "n": 8185,
      "acc": 0.8733048259010385,
      "macro_f1": 0.9125088866541341,
      "good_recall": 0.8074175824175824,
      "medium_recall": 0.9240849525530953,
      "bad_recall": 1.0,
      "good_precision": 0.8974045801526718,
      "medium_precision": 0.8536839908161136,
      "bad_precision": 1.0,
      "good_f1": 0.8500361532899494,
      "medium_f1": 0.8874905066724531,
      "bad_f1": 1.0,
      "support_good": 3640,
      "support_medium": 4426,
      "support_bad": 119,
      "confusion_3x3": "[[2939, 701, 0], [336, 4090, 0], [0, 0, 119]]"
    },
    {
      "variant_id": "nl_n12400_gm_trim_bad_boundaryblocks_large_badcore_goodpr_0b11e014ad46",
      "prediction_mode": "feature_pc1_qrsprom_tree_n12400_trainval",
      "bucket": "original_test_good_medium_overlap",
      "n": 7492,
      "acc": 0.8615856914041644,
      "macro_f1": 0.5736840906878852,
      "good_recall": 0.8053858967240421,
      "medium_recall": 0.913624678663239,
      "bad_recall": 0.0,
      "good_precision": 0.8962001853568119,
      "medium_precision": 0.8352526439482961,
      "bad_precision": 0.0,
      "good_f1": 0.8483696446848955,
      "medium_f1": 0.87268262737876,
      "bad_f1": 0.0,
      "support_good": 3602,
      "support_medium": 3890,
      "support_bad": 0,
      "confusion_3x3": "[[2901, 701, 0], [336, 3554, 0], [0, 0, 0]]"
    },
    {
      "variant_id": "nl_n12400_gm_trim_bad_boundaryblocks_large_badcore_goodpr_0b11e014ad46",
      "prediction_mode": "feature_pc1_qrsprom_tree_n12400_trainval",
      "bucket": "original_all_bad_core_near_boundary",
      "n": 4084,
      "acc": 1.0,
      "macro_f1": 0.3333333333333333,
      "good_recall": 0.0,
      "medium_recall": 0.0,
      "bad_recall": 1.0,
      "good_precision": 0.0,
      "medium_precision": 0.0,
      "bad_precision": 1.0,
      "good_f1": 0.0,
      "medium_f1": 0.0,
      "bad_f1": 1.0,
      "support_good": 0,
      "support_medium": 0,
      "support_bad": 4084,
      "confusion_3x3": "[[0, 0, 0], [0, 0, 0], [0, 0, 4084]]"
    },
    {
      "variant_id": "nl_n12400_gm_trim_bad_boundaryblocks_large_badcore_goodpr_0b11e014ad46",
      "prediction_mode": "feature_pc1_qrsprom_tree_n12400_trainval",
      "bucket": "original_all_bad_outlier_stress",
      "n": 1201,
      "acc": 0.697751873438801,
      "macro_f1": 0.2739905182278895,
      "good_recall": 0.0,
      "medium_recall": 0.0,
      "bad_recall": 0.697751873438801,
      "good_precision": 0.0,
      "medium_precision": 0.0,
      "bad_precision": 1.0,
      "good_f1": 0.0,
      "medium_f1": 0.0,
      "bad_f1": 0.8219715546836684,
      "support_good": 0,
      "support_medium": 0,
      "support_bad": 1201,
      "confusion_3x3": "[[0, 0, 0], [0, 0, 0], [33, 330, 838]]"
    }
  ],
  "selection_note": "Original BUT is report-only; Clean/SemiClean/node diagnostic remains the selection source."
}