{
  "created_at": "2026-06-13T19:32:52",
  "variant_id": "nl_n11200_gm_trim_bad_boundaryblocks_n10000shell_thinprob_84079be0011f",
  "prediction_mode": "rawbad_feature_pc1_qrsprom_tree",
  "metrics": [
    {
      "variant_id": "nl_n11200_gm_trim_bad_boundaryblocks_n10000shell_thinprob_84079be0011f",
      "prediction_mode": "rawbad_feature_pc1_qrsprom_tree",
      "bucket": "original_all_10s+",
      "n": 32956,
      "acc": 0.834385240927297,
      "macro_f1": 0.856859214875982,
      "good_recall": 0.7349645015548906,
      "medium_recall": 0.9444862627022959,
      "bad_recall": 0.9335856196783349,
      "good_precision": 0.9656926990979878,
      "medium_precision": 0.6752774974772957,
      "bad_precision": 0.963671875,
      "good_f1": 0.834677150663024,
      "medium_f1": 0.7875102969442592,
      "bad_f1": 0.9483901970206632,
      "support_good": 17043,
      "support_medium": 10628,
      "support_bad": 5285,
      "confusion_3x3": "[[12526, 4494, 23], [427, 10038, 163], [18, 333, 4934]]"
    },
    {
      "variant_id": "nl_n11200_gm_trim_bad_boundaryblocks_n10000shell_thinprob_84079be0011f",
      "prediction_mode": "rawbad_feature_pc1_qrsprom_tree",
      "bucket": "original_test_all_10s+",
      "n": 8477,
      "acc": 0.8350831662144627,
      "macro_f1": 0.691155017341672,
      "good_recall": 0.781043956043956,
      "medium_recall": 0.9288296430185269,
      "bad_recall": 0.30413625304136255,
      "good_precision": 0.9376649076517151,
      "medium_precision": 0.7951644100580271,
      "bad_precision": 0.45454545454545453,
      "good_f1": 0.8522182254196643,
      "medium_f1": 0.8568153397248853,
      "bad_f1": 0.36443148688046645,
      "support_good": 3640,
      "support_medium": 4426,
      "support_bad": 411,
      "confusion_3x3": "[[2843, 791, 6], [171, 4111, 144], [18, 268, 125]]"
    },
    {
      "variant_id": "nl_n11200_gm_trim_bad_boundaryblocks_n10000shell_thinprob_84079be0011f",
      "prediction_mode": "rawbad_feature_pc1_qrsprom_tree",
      "bucket": "original_test_good_medium_only",
      "n": 8066,
      "acc": 0.8621373667245227,
      "macro_f1": 0.5786519472761541,
      "good_recall": 0.781043956043956,
      "medium_recall": 0.9288296430185269,
      "bad_recall": 0.0,
      "good_precision": 0.9432647644326476,
      "medium_precision": 0.8386372909016728,
      "bad_precision": 0.0,
      "good_f1": 0.8545235948301774,
      "medium_f1": 0.8814322469982847,
      "bad_f1": 0.0,
      "support_good": 3640,
      "support_medium": 4426,
      "support_bad": 0,
      "confusion_3x3": "[[2843, 791, 6], [171, 4111, 144], [0, 0, 0]]"
    },
    {
      "variant_id": "nl_n11200_gm_trim_bad_boundaryblocks_n10000shell_thinprob_84079be0011f",
      "prediction_mode": "rawbad_feature_pc1_qrsprom_tree",
      "bucket": "original_test_bad_core_near_boundary",
      "n": 119,
      "acc": 1.0,
      "macro_f1": 0.3333333333333333,
      "good_recall": 0.0,
      "medium_recall": 0.0,
      "bad_recall": 1.0,
      "good_precision": 0.0,
      "medium_precision": 0.0,
      "bad_precision": 1.0,
      "good_f1": 0.0,
      "medium_f1": 0.0,
      "bad_f1": 1.0,
      "support_good": 0,
      "support_medium": 0,
      "support_bad": 119,
      "confusion_3x3": "[[0, 0, 0], [0, 0, 0], [0, 0, 119]]"
    },
    {
      "variant_id": "nl_n11200_gm_trim_bad_boundaryblocks_n10000shell_thinprob_84079be0011f",
      "prediction_mode": "rawbad_feature_pc1_qrsprom_tree",
      "bucket": "original_test_bad_outlier_stress",
      "n": 292,
      "acc": 0.02054794520547945,
      "macro_f1": 0.013422818791946308,
      "good_recall": 0.0,
      "medium_recall": 0.0,
      "bad_recall": 0.02054794520547945,
      "good_precision": 0.0,
      "medium_precision": 0.0,
      "bad_precision": 1.0,
      "good_f1": 0.0,
      "medium_f1": 0.0,
      "bad_f1": 0.040268456375838924,
      "support_good": 0,
      "support_medium": 0,
      "support_bad": 292,
      "confusion_3x3": "[[0, 0, 0], [0, 0, 0], [18, 268, 6]]"
    },
    {
      "variant_id": "nl_n11200_gm_trim_bad_boundaryblocks_n10000shell_thinprob_84079be0011f",
      "prediction_mode": "rawbad_feature_pc1_qrsprom_tree",
      "bucket": "original_test_drop_bad_outlier_reference",
      "n": 8185,
      "acc": 0.8641417226634087,
      "macro_f1": 0.7831193012280441,
      "good_recall": 0.781043956043956,
      "medium_recall": 0.9288296430185269,
      "bad_recall": 1.0,
      "good_precision": 0.9432647644326476,
      "medium_precision": 0.8386372909016728,
      "bad_precision": 0.4423791821561338,
      "good_f1": 0.8545235948301774,
      "medium_f1": 0.8814322469982847,
      "bad_f1": 0.6134020618556701,
      "support_good": 3640,
      "support_medium": 4426,
      "support_bad": 119,
      "confusion_3x3": "[[2843, 791, 6], [171, 4111, 144], [0, 0, 119]]"
    },
    {
      "variant_id": "nl_n11200_gm_trim_bad_boundaryblocks_n10000shell_thinprob_84079be0011f",
      "prediction_mode": "rawbad_feature_pc1_qrsprom_tree",
      "bucket": "original_test_good_medium_overlap",
      "n": 7492,
      "acc": 0.8515750133475708,
      "macro_f1": 0.572959877023325,
      "good_recall": 0.7787340366463076,
      "medium_recall": 0.9190231362467867,
      "bad_recall": 0.0,
      "good_precision": 0.9425403225806451,
      "medium_precision": 0.8188273018781493,
      "bad_precision": 0.0,
      "good_f1": 0.8528428093645485,
      "medium_f1": 0.8660368217054264,
      "bad_f1": 0.0,
      "support_good": 3602,
      "support_medium": 3890,
      "support_bad": 0,
      "confusion_3x3": "[[2805, 791, 6], [171, 3575, 144], [0, 0, 0]]"
    },
    {
      "variant_id": "nl_n11200_gm_trim_bad_boundaryblocks_n10000shell_thinprob_84079be0011f",
      "prediction_mode": "rawbad_feature_pc1_qrsprom_tree",
      "bucket": "original_all_bad_core_near_boundary",
      "n": 4084,
      "acc": 1.0,
      "macro_f1": 0.3333333333333333,
      "good_recall": 0.0,
      "medium_recall": 0.0,
      "bad_recall": 1.0,
      "good_precision": 0.0,
      "medium_precision": 0.0,
      "bad_precision": 1.0,
      "good_f1": 0.0,
      "medium_f1": 0.0,
      "bad_f1": 1.0,
      "support_good": 0,
      "support_medium": 0,
      "support_bad": 4084,
      "confusion_3x3": "[[0, 0, 0], [0, 0, 0], [0, 0, 4084]]"
    },
    {
      "variant_id": "nl_n11200_gm_trim_bad_boundaryblocks_n10000shell_thinprob_84079be0011f",
      "prediction_mode": "rawbad_feature_pc1_qrsprom_tree",
      "bucket": "original_all_bad_outlier_stress",
      "n": 1201,
      "acc": 0.7077435470441299,
      "macro_f1": 0.2762879895985698,
      "good_recall": 0.0,
      "medium_recall": 0.0,
      "bad_recall": 0.7077435470441299,
      "good_precision": 0.0,
      "medium_precision": 0.0,
      "bad_precision": 1.0,
      "good_f1": 0.0,
      "medium_f1": 0.0,
      "bad_f1": 0.8288639687957094,
      "support_good": 0,
      "support_medium": 0,
      "support_bad": 1201,
      "confusion_3x3": "[[0, 0, 0], [0, 0, 0], [18, 333, 850]]"
    }
  ],
  "selection_note": "Original BUT is report-only; Clean/SemiClean/node diagnostic remains the selection source."
}