{
  "created_at": "2026-06-13T07:54:37",
  "variant_id": "nl_n7186_gm_trim_bad_boundaryblocks_badoutlier_recall_gua_7cd9d3f2aac9",
  "prediction_mode": "simple_pc1_gm_gate_t254",
  "metrics": [
    {
      "variant_id": "nl_n7186_gm_trim_bad_boundaryblocks_badoutlier_recall_gua_7cd9d3f2aac9",
      "prediction_mode": "simple_pc1_gm_gate_t254",
      "bucket": "original_all_10s+",
      "n": 32956,
      "acc": 0.8170591091151839,
      "macro_f1": 0.8323662439411764,
      "good_recall": 0.7698761955054861,
      "medium_recall": 0.8311065111027475,
      "bad_recall": 0.9409649952696311,
      "good_precision": 0.9022209997937152,
      "medium_precision": 0.690509693558474,
      "bad_precision": 0.8847180217043231,
      "good_f1": 0.8308111188501235,
      "medium_f1": 0.7543125533731853,
      "bad_f1": 0.9119750596002201,
      "support_good": 17043,
      "support_medium": 10628,
      "support_bad": 5285,
      "confusion_3x3": "[[13121, 3837, 85], [1232, 8833, 563], [190, 122, 4973]]"
    },
    {
      "variant_id": "nl_n7186_gm_trim_bad_boundaryblocks_badoutlier_recall_gua_7cd9d3f2aac9",
      "prediction_mode": "simple_pc1_gm_gate_t254",
      "bucket": "original_test_all_10s+",
      "n": 8477,
      "acc": 0.7696118909991743,
      "macro_f1": 0.6316368755046199,
      "good_recall": 0.9126373626373626,
      "medium_recall": 0.6882060551287844,
      "bad_recall": 0.3795620437956204,
      "good_precision": 0.7531172069825436,
      "medium_precision": 0.8935171604576122,
      "bad_precision": 0.2374429223744292,
      "good_f1": 0.8252391007328282,
      "medium_f1": 0.7775366943203573,
      "bad_f1": 0.29213483146067415,
      "support_good": 3640,
      "support_medium": 4426,
      "support_bad": 411,
      "confusion_3x3": "[[3322, 295, 23], [902, 3046, 478], [187, 68, 156]]"
    },
    {
      "variant_id": "nl_n7186_gm_trim_bad_boundaryblocks_badoutlier_recall_gua_7cd9d3f2aac9",
      "prediction_mode": "simple_pc1_gm_gate_t254",
      "bucket": "original_test_good_medium_only",
      "n": 8066,
      "acc": 0.7894867344408629,
      "macro_f1": 0.5430688949600834,
      "good_recall": 0.9126373626373626,
      "medium_recall": 0.6882060551287844,
      "bad_recall": 0.0,
      "good_precision": 0.7864583333333334,
      "medium_precision": 0.9117030829093086,
      "bad_precision": 0.0,
      "good_f1": 0.8448626653102747,
      "medium_f1": 0.7843440195699756,
      "bad_f1": 0.0,
      "support_good": 3640,
      "support_medium": 4426,
      "support_bad": 0,
      "confusion_3x3": "[[3322, 295, 23], [902, 3046, 478], [0, 0, 0]]"
    },
    {
      "variant_id": "nl_n7186_gm_trim_bad_boundaryblocks_badoutlier_recall_gua_7cd9d3f2aac9",
      "prediction_mode": "simple_pc1_gm_gate_t254",
      "bucket": "original_test_bad_core_near_boundary",
      "n": 119,
      "acc": 1.0,
      "macro_f1": 0.3333333333333333,
      "good_recall": 0.0,
      "medium_recall": 0.0,
      "bad_recall": 1.0,
      "good_precision": 0.0,
      "medium_precision": 0.0,
      "bad_precision": 1.0,
      "good_f1": 0.0,
      "medium_f1": 0.0,
      "bad_f1": 1.0,
      "support_good": 0,
      "support_medium": 0,
      "support_bad": 119,
      "confusion_3x3": "[[0, 0, 0], [0, 0, 0], [0, 0, 119]]"
    },
    {
      "variant_id": "nl_n7186_gm_trim_bad_boundaryblocks_badoutlier_recall_gua_7cd9d3f2aac9",
      "prediction_mode": "simple_pc1_gm_gate_t254",
      "bucket": "original_test_bad_outlier_stress",
      "n": 292,
      "acc": 0.1267123287671233,
      "macro_f1": 0.07497467071935157,
      "good_recall": 0.0,
      "medium_recall": 0.0,
      "bad_recall": 0.1267123287671233,
      "good_precision": 0.0,
      "medium_precision": 0.0,
      "bad_precision": 1.0,
      "good_f1": 0.0,
      "medium_f1": 0.0,
      "bad_f1": 0.22492401215805471,
      "support_good": 0,
      "support_medium": 0,
      "support_bad": 292,
      "confusion_3x3": "[[0, 0, 0], [0, 0, 0], [187, 68, 37]]"
    },
    {
      "variant_id": "nl_n7186_gm_trim_bad_boundaryblocks_badoutlier_recall_gua_7cd9d3f2aac9",
      "prediction_mode": "simple_pc1_gm_gate_t254",
      "bucket": "original_test_drop_bad_outlier_reference",
      "n": 8185,
      "acc": 0.7925473427000611,
      "macro_f1": 0.6504211728130379,
      "good_recall": 0.9126373626373626,
      "medium_recall": 0.6882060551287844,
      "bad_recall": 1.0,
      "good_precision": 0.7864583333333334,
      "medium_precision": 0.9117030829093086,
      "bad_precision": 0.19193548387096773,
      "good_f1": 0.8448626653102747,
      "medium_f1": 0.7843440195699756,
      "bad_f1": 0.32205683355886333,
      "support_good": 3640,
      "support_medium": 4426,
      "support_bad": 119,
      "confusion_3x3": "[[3322, 295, 23], [902, 3046, 478], [0, 0, 119]]"
    },
    {
      "variant_id": "nl_n7186_gm_trim_bad_boundaryblocks_badoutlier_recall_gua_7cd9d3f2aac9",
      "prediction_mode": "simple_pc1_gm_gate_t254",
      "bucket": "original_test_good_medium_overlap",
      "n": 7492,
      "acc": 0.7734917245061399,
      "macro_f1": 0.5311162472179422,
      "good_recall": 0.9117157134925041,
      "medium_recall": 0.6455012853470437,
      "bad_recall": 0.0,
      "good_precision": 0.7845198279980888,
      "medium_precision": 0.8948681397006415,
      "bad_precision": 0.0,
      "good_f1": 0.8433487416538265,
      "medium_f1": 0.75,
      "bad_f1": 0.0,
      "support_good": 3602,
      "support_medium": 3890,
      "support_bad": 0,
      "confusion_3x3": "[[3284, 295, 23], [902, 2511, 477], [0, 0, 0]]"
    },
    {
      "variant_id": "nl_n7186_gm_trim_bad_boundaryblocks_badoutlier_recall_gua_7cd9d3f2aac9",
      "prediction_mode": "simple_pc1_gm_gate_t254",
      "bucket": "original_all_bad_core_near_boundary",
      "n": 4084,
      "acc": 0.9997551420176298,
      "macro_f1": 0.3332925186727072,
      "good_recall": 0.0,
      "medium_recall": 0.0,
      "bad_recall": 0.9997551420176298,
      "good_precision": 0.0,
      "medium_precision": 0.0,
      "bad_precision": 1.0,
      "good_f1": 0.0,
      "medium_f1": 0.0,
      "bad_f1": 0.9998775560181217,
      "support_good": 0,
      "support_medium": 0,
      "support_bad": 4084,
      "confusion_3x3": "[[0, 0, 0], [0, 0, 0], [0, 1, 4083]]"
    },
    {
      "variant_id": "nl_n7186_gm_trim_bad_boundaryblocks_badoutlier_recall_gua_7cd9d3f2aac9",
      "prediction_mode": "simple_pc1_gm_gate_t254",
      "bucket": "original_all_bad_outlier_stress",
      "n": 1201,
      "acc": 0.7410491257285595,
      "macro_f1": 0.28375577873425795,
      "good_recall": 0.0,
      "medium_recall": 0.0,
      "bad_recall": 0.7410491257285595,
      "good_precision": 0.0,
      "medium_precision": 0.0,
      "bad_precision": 1.0,
      "good_f1": 0.0,
      "medium_f1": 0.0,
      "bad_f1": 0.8512673362027738,
      "support_good": 0,
      "support_medium": 0,
      "support_bad": 1201,
      "confusion_3x3": "[[0, 0, 0], [0, 0, 0], [190, 121, 890]]"
    }
  ],
  "selection_note": "Original BUT is report-only; Clean/SemiClean/node diagnostic remains the selection source."
}