{
  "created_at": "2026-06-13T17:13:57",
  "variant_id": "nl_n10800_gm_trim_bad_boundaryblocks_bigjump_badprobe_n96_d842a837823b",
  "prediction_mode": "simple_pc1_lowqrs_medium_keep_qbr030_flat012",
  "metrics": [
    {
      "variant_id": "nl_n10800_gm_trim_bad_boundaryblocks_bigjump_badprobe_n96_d842a837823b",
      "prediction_mode": "simple_pc1_lowqrs_medium_keep_qbr030_flat012",
      "bucket": "original_all_10s+",
      "n": 32956,
      "acc": 0.8423352348585993,
      "macro_f1": 0.8643014736960031,
      "good_recall": 0.7519802851610632,
      "medium_recall": 0.9543658261196839,
      "bad_recall": 0.9084200567644276,
      "good_precision": 0.9617289509230077,
      "medium_precision": 0.6839975723244993,
      "bad_precision": 1.0,
      "good_f1": 0.8440185715696927,
      "medium_f1": 0.7968731586597007,
      "bad_f1": 0.952012690858616,
      "support_good": 17043,
      "support_medium": 10628,
      "support_bad": 5285,
      "confusion_3x3": "[[12816, 4227, 0], [485, 10143, 0], [25, 459, 4801]]"
    },
    {
      "variant_id": "nl_n10800_gm_trim_bad_boundaryblocks_bigjump_badprobe_n96_d842a837823b",
      "prediction_mode": "simple_pc1_lowqrs_medium_keep_qbr030_flat012",
      "bucket": "original_test_all_10s+",
      "n": 8477,
      "acc": 0.8203373835083166,
      "macro_f1": 0.5587053598218986,
      "good_recall": 0.7384615384615385,
      "medium_recall": 0.9638499774062359,
      "bad_recall": 0.0,
      "good_precision": 0.935933147632312,
      "medium_precision": 0.7611061552185548,
      "bad_precision": 0.0,
      "good_f1": 0.8255528255528255,
      "medium_f1": 0.8505632539128701,
      "bad_f1": 0.0,
      "support_good": 3640,
      "support_medium": 4426,
      "support_bad": 411,
      "confusion_3x3": "[[2688, 952, 0], [160, 4266, 0], [24, 387, 0]]"
    },
    {
      "variant_id": "nl_n10800_gm_trim_bad_boundaryblocks_bigjump_badprobe_n96_d842a837823b",
      "prediction_mode": "simple_pc1_lowqrs_medium_keep_qbr030_flat012",
      "bucket": "original_test_good_medium_only",
      "n": 8066,
      "acc": 0.8621373667245227,
      "macro_f1": 0.5711006018960569,
      "good_recall": 0.7384615384615385,
      "medium_recall": 0.9638499774062359,
      "bad_recall": 0.0,
      "good_precision": 0.9438202247191011,
      "medium_precision": 0.8175546186278267,
      "bad_precision": 0.0,
      "good_f1": 0.8286066584463625,
      "medium_f1": 0.8846951472418084,
      "bad_f1": 0.0,
      "support_good": 3640,
      "support_medium": 4426,
      "support_bad": 0,
      "confusion_3x3": "[[2688, 952, 0], [160, 4266, 0], [0, 0, 0]]"
    },
    {
      "variant_id": "nl_n10800_gm_trim_bad_boundaryblocks_bigjump_badprobe_n96_d842a837823b",
      "prediction_mode": "simple_pc1_lowqrs_medium_keep_qbr030_flat012",
      "bucket": "original_test_bad_core_near_boundary",
      "n": 119,
      "acc": 0.0,
      "macro_f1": 0.0,
      "good_recall": 0.0,
      "medium_recall": 0.0,
      "bad_recall": 0.0,
      "good_precision": 0.0,
      "medium_precision": 0.0,
      "bad_precision": 0.0,
      "good_f1": 0.0,
      "medium_f1": 0.0,
      "bad_f1": 0.0,
      "support_good": 0,
      "support_medium": 0,
      "support_bad": 119,
      "confusion_3x3": "[[0, 0, 0], [0, 0, 0], [0, 119, 0]]"
    },
    {
      "variant_id": "nl_n10800_gm_trim_bad_boundaryblocks_bigjump_badprobe_n96_d842a837823b",
      "prediction_mode": "simple_pc1_lowqrs_medium_keep_qbr030_flat012",
      "bucket": "original_test_bad_outlier_stress",
      "n": 292,
      "acc": 0.0,
      "macro_f1": 0.0,
      "good_recall": 0.0,
      "medium_recall": 0.0,
      "bad_recall": 0.0,
      "good_precision": 0.0,
      "medium_precision": 0.0,
      "bad_precision": 0.0,
      "good_f1": 0.0,
      "medium_f1": 0.0,
      "bad_f1": 0.0,
      "support_good": 0,
      "support_medium": 0,
      "support_bad": 292,
      "confusion_3x3": "[[0, 0, 0], [0, 0, 0], [24, 268, 0]]"
    },
    {
      "variant_id": "nl_n10800_gm_trim_bad_boundaryblocks_bigjump_badprobe_n96_d842a837823b",
      "prediction_mode": "simple_pc1_lowqrs_medium_keep_qbr030_flat012",
      "bucket": "original_test_drop_bad_outlier_reference",
      "n": 8185,
      "acc": 0.8496029321930361,
      "macro_f1": 0.5675061219711098,
      "good_recall": 0.7384615384615385,
      "medium_recall": 0.9638499774062359,
      "bad_recall": 0.0,
      "good_precision": 0.9438202247191011,
      "medium_precision": 0.7993254637436762,
      "bad_precision": 0.0,
      "good_f1": 0.8286066584463625,
      "medium_f1": 0.8739117074669671,
      "bad_f1": 0.0,
      "support_good": 3640,
      "support_medium": 4426,
      "support_bad": 119,
      "confusion_3x3": "[[2688, 952, 0], [160, 4266, 0], [0, 119, 0]]"
    },
    {
      "variant_id": "nl_n10800_gm_trim_bad_boundaryblocks_bigjump_badprobe_n96_d842a837823b",
      "prediction_mode": "simple_pc1_lowqrs_medium_keep_qbr030_flat012",
      "bucket": "original_test_good_medium_overlap",
      "n": 7492,
      "acc": 0.8515750133475708,
      "macro_f1": 0.5656168288441129,
      "good_recall": 0.7357023875624653,
      "medium_recall": 0.9588688946015425,
      "bad_recall": 0.0,
      "good_precision": 0.9430604982206405,
      "medium_precision": 0.7966680905595899,
      "bad_precision": 0.0,
      "good_f1": 0.8265751715533375,
      "medium_f1": 0.8702753149790013,
      "bad_f1": 0.0,
      "support_good": 3602,
      "support_medium": 3890,
      "support_bad": 0,
      "confusion_3x3": "[[2650, 952, 0], [160, 3730, 0], [0, 0, 0]]"
    },
    {
      "variant_id": "nl_n10800_gm_trim_bad_boundaryblocks_bigjump_badprobe_n96_d842a837823b",
      "prediction_mode": "simple_pc1_lowqrs_medium_keep_qbr030_flat012",
      "bucket": "original_all_bad_core_near_boundary",
      "n": 4084,
      "acc": 0.970617042115573,
      "macro_f1": 0.32836315440689195,
      "good_recall": 0.0,
      "medium_recall": 0.0,
      "bad_recall": 0.970617042115573,
      "good_precision": 0.0,
      "medium_precision": 0.0,
      "bad_precision": 1.0,
      "good_f1": 0.0,
      "medium_f1": 0.0,
      "bad_f1": 0.9850894632206759,
      "support_good": 0,
      "support_medium": 0,
      "support_bad": 4084,
      "confusion_3x3": "[[0, 0, 0], [0, 0, 0], [0, 120, 3964]]"
    },
    {
      "variant_id": "nl_n10800_gm_trim_bad_boundaryblocks_bigjump_badprobe_n96_d842a837823b",
      "prediction_mode": "simple_pc1_lowqrs_medium_keep_qbr030_flat012",
      "bucket": "original_all_bad_outlier_stress",
      "n": 1201,
      "acc": 0.6969192339716903,
      "macro_f1": 0.27379784102060845,
      "good_recall": 0.0,
      "medium_recall": 0.0,
      "bad_recall": 0.6969192339716903,
      "good_precision": 0.0,
      "medium_precision": 0.0,
      "bad_precision": 1.0,
      "good_f1": 0.0,
      "medium_f1": 0.0,
      "bad_f1": 0.8213935230618253,
      "support_good": 0,
      "support_medium": 0,
      "support_bad": 1201,
      "confusion_3x3": "[[0, 0, 0], [0, 0, 0], [25, 339, 837]]"
    }
  ],
  "selection_note": "Original BUT is report-only; Clean/SemiClean/node diagnostic remains the selection source."
}