{
  "created_at": "2026-06-13T05:13:19",
  "variant_id": "nl_n7181_gm_trim_bad_boundaryblocks_badattack_dual_n7180p_f1aa696dc526",
  "prediction_mode": "simple_pc1_gm_gate_t226",
  "metrics": [
    {
      "variant_id": "nl_n7181_gm_trim_bad_boundaryblocks_badattack_dual_n7180p_f1aa696dc526",
      "prediction_mode": "simple_pc1_gm_gate_t226",
      "bucket": "original_all_10s+",
      "n": 32956,
      "acc": 0.8314419225634179,
      "macro_f1": 0.8513032175931082,
      "good_recall": 0.8145866338086017,
      "medium_recall": 0.8197214904027098,
      "bad_recall": 0.9093661305581835,
      "good_precision": 0.8686103985484578,
      "medium_precision": 0.7197026022304833,
      "bad_precision": 0.9872637633525062,
      "good_f1": 0.8407315448434567,
      "medium_f1": 0.7664628513614569,
      "bad_f1": 0.9467152565744115,
      "support_good": 17043,
      "support_medium": 10628,
      "support_bad": 5285,
      "confusion_3x3": "[[13883, 3147, 13], [1867, 8712, 49], [233, 246, 4806]]"
    },
    {
      "variant_id": "nl_n7181_gm_trim_bad_boundaryblocks_badattack_dual_n7180p_f1aa696dc526",
      "prediction_mode": "simple_pc1_gm_gate_t226",
      "bucket": "original_test_all_10s+",
      "n": 8477,
      "acc": 0.7502654240887107,
      "macro_f1": 0.5163456277688818,
      "good_recall": 0.9318681318681319,
      "medium_recall": 0.6701310438319024,
      "bad_recall": 0.004866180048661801,
      "good_precision": 0.6727489091630305,
      "medium_precision": 0.8746682394573873,
      "bad_precision": 0.045454545454545456,
      "good_f1": 0.7813867772402672,
      "medium_f1": 0.7588588972751695,
      "bad_f1": 0.008791208791208791,
      "support_good": 3640,
      "support_medium": 4426,
      "support_bad": 411,
      "confusion_3x3": "[[3392, 247, 1], [1419, 2966, 41], [231, 178, 2]]"
    },
    {
      "variant_id": "nl_n7181_gm_trim_bad_boundaryblocks_badattack_dual_n7180p_f1aa696dc526",
      "prediction_mode": "simple_pc1_gm_gate_t226",
      "bucket": "original_test_good_medium_only",
      "n": 8066,
      "acc": 0.7882469625588892,
      "macro_f1": 0.5264288897915511,
      "good_recall": 0.9318681318681319,
      "medium_recall": 0.6701310438319024,
      "bad_recall": 0.0,
      "good_precision": 0.705050924963625,
      "medium_precision": 0.9231248054777467,
      "bad_precision": 0.0,
      "good_f1": 0.8027452372500296,
      "medium_f1": 0.7765414321246237,
      "bad_f1": 0.0,
      "support_good": 3640,
      "support_medium": 4426,
      "support_bad": 0,
      "confusion_3x3": "[[3392, 247, 1], [1419, 2966, 41], [0, 0, 0]]"
    },
    {
      "variant_id": "nl_n7181_gm_trim_bad_boundaryblocks_badattack_dual_n7180p_f1aa696dc526",
      "prediction_mode": "simple_pc1_gm_gate_t226",
      "bucket": "original_test_bad_core_near_boundary",
      "n": 119,
      "acc": 0.0,
      "macro_f1": 0.0,
      "good_recall": 0.0,
      "medium_recall": 0.0,
      "bad_recall": 0.0,
      "good_precision": 0.0,
      "medium_precision": 0.0,
      "bad_precision": 0.0,
      "good_f1": 0.0,
      "medium_f1": 0.0,
      "bad_f1": 0.0,
      "support_good": 0,
      "support_medium": 0,
      "support_bad": 119,
      "confusion_3x3": "[[0, 0, 0], [0, 0, 0], [0, 119, 0]]"
    },
    {
      "variant_id": "nl_n7181_gm_trim_bad_boundaryblocks_badattack_dual_n7180p_f1aa696dc526",
      "prediction_mode": "simple_pc1_gm_gate_t226",
      "bucket": "original_test_bad_outlier_stress",
      "n": 292,
      "acc": 0.00684931506849315,
      "macro_f1": 0.0045351473922902496,
      "good_recall": 0.0,
      "medium_recall": 0.0,
      "bad_recall": 0.00684931506849315,
      "good_precision": 0.0,
      "medium_precision": 0.0,
      "bad_precision": 1.0,
      "good_f1": 0.0,
      "medium_f1": 0.0,
      "bad_f1": 0.013605442176870748,
      "support_good": 0,
      "support_medium": 0,
      "support_bad": 292,
      "confusion_3x3": "[[0, 0, 0], [0, 0, 0], [231, 59, 2]]"
    },
    {
      "variant_id": "nl_n7181_gm_trim_bad_boundaryblocks_badattack_dual_n7180p_f1aa696dc526",
      "prediction_mode": "simple_pc1_gm_gate_t226",
      "bucket": "original_test_drop_bad_outlier_reference",
      "n": 8185,
      "acc": 0.7767868051313378,
      "macro_f1": 0.5224584321812206,
      "good_recall": 0.9318681318681319,
      "medium_recall": 0.6701310438319024,
      "bad_recall": 0.0,
      "good_precision": 0.705050924963625,
      "medium_precision": 0.89015606242497,
      "bad_precision": 0.0,
      "good_f1": 0.8027452372500296,
      "medium_f1": 0.7646300592936324,
      "bad_f1": 0.0,
      "support_good": 3640,
      "support_medium": 4426,
      "support_bad": 119,
      "confusion_3x3": "[[3392, 247, 1], [1419, 2966, 41], [0, 119, 0]]"
    },
    {
      "variant_id": "nl_n7181_gm_trim_bad_boundaryblocks_badattack_dual_n7180p_f1aa696dc526",
      "prediction_mode": "simple_pc1_gm_gate_t226",
      "bucket": "original_test_good_medium_overlap",
      "n": 7492,
      "acc": 0.7720234917245061,
      "macro_f1": 0.5136730600083185,
      "good_recall": 0.9311493614658523,
      "medium_recall": 0.6246786632390745,
      "bad_recall": 0.0,
      "good_precision": 0.7027027027027027,
      "medium_precision": 0.9077325364213672,
      "bad_precision": 0.0,
      "good_f1": 0.800955223880597,
      "medium_f1": 0.7400639561443582,
      "bad_f1": 0.0,
      "support_good": 3602,
      "support_medium": 3890,
      "support_bad": 0,
      "confusion_3x3": "[[3354, 247, 1], [1419, 2430, 41], [0, 0, 0]]"
    },
    {
      "variant_id": "nl_n7181_gm_trim_bad_boundaryblocks_badattack_dual_n7180p_f1aa696dc526",
      "prediction_mode": "simple_pc1_gm_gate_t226",
      "bucket": "original_all_bad_core_near_boundary",
      "n": 4084,
      "acc": 0.970617042115573,
      "macro_f1": 0.32836315440689195,
      "good_recall": 0.0,
      "medium_recall": 0.0,
      "bad_recall": 0.970617042115573,
      "good_precision": 0.0,
      "medium_precision": 0.0,
      "bad_precision": 1.0,
      "good_f1": 0.0,
      "medium_f1": 0.0,
      "bad_f1": 0.9850894632206759,
      "support_good": 0,
      "support_medium": 0,
      "support_bad": 4084,
      "confusion_3x3": "[[0, 0, 0], [0, 0, 0], [0, 120, 3964]]"
    },
    {
      "variant_id": "nl_n7181_gm_trim_bad_boundaryblocks_badattack_dual_n7180p_f1aa696dc526",
      "prediction_mode": "simple_pc1_gm_gate_t226",
      "bucket": "original_all_bad_outlier_stress",
      "n": 1201,
      "acc": 0.701082431307244,
      "macro_f1": 0.274759340838636,
      "good_recall": 0.0,
      "medium_recall": 0.0,
      "bad_recall": 0.701082431307244,
      "good_precision": 0.0,
      "medium_precision": 0.0,
      "bad_precision": 1.0,
      "good_f1": 0.0,
      "medium_f1": 0.0,
      "bad_f1": 0.824278022515908,
      "support_good": 0,
      "support_medium": 0,
      "support_bad": 1201,
      "confusion_3x3": "[[0, 0, 0], [0, 0, 0], [233, 126, 842]]"
    }
  ],
  "selection_note": "Original BUT is report-only; Clean/SemiClean/node diagnostic remains the selection source."
}