{
  "created_at": "2026-06-13T06:25:18",
  "variant_id": "nl_n7183_gm_trim_bad_boundaryblocks_badattackwide_dual_n7_4868958ba680",
  "prediction_mode": "raw",
  "metrics": [
    {
      "variant_id": "nl_n7183_gm_trim_bad_boundaryblocks_badattackwide_dual_n7_4868958ba680",
      "prediction_mode": "raw",
      "bucket": "original_all_10s+",
      "n": 32956,
      "acc": 0.7815875713071975,
      "macro_f1": 0.8087505690311073,
      "good_recall": 0.6794578419292379,
      "medium_recall": 0.8690252164094844,
      "bad_recall": 0.9350993377483444,
      "good_precision": 0.91926649202191,
      "medium_precision": 0.618910406754674,
      "bad_precision": 0.9091243561442237,
      "good_f1": 0.7813765182186235,
      "medium_f1": 0.7229462643340769,
      "bad_f1": 0.9219289245406213,
      "support_good": 17043,
      "support_medium": 10628,
      "support_bad": 5285,
      "confusion_3x3": "[[11580, 5397, 66], [964, 9236, 428], [53, 290, 4942]]"
    },
    {
      "variant_id": "nl_n7183_gm_trim_bad_boundaryblocks_badattackwide_dual_n7_4868958ba680",
      "prediction_mode": "raw",
      "bucket": "original_test_all_10s+",
      "n": 8477,
      "acc": 0.7607644213754866,
      "macro_f1": 0.6179531157145072,
      "good_recall": 0.7587912087912088,
      "medium_recall": 0.8038861274288296,
      "bad_recall": 0.31386861313868614,
      "good_precision": 0.839003645200486,
      "medium_precision": 0.764996774887121,
      "bad_precision": 0.24157303370786518,
      "good_f1": 0.7968840161569533,
      "medium_f1": 0.7839594579706952,
      "bad_f1": 0.273015873015873,
      "support_good": 3640,
      "support_medium": 4426,
      "support_bad": 411,
      "confusion_3x3": "[[2762, 860, 18], [481, 3558, 387], [49, 233, 129]]"
    },
    {
      "variant_id": "nl_n7183_gm_trim_bad_boundaryblocks_badattackwide_dual_n7_4868958ba680",
      "prediction_mode": "raw",
      "bucket": "original_test_good_medium_only",
      "n": 8066,
      "acc": 0.7835358294073891,
      "macro_f1": 0.5357234405679526,
      "good_recall": 0.7587912087912088,
      "medium_recall": 0.8038861274288296,
      "bad_recall": 0.0,
      "good_precision": 0.8516805427073697,
      "medium_precision": 0.8053417836124943,
      "bad_precision": 0.0,
      "good_f1": 0.8025570245532472,
      "medium_f1": 0.8046132971506106,
      "bad_f1": 0.0,
      "support_good": 3640,
      "support_medium": 4426,
      "support_bad": 0,
      "confusion_3x3": "[[2762, 860, 18], [481, 3558, 387], [0, 0, 0]]"
    },
    {
      "variant_id": "nl_n7183_gm_trim_bad_boundaryblocks_badattackwide_dual_n7_4868958ba680",
      "prediction_mode": "raw",
      "bucket": "original_test_bad_core_near_boundary",
      "n": 119,
      "acc": 0.8907563025210085,
      "macro_f1": 0.31407407407407406,
      "good_recall": 0.0,
      "medium_recall": 0.0,
      "bad_recall": 0.8907563025210085,
      "good_precision": 0.0,
      "medium_precision": 0.0,
      "bad_precision": 1.0,
      "good_f1": 0.0,
      "medium_f1": 0.0,
      "bad_f1": 0.9422222222222222,
      "support_good": 0,
      "support_medium": 0,
      "support_bad": 119,
      "confusion_3x3": "[[0, 0, 0], [0, 0, 0], [0, 13, 106]]"
    },
    {
      "variant_id": "nl_n7183_gm_trim_bad_boundaryblocks_badattackwide_dual_n7_4868958ba680",
      "prediction_mode": "raw",
      "bucket": "original_test_bad_outlier_stress",
      "n": 292,
      "acc": 0.07876712328767123,
      "macro_f1": 0.04867724867724868,
      "good_recall": 0.0,
      "medium_recall": 0.0,
      "bad_recall": 0.07876712328767123,
      "good_precision": 0.0,
      "medium_precision": 0.0,
      "bad_precision": 1.0,
      "good_f1": 0.0,
      "medium_f1": 0.0,
      "bad_f1": 0.14603174603174604,
      "support_good": 0,
      "support_medium": 0,
      "support_bad": 292,
      "confusion_3x3": "[[0, 0, 0], [0, 0, 0], [49, 220, 23]]"
    },
    {
      "variant_id": "nl_n7183_gm_trim_bad_boundaryblocks_badattackwide_dual_n7_4868958ba680",
      "prediction_mode": "raw",
      "bucket": "original_test_drop_bad_outlier_reference",
      "n": 8185,
      "acc": 0.7850946854001222,
      "macro_f1": 0.6474990914951979,
      "good_recall": 0.7587912087912088,
      "medium_recall": 0.8038861274288296,
      "bad_recall": 0.8907563025210085,
      "good_precision": 0.8516805427073697,
      "medium_precision": 0.8029790115098172,
      "bad_precision": 0.20743639921722112,
      "good_f1": 0.8025570245532472,
      "medium_f1": 0.80343231342441,
      "bad_f1": 0.33650793650793653,
      "support_good": 3640,
      "support_medium": 4426,
      "support_bad": 119,
      "confusion_3x3": "[[2762, 860, 18], [481, 3558, 387], [0, 13, 106]]"
    },
    {
      "variant_id": "nl_n7183_gm_trim_bad_boundaryblocks_badattackwide_dual_n7_4868958ba680",
      "prediction_mode": "raw",
      "bucket": "original_test_good_medium_overlap",
      "n": 7492,
      "acc": 0.7670848905499199,
      "macro_f1": 0.5260969448799266,
      "good_recall": 0.756246529705719,
      "medium_recall": 0.777120822622108,
      "bad_recall": 0.0,
      "good_precision": 0.850187265917603,
      "medium_precision": 0.7785217615245944,
      "bad_precision": 0.0,
      "good_f1": 0.8004701733764326,
      "medium_f1": 0.7778206612633475,
      "bad_f1": 0.0,
      "support_good": 3602,
      "support_medium": 3890,
      "support_bad": 0,
      "confusion_3x3": "[[2724, 860, 18], [480, 3023, 387], [0, 0, 0]]"
    },
    {
      "variant_id": "nl_n7183_gm_trim_bad_boundaryblocks_badattackwide_dual_n7_4868958ba680",
      "prediction_mode": "raw",
      "bucket": "original_all_bad_core_near_boundary",
      "n": 4084,
      "acc": 0.9965719882468168,
      "macro_f1": 0.33276101708772793,
      "good_recall": 0.0,
      "medium_recall": 0.0,
      "bad_recall": 0.9965719882468168,
      "good_precision": 0.0,
      "medium_precision": 0.0,
      "bad_precision": 1.0,
      "good_f1": 0.0,
      "medium_f1": 0.0,
      "bad_f1": 0.9982830512631837,
      "support_good": 0,
      "support_medium": 0,
      "support_bad": 4084,
      "confusion_3x3": "[[0, 0, 0], [0, 0, 0], [1, 13, 4070]]"
    },
    {
      "variant_id": "nl_n7183_gm_trim_bad_boundaryblocks_badattackwide_dual_n7_4868958ba680",
      "prediction_mode": "raw",
      "bucket": "original_all_bad_outlier_stress",
      "n": 1201,
      "acc": 0.7260616153205662,
      "macro_f1": 0.28043093744975073,
      "good_recall": 0.0,
      "medium_recall": 0.0,
      "bad_recall": 0.7260616153205662,
      "good_precision": 0.0,
      "medium_precision": 0.0,
      "bad_precision": 1.0,
      "good_f1": 0.0,
      "medium_f1": 0.0,
      "bad_f1": 0.8412928123492522,
      "support_good": 0,
      "support_medium": 0,
      "support_bad": 1201,
      "confusion_3x3": "[[0, 0, 0], [0, 0, 0], [52, 277, 872]]"
    }
  ],
  "selection_note": "Original BUT is report-only; Clean/SemiClean/node diagnostic remains the selection source."
}