{
  "created_at": "2026-06-13T08:38:48",
  "variant_id": "nl_n7187_gm_trim_bad_boundaryblocks_badoutlier_detail_bal_928cd8e5c0f2",
  "prediction_mode": "simple_pc1_gm_gate_t254",
  "metrics": [
    {
      "variant_id": "nl_n7187_gm_trim_bad_boundaryblocks_badoutlier_detail_bal_928cd8e5c0f2",
      "prediction_mode": "simple_pc1_gm_gate_t254",
      "bucket": "original_all_10s+",
      "n": 32956,
      "acc": 0.8147833474936279,
      "macro_f1": 0.8298640676470516,
      "good_recall": 0.7693481194625359,
      "medium_recall": 0.8264960481746331,
      "bad_recall": 0.937748344370861,
      "good_precision": 0.8988209487249794,
      "medium_precision": 0.6889952153110048,
      "bad_precision": 0.8820074746396156,
      "good_f1": 0.8290600992697038,
      "medium_f1": 0.7515078923728451,
      "bad_f1": 0.909024211298606,
      "support_good": 17043,
      "support_medium": 10628,
      "support_bad": 5285,
      "confusion_3x3": "[[13112, 3839, 92], [1273, 8784, 571], [203, 126, 4956]]"
    },
    {
      "variant_id": "nl_n7187_gm_trim_bad_boundaryblocks_badoutlier_detail_bal_928cd8e5c0f2",
      "prediction_mode": "simple_pc1_gm_gate_t254",
      "bucket": "original_test_all_10s+",
      "n": 8477,
      "acc": 0.7622979827769258,
      "macro_f1": 0.6183987933368854,
      "good_recall": 0.9137362637362637,
      "medium_recall": 0.6766832354270221,
      "bad_recall": 0.34306569343065696,
      "good_precision": 0.7450716845878136,
      "medium_precision": 0.8913690476190477,
      "bad_precision": 0.21592649310872894,
      "good_f1": 0.8208292201382034,
      "medium_f1": 0.7693295658874904,
      "bad_f1": 0.2650375939849624,
      "support_good": 3640,
      "support_medium": 4426,
      "support_bad": 411,
      "confusion_3x3": "[[3326, 295, 19], [938, 2995, 493], [200, 70, 141]]"
    },
    {
      "variant_id": "nl_n7187_gm_trim_bad_boundaryblocks_badoutlier_detail_bal_928cd8e5c0f2",
      "prediction_mode": "simple_pc1_gm_gate_t254",
      "bucket": "original_test_good_medium_only",
      "n": 8066,
      "acc": 0.7836598065955864,
      "macro_f1": 0.5393027195535994,
      "good_recall": 0.9137362637362637,
      "medium_recall": 0.6766832354270221,
      "bad_recall": 0.0,
      "good_precision": 0.7800187617260788,
      "medium_precision": 0.9103343465045592,
      "bad_precision": 0.0,
      "good_f1": 0.8415991902834008,
      "medium_f1": 0.7763089683773976,
      "bad_f1": 0.0,
      "support_good": 3640,
      "support_medium": 4426,
      "support_bad": 0,
      "confusion_3x3": "[[3326, 295, 19], [938, 2995, 493], [0, 0, 0]]"
    },
    {
      "variant_id": "nl_n7187_gm_trim_bad_boundaryblocks_badoutlier_detail_bal_928cd8e5c0f2",
      "prediction_mode": "simple_pc1_gm_gate_t254",
      "bucket": "original_test_bad_core_near_boundary",
      "n": 119,
      "acc": 1.0,
      "macro_f1": 0.3333333333333333,
      "good_recall": 0.0,
      "medium_recall": 0.0,
      "bad_recall": 1.0,
      "good_precision": 0.0,
      "medium_precision": 0.0,
      "bad_precision": 1.0,
      "good_f1": 0.0,
      "medium_f1": 0.0,
      "bad_f1": 1.0,
      "support_good": 0,
      "support_medium": 0,
      "support_bad": 119,
      "confusion_3x3": "[[0, 0, 0], [0, 0, 0], [0, 0, 119]]"
    },
    {
      "variant_id": "nl_n7187_gm_trim_bad_boundaryblocks_badoutlier_detail_bal_928cd8e5c0f2",
      "prediction_mode": "simple_pc1_gm_gate_t254",
      "bucket": "original_test_bad_outlier_stress",
      "n": 292,
      "acc": 0.07534246575342465,
      "macro_f1": 0.04670912951167728,
      "good_recall": 0.0,
      "medium_recall": 0.0,
      "bad_recall": 0.07534246575342465,
      "good_precision": 0.0,
      "medium_precision": 0.0,
      "bad_precision": 1.0,
      "good_f1": 0.0,
      "medium_f1": 0.0,
      "bad_f1": 0.14012738853503184,
      "support_good": 0,
      "support_medium": 0,
      "support_bad": 292,
      "confusion_3x3": "[[0, 0, 0], [0, 0, 0], [200, 70, 22]]"
    },
    {
      "variant_id": "nl_n7187_gm_trim_bad_boundaryblocks_badoutlier_detail_bal_928cd8e5c0f2",
      "prediction_mode": "simple_pc1_gm_gate_t254",
      "bucket": "original_test_drop_bad_outlier_reference",
      "n": 8185,
      "acc": 0.786805131337813,
      "macro_f1": 0.6450804973313772,
      "good_recall": 0.9137362637362637,
      "medium_recall": 0.6766832354270221,
      "bad_recall": 1.0,
      "good_precision": 0.7800187617260788,
      "medium_precision": 0.9103343465045592,
      "bad_precision": 0.18858954041204437,
      "good_f1": 0.8415991902834008,
      "medium_f1": 0.7763089683773976,
      "bad_f1": 0.31733333333333336,
      "support_good": 3640,
      "support_medium": 4426,
      "support_bad": 119,
      "confusion_3x3": "[[3326, 295, 19], [938, 2995, 493], [0, 0, 119]]"
    },
    {
      "variant_id": "nl_n7187_gm_trim_bad_boundaryblocks_badoutlier_detail_bal_928cd8e5c0f2",
      "prediction_mode": "simple_pc1_gm_gate_t254",
      "bucket": "original_test_good_medium_overlap",
      "n": 7492,
      "acc": 0.7705552589428724,
      "macro_f1": 0.5283962515420879,
      "good_recall": 0.9128262076624097,
      "medium_recall": 0.6388174807197944,
      "bad_recall": 0.0,
      "good_precision": 0.7780407004259347,
      "medium_precision": 0.8938848920863309,
      "bad_precision": 0.0,
      "good_f1": 0.8400613183444047,
      "medium_f1": 0.7451274362818591,
      "bad_f1": 0.0,
      "support_good": 3602,
      "support_medium": 3890,
      "support_bad": 0,
      "confusion_3x3": "[[3288, 295, 19], [938, 2485, 467], [0, 0, 0]]"
    },
    {
      "variant_id": "nl_n7187_gm_trim_bad_boundaryblocks_badoutlier_detail_bal_928cd8e5c0f2",
      "prediction_mode": "simple_pc1_gm_gate_t254",
      "bucket": "original_all_bad_core_near_boundary",
      "n": 4084,
      "acc": 0.9997551420176298,
      "macro_f1": 0.3332925186727072,
      "good_recall": 0.0,
      "medium_recall": 0.0,
      "bad_recall": 0.9997551420176298,
      "good_precision": 0.0,
      "medium_precision": 0.0,
      "bad_precision": 1.0,
      "good_f1": 0.0,
      "medium_f1": 0.0,
      "bad_f1": 0.9998775560181217,
      "support_good": 0,
      "support_medium": 0,
      "support_bad": 4084,
      "confusion_3x3": "[[0, 0, 0], [0, 0, 0], [0, 1, 4083]]"
    },
    {
      "variant_id": "nl_n7187_gm_trim_bad_boundaryblocks_badoutlier_detail_bal_928cd8e5c0f2",
      "prediction_mode": "simple_pc1_gm_gate_t254",
      "bucket": "original_all_bad_outlier_stress",
      "n": 1201,
      "acc": 0.7268942547876769,
      "macro_f1": 0.2806171648987464,
      "good_recall": 0.0,
      "medium_recall": 0.0,
      "bad_recall": 0.7268942547876769,
      "good_precision": 0.0,
      "medium_precision": 0.0,
      "bad_precision": 1.0,
      "good_f1": 0.0,
      "medium_f1": 0.0,
      "bad_f1": 0.8418514946962391,
      "support_good": 0,
      "support_medium": 0,
      "support_bad": 1201,
      "confusion_3x3": "[[0, 0, 0], [0, 0, 0], [203, 125, 873]]"
    }
  ],
  "selection_note": "Original BUT is report-only; Clean/SemiClean/node diagnostic remains the selection source."
}