{
  "created_at": "2026-06-13T06:25:18",
  "variant_id": "nl_n7183_gm_trim_bad_boundaryblocks_badattackwide_dual_n7_4868958ba680",
  "prediction_mode": "simple_pc1_gm_gate_t226",
  "metrics": [
    {
      "variant_id": "nl_n7183_gm_trim_bad_boundaryblocks_badattackwide_dual_n7_4868958ba680",
      "prediction_mode": "simple_pc1_gm_gate_t226",
      "bucket": "original_all_10s+",
      "n": 32956,
      "acc": 0.8325949751183396,
      "macro_f1": 0.8459478497025916,
      "good_recall": 0.811476852666784,
      "medium_recall": 0.8154873917952578,
      "bad_recall": 0.9350993377483444,
      "good_precision": 0.887904468412943,
      "medium_precision": 0.7256363027461487,
      "bad_precision": 0.9091243561442237,
      "good_f1": 0.8479720408350961,
      "medium_f1": 0.7679425837320574,
      "bad_f1": 0.9219289245406213,
      "support_good": 17043,
      "support_medium": 10628,
      "support_bad": 5285,
      "confusion_3x3": "[[13830, 3147, 66], [1533, 8667, 428], [213, 130, 4942]]"
    },
    {
      "variant_id": "nl_n7183_gm_trim_bad_boundaryblocks_badattackwide_dual_n7_4868958ba680",
      "prediction_mode": "simple_pc1_gm_gate_t226",
      "bucket": "original_test_all_10s+",
      "n": 8477,
      "acc": 0.7602925563288899,
      "macro_f1": 0.6164370693270048,
      "good_recall": 0.9271978021978022,
      "medium_recall": 0.6644826028016267,
      "bad_recall": 0.31386861313868614,
      "good_precision": 0.7205380017079419,
      "medium_precision": 0.9024240564590366,
      "bad_precision": 0.24157303370786518,
      "good_f1": 0.8109082172032677,
      "medium_f1": 0.7653871177618737,
      "bad_f1": 0.273015873015873,
      "support_good": 3640,
      "support_medium": 4426,
      "support_bad": 411,
      "confusion_3x3": "[[3375, 247, 18], [1098, 2941, 387], [211, 71, 129]]"
    },
    {
      "variant_id": "nl_n7183_gm_trim_bad_boundaryblocks_badattackwide_dual_n7_4868958ba680",
      "prediction_mode": "simple_pc1_gm_gate_t226",
      "bucket": "original_test_good_medium_only",
      "n": 8066,
      "acc": 0.7830399206545996,
      "macro_f1": 0.5348407750678397,
      "good_recall": 0.9271978021978022,
      "medium_recall": 0.6644826028016267,
      "bad_recall": 0.0,
      "good_precision": 0.7545271629778671,
      "medium_precision": 0.9225219573400251,
      "bad_precision": 0.0,
      "good_f1": 0.8319980278565265,
      "medium_f1": 0.7725242973469924,
      "bad_f1": 0.0,
      "support_good": 3640,
      "support_medium": 4426,
      "support_bad": 0,
      "confusion_3x3": "[[3375, 247, 18], [1098, 2941, 387], [0, 0, 0]]"
    },
    {
      "variant_id": "nl_n7183_gm_trim_bad_boundaryblocks_badattackwide_dual_n7_4868958ba680",
      "prediction_mode": "simple_pc1_gm_gate_t226",
      "bucket": "original_test_bad_core_near_boundary",
      "n": 119,
      "acc": 0.8907563025210085,
      "macro_f1": 0.31407407407407406,
      "good_recall": 0.0,
      "medium_recall": 0.0,
      "bad_recall": 0.8907563025210085,
      "good_precision": 0.0,
      "medium_precision": 0.0,
      "bad_precision": 1.0,
      "good_f1": 0.0,
      "medium_f1": 0.0,
      "bad_f1": 0.9422222222222222,
      "support_good": 0,
      "support_medium": 0,
      "support_bad": 119,
      "confusion_3x3": "[[0, 0, 0], [0, 0, 0], [0, 13, 106]]"
    },
    {
      "variant_id": "nl_n7183_gm_trim_bad_boundaryblocks_badattackwide_dual_n7_4868958ba680",
      "prediction_mode": "simple_pc1_gm_gate_t226",
      "bucket": "original_test_bad_outlier_stress",
      "n": 292,
      "acc": 0.07876712328767123,
      "macro_f1": 0.04867724867724868,
      "good_recall": 0.0,
      "medium_recall": 0.0,
      "bad_recall": 0.07876712328767123,
      "good_precision": 0.0,
      "medium_precision": 0.0,
      "bad_precision": 1.0,
      "good_f1": 0.0,
      "medium_f1": 0.0,
      "bad_f1": 0.14603174603174604,
      "support_good": 0,
      "support_medium": 0,
      "support_bad": 292,
      "confusion_3x3": "[[0, 0, 0], [0, 0, 0], [211, 58, 23]]"
    },
    {
      "variant_id": "nl_n7183_gm_trim_bad_boundaryblocks_badattackwide_dual_n7_4868958ba680",
      "prediction_mode": "simple_pc1_gm_gate_t226",
      "bucket": "original_test_drop_bad_outlier_reference",
      "n": 8185,
      "acc": 0.784605986560782,
      "macro_f1": 0.6465711721606469,
      "good_recall": 0.9271978021978022,
      "medium_recall": 0.6644826028016267,
      "bad_recall": 0.8907563025210085,
      "good_precision": 0.7545271629778671,
      "medium_precision": 0.9187753826929085,
      "bad_precision": 0.20743639921722112,
      "good_f1": 0.8319980278565265,
      "medium_f1": 0.7712075521174774,
      "bad_f1": 0.33650793650793653,
      "support_good": 3640,
      "support_medium": 4426,
      "support_bad": 119,
      "confusion_3x3": "[[3375, 247, 18], [1098, 2941, 387], [0, 13, 106]]"
    },
    {
      "variant_id": "nl_n7183_gm_trim_bad_boundaryblocks_badattackwide_dual_n7_4868958ba680",
      "prediction_mode": "simple_pc1_gm_gate_t226",
      "bucket": "original_test_good_medium_overlap",
      "n": 7492,
      "acc": 0.7664175120128137,
      "macro_f1": 0.5218861720012181,
      "good_recall": 0.9264297612437534,
      "medium_recall": 0.6182519280205655,
      "bad_recall": 0.0,
      "good_precision": 0.752423900789177,
      "medium_precision": 0.9068627450980392,
      "bad_precision": 0.0,
      "good_f1": 0.8304093567251462,
      "medium_f1": 0.7352491592785081,
      "bad_f1": 0.0,
      "support_good": 3602,
      "support_medium": 3890,
      "support_bad": 0,
      "confusion_3x3": "[[3337, 247, 18], [1098, 2405, 387], [0, 0, 0]]"
    },
    {
      "variant_id": "nl_n7183_gm_trim_bad_boundaryblocks_badattackwide_dual_n7_4868958ba680",
      "prediction_mode": "simple_pc1_gm_gate_t226",
      "bucket": "original_all_bad_core_near_boundary",
      "n": 4084,
      "acc": 0.9965719882468168,
      "macro_f1": 0.33276101708772793,
      "good_recall": 0.0,
      "medium_recall": 0.0,
      "bad_recall": 0.9965719882468168,
      "good_precision": 0.0,
      "medium_precision": 0.0,
      "bad_precision": 1.0,
      "good_f1": 0.0,
      "medium_f1": 0.0,
      "bad_f1": 0.9982830512631837,
      "support_good": 0,
      "support_medium": 0,
      "support_bad": 4084,
      "confusion_3x3": "[[0, 0, 0], [0, 0, 0], [0, 14, 4070]]"
    },
    {
      "variant_id": "nl_n7183_gm_trim_bad_boundaryblocks_badattackwide_dual_n7_4868958ba680",
      "prediction_mode": "simple_pc1_gm_gate_t226",
      "bucket": "original_all_bad_outlier_stress",
      "n": 1201,
      "acc": 0.7260616153205662,
      "macro_f1": 0.28043093744975073,
      "good_recall": 0.0,
      "medium_recall": 0.0,
      "bad_recall": 0.7260616153205662,
      "good_precision": 0.0,
      "medium_precision": 0.0,
      "bad_precision": 1.0,
      "good_f1": 0.0,
      "medium_f1": 0.0,
      "bad_f1": 0.8412928123492522,
      "support_good": 0,
      "support_medium": 0,
      "support_bad": 1201,
      "confusion_3x3": "[[0, 0, 0], [0, 0, 0], [213, 116, 872]]"
    }
  ],
  "selection_note": "Original BUT is report-only; Clean/SemiClean/node diagnostic remains the selection source."
}