{
  "created_at": "2026-06-13T03:39:24",
  "variant_id": "nl_n7179_gm_trim_bad_boundaryblocks_ultramicro_goodmed_n7_7a210e9eef05",
  "prediction_mode": "simple_pc1_gm_gate_t226",
  "metrics": [
    {
      "variant_id": "nl_n7179_gm_trim_bad_boundaryblocks_ultramicro_goodmed_n7_7a210e9eef05",
      "prediction_mode": "simple_pc1_gm_gate_t226",
      "bucket": "original_all_10s+",
      "n": 32956,
      "acc": 0.8343548974390096,
      "macro_f1": 0.8567105725065685,
      "good_recall": 0.8153494103150853,
      "medium_recall": 0.819439217162213,
      "bad_recall": 0.9256385998107852,
      "good_precision": 0.8660641944531007,
      "medium_precision": 0.7249042783419344,
      "bad_precision": 0.9989789667143149,
      "good_f1": 0.8399419729206963,
      "medium_f1": 0.7692783323028001,
      "bad_f1": 0.960911412296209,
      "support_good": 17043,
      "support_medium": 10628,
      "support_bad": 5285,
      "confusion_3x3": "[[13896, 3147, 0], [1914, 8709, 5], [235, 158, 4892]]"
    },
    {
      "variant_id": "nl_n7179_gm_trim_bad_boundaryblocks_ultramicro_goodmed_n7_7a210e9eef05",
      "prediction_mode": "simple_pc1_gm_gate_t226",
      "bucket": "original_test_all_10s+",
      "n": 8477,
      "acc": 0.7605284888521883,
      "macro_f1": 0.6305166493369483,
      "good_recall": 0.9321428571428572,
      "medium_recall": 0.6705829191143244,
      "bad_recall": 0.20924574209245742,
      "good_precision": 0.6673878835562549,
      "medium_precision": 0.8974901723616571,
      "bad_precision": 1.0,
      "good_f1": 0.7778541953232462,
      "medium_f1": 0.7676192939350834,
      "bad_f1": 0.3460764587525151,
      "support_good": 3640,
      "support_medium": 4426,
      "support_bad": 411,
      "confusion_3x3": "[[3393, 247, 0], [1458, 2968, 0], [233, 92, 86]]"
    },
    {
      "variant_id": "nl_n7179_gm_trim_bad_boundaryblocks_ultramicro_goodmed_n7_7a210e9eef05",
      "prediction_mode": "simple_pc1_gm_gate_t226",
      "bucket": "original_test_good_medium_only",
      "n": 8066,
      "acc": 0.7886188941234813,
      "macro_f1": 0.5253536064547905,
      "good_recall": 0.9321428571428572,
      "medium_recall": 0.6705829191143244,
      "bad_recall": 0.0,
      "good_precision": 0.699443413729128,
      "medium_precision": 0.9231726283048212,
      "bad_precision": 0.0,
      "good_f1": 0.79919915204334,
      "medium_f1": 0.7768616673210312,
      "bad_f1": 0.0,
      "support_good": 3640,
      "support_medium": 4426,
      "support_bad": 0,
      "confusion_3x3": "[[3393, 247, 0], [1458, 2968, 0], [0, 0, 0]]"
    },
    {
      "variant_id": "nl_n7179_gm_trim_bad_boundaryblocks_ultramicro_goodmed_n7_7a210e9eef05",
      "prediction_mode": "simple_pc1_gm_gate_t226",
      "bucket": "original_test_bad_core_near_boundary",
      "n": 119,
      "acc": 0.7226890756302521,
      "macro_f1": 0.27967479674796747,
      "good_recall": 0.0,
      "medium_recall": 0.0,
      "bad_recall": 0.7226890756302521,
      "good_precision": 0.0,
      "medium_precision": 0.0,
      "bad_precision": 1.0,
      "good_f1": 0.0,
      "medium_f1": 0.0,
      "bad_f1": 0.8390243902439024,
      "support_good": 0,
      "support_medium": 0,
      "support_bad": 119,
      "confusion_3x3": "[[0, 0, 0], [0, 0, 0], [0, 33, 86]]"
    },
    {
      "variant_id": "nl_n7179_gm_trim_bad_boundaryblocks_ultramicro_goodmed_n7_7a210e9eef05",
      "prediction_mode": "simple_pc1_gm_gate_t226",
      "bucket": "original_test_bad_outlier_stress",
      "n": 292,
      "acc": 0.0,
      "macro_f1": 0.0,
      "good_recall": 0.0,
      "medium_recall": 0.0,
      "bad_recall": 0.0,
      "good_precision": 0.0,
      "medium_precision": 0.0,
      "bad_precision": 0.0,
      "good_f1": 0.0,
      "medium_f1": 0.0,
      "bad_f1": 0.0,
      "support_good": 0,
      "support_medium": 0,
      "support_bad": 292,
      "confusion_3x3": "[[0, 0, 0], [0, 0, 0], [233, 59, 0]]"
    },
    {
      "variant_id": "nl_n7179_gm_trim_bad_boundaryblocks_ultramicro_goodmed_n7_7a210e9eef05",
      "prediction_mode": "simple_pc1_gm_gate_t226",
      "bucket": "original_test_drop_bad_outlier_reference",
      "n": 8185,
      "acc": 0.7876603543066585,
      "macro_f1": 0.803914840739827,
      "good_recall": 0.9321428571428572,
      "medium_recall": 0.6705829191143244,
      "bad_recall": 0.7226890756302521,
      "good_precision": 0.699443413729128,
      "medium_precision": 0.9137931034482759,
      "bad_precision": 1.0,
      "good_f1": 0.79919915204334,
      "medium_f1": 0.7735209799322388,
      "bad_f1": 0.8390243902439024,
      "support_good": 3640,
      "support_medium": 4426,
      "support_bad": 119,
      "confusion_3x3": "[[3393, 247, 0], [1458, 2968, 0], [0, 33, 86]]"
    },
    {
      "variant_id": "nl_n7179_gm_trim_bad_boundaryblocks_ultramicro_goodmed_n7_7a210e9eef05",
      "prediction_mode": "simple_pc1_gm_gate_t226",
      "bucket": "original_test_good_medium_overlap",
      "n": 7492,
      "acc": 0.7724239188467699,
      "macro_f1": 0.512611059206924,
      "good_recall": 0.9314269850083287,
      "medium_recall": 0.6251928020565553,
      "bad_recall": 0.0,
      "good_precision": 0.6970704342405983,
      "medium_precision": 0.9078014184397163,
      "bad_precision": 0.0,
      "good_f1": 0.7973856209150327,
      "medium_f1": 0.740447556705739,
      "bad_f1": 0.0,
      "support_good": 3602,
      "support_medium": 3890,
      "support_bad": 0,
      "confusion_3x3": "[[3355, 247, 0], [1458, 2432, 0], [0, 0, 0]]"
    },
    {
      "variant_id": "nl_n7179_gm_trim_bad_boundaryblocks_ultramicro_goodmed_n7_7a210e9eef05",
      "prediction_mode": "simple_pc1_gm_gate_t226",
      "bucket": "original_all_bad_core_near_boundary",
      "n": 4084,
      "acc": 0.9919196865817825,
      "macro_f1": 0.33198115140340095,
      "good_recall": 0.0,
      "medium_recall": 0.0,
      "bad_recall": 0.9919196865817825,
      "good_precision": 0.0,
      "medium_precision": 0.0,
      "bad_precision": 1.0,
      "good_f1": 0.0,
      "medium_f1": 0.0,
      "bad_f1": 0.9959434542102028,
      "support_good": 0,
      "support_medium": 0,
      "support_bad": 4084,
      "confusion_3x3": "[[0, 0, 0], [0, 0, 0], [0, 33, 4051]]"
    },
    {
      "variant_id": "nl_n7179_gm_trim_bad_boundaryblocks_ultramicro_goodmed_n7_7a210e9eef05",
      "prediction_mode": "simple_pc1_gm_gate_t226",
      "bucket": "original_all_bad_outlier_stress",
      "n": 1201,
      "acc": 0.7002497918401333,
      "macro_f1": 0.2745674175644793,
      "good_recall": 0.0,
      "medium_recall": 0.0,
      "bad_recall": 0.7002497918401333,
      "good_precision": 0.0,
      "medium_precision": 0.0,
      "bad_precision": 1.0,
      "good_f1": 0.0,
      "medium_f1": 0.0,
      "bad_f1": 0.8237022526934378,
      "support_good": 0,
      "support_medium": 0,
      "support_bad": 1201,
      "confusion_3x3": "[[0, 0, 0], [0, 0, 0], [235, 125, 841]]"
    }
  ],
  "selection_note": "Original BUT is report-only; Clean/SemiClean/node diagnostic remains the selection source."
}