{
  "created_at": "2026-06-13T19:33:04",
  "variant_id": "nl_n11200_gm_trim_bad_boundaryblocks_n10000shell_thinprob_84079be0011f",
  "prediction_mode": "rawbad_feature_pc1_qrsprom_visiblegood_plus_precision_veto",
  "metrics": [
    {
      "variant_id": "nl_n11200_gm_trim_bad_boundaryblocks_n10000shell_thinprob_84079be0011f",
      "prediction_mode": "rawbad_feature_pc1_qrsprom_visiblegood_plus_precision_veto",
      "bucket": "original_all_10s+",
      "n": 32956,
      "acc": 0.8259800946716834,
      "macro_f1": 0.8484783657220708,
      "good_recall": 0.7508654579592795,
      "medium_recall": 0.88558524651863,
      "bad_recall": 0.9483443708609272,
      "good_precision": 0.9269829771821804,
      "medium_precision": 0.6797140174767098,
      "bad_precision": 0.944947209653092,
      "good_f1": 0.8296810165975104,
      "medium_f1": 0.7691113381001021,
      "bad_f1": 0.9466427424685995,
      "support_good": 17043,
      "support_medium": 10628,
      "support_bad": 5285,
      "confusion_3x3": "[[12797, 4181, 65], [989, 9412, 227], [19, 254, 5012]]"
    },
    {
      "variant_id": "nl_n11200_gm_trim_bad_boundaryblocks_n10000shell_thinprob_84079be0011f",
      "prediction_mode": "rawbad_feature_pc1_qrsprom_visiblegood_plus_precision_veto",
      "bucket": "original_test_all_10s+",
      "n": 8477,
      "acc": 0.8649286304117022,
      "macro_f1": 0.7531942276390292,
      "good_recall": 0.8516483516483516,
      "medium_recall": 0.9105286940804338,
      "bad_recall": 0.49148418491484186,
      "good_precision": 0.9340162699608315,
      "medium_precision": 0.8494940978077572,
      "bad_precision": 0.48792270531400966,
      "good_f1": 0.8909326052593763,
      "medium_f1": 0.8789531079607416,
      "bad_f1": 0.4896969696969697,
      "support_good": 3640,
      "support_medium": 4426,
      "support_bad": 411,
      "confusion_3x3": "[[3100, 524, 16], [200, 4030, 196], [19, 190, 202]]"
    },
    {
      "variant_id": "nl_n11200_gm_trim_bad_boundaryblocks_n10000shell_thinprob_84079be0011f",
      "prediction_mode": "rawbad_feature_pc1_qrsprom_visiblegood_plus_precision_veto",
      "bucket": "original_test_good_medium_only",
      "n": 8066,
      "acc": 0.8839573518472601,
      "macro_f1": 0.5969739564278823,
      "good_recall": 0.8516483516483516,
      "medium_recall": 0.9105286940804338,
      "bad_recall": 0.0,
      "good_precision": 0.9393939393939394,
      "medium_precision": 0.8849363197189284,
      "bad_precision": 0.0,
      "good_f1": 0.8933717579250721,
      "medium_f1": 0.8975501113585747,
      "bad_f1": 0.0,
      "support_good": 3640,
      "support_medium": 4426,
      "support_bad": 0,
      "confusion_3x3": "[[3100, 524, 16], [200, 4030, 196], [0, 0, 0]]"
    },
    {
      "variant_id": "nl_n11200_gm_trim_bad_boundaryblocks_n10000shell_thinprob_84079be0011f",
      "prediction_mode": "rawbad_feature_pc1_qrsprom_visiblegood_plus_precision_veto",
      "bucket": "original_test_bad_core_near_boundary",
      "n": 119,
      "acc": 1.0,
      "macro_f1": 0.3333333333333333,
      "good_recall": 0.0,
      "medium_recall": 0.0,
      "bad_recall": 1.0,
      "good_precision": 0.0,
      "medium_precision": 0.0,
      "bad_precision": 1.0,
      "good_f1": 0.0,
      "medium_f1": 0.0,
      "bad_f1": 1.0,
      "support_good": 0,
      "support_medium": 0,
      "support_bad": 119,
      "confusion_3x3": "[[0, 0, 0], [0, 0, 0], [0, 0, 119]]"
    },
    {
      "variant_id": "nl_n11200_gm_trim_bad_boundaryblocks_n10000shell_thinprob_84079be0011f",
      "prediction_mode": "rawbad_feature_pc1_qrsprom_visiblegood_plus_precision_veto",
      "bucket": "original_test_bad_outlier_stress",
      "n": 292,
      "acc": 0.2842465753424658,
      "macro_f1": 0.14755555555555555,
      "good_recall": 0.0,
      "medium_recall": 0.0,
      "bad_recall": 0.2842465753424658,
      "good_precision": 0.0,
      "medium_precision": 0.0,
      "bad_precision": 1.0,
      "good_f1": 0.0,
      "medium_f1": 0.0,
      "bad_f1": 0.44266666666666665,
      "support_good": 0,
      "support_medium": 0,
      "support_bad": 292,
      "confusion_3x3": "[[0, 0, 0], [0, 0, 0], [19, 190, 83]]"
    },
    {
      "variant_id": "nl_n11200_gm_trim_bad_boundaryblocks_n10000shell_thinprob_84079be0011f",
      "prediction_mode": "rawbad_feature_pc1_qrsprom_visiblegood_plus_precision_veto",
      "bucket": "original_test_drop_bad_outlier_reference",
      "n": 8185,
      "acc": 0.88564447159438,
      "macro_f1": 0.7732702527241786,
      "good_recall": 0.8516483516483516,
      "medium_recall": 0.9105286940804338,
      "bad_recall": 1.0,
      "good_precision": 0.9393939393939394,
      "medium_precision": 0.8849363197189284,
      "bad_precision": 0.3595166163141994,
      "good_f1": 0.8933717579250721,
      "medium_f1": 0.8975501113585747,
      "bad_f1": 0.5288888888888889,
      "support_good": 3640,
      "support_medium": 4426,
      "support_bad": 119,
      "confusion_3x3": "[[3100, 524, 16], [200, 4030, 196], [0, 0, 119]]"
    },
    {
      "variant_id": "nl_n11200_gm_trim_bad_boundaryblocks_n10000shell_thinprob_84079be0011f",
      "prediction_mode": "rawbad_feature_pc1_qrsprom_visiblegood_plus_precision_veto",
      "bucket": "original_test_good_medium_overlap",
      "n": 7492,
      "acc": 0.8752002135611319,
      "macro_f1": 0.5920414681546768,
      "good_recall": 0.8500832870627429,
      "medium_recall": 0.8984575835475579,
      "bad_recall": 0.0,
      "good_precision": 0.9389757743023612,
      "medium_precision": 0.8696193082856432,
      "bad_precision": 0.0,
      "good_f1": 0.8923211423575695,
      "medium_f1": 0.883803262106461,
      "bad_f1": 0.0,
      "support_good": 3602,
      "support_medium": 3890,
      "support_bad": 0,
      "confusion_3x3": "[[3062, 524, 16], [199, 3495, 196], [0, 0, 0]]"
    },
    {
      "variant_id": "nl_n11200_gm_trim_bad_boundaryblocks_n10000shell_thinprob_84079be0011f",
      "prediction_mode": "rawbad_feature_pc1_qrsprom_visiblegood_plus_precision_veto",
      "bucket": "original_all_bad_core_near_boundary",
      "n": 4084,
      "acc": 1.0,
      "macro_f1": 0.3333333333333333,
      "good_recall": 0.0,
      "medium_recall": 0.0,
      "bad_recall": 1.0,
      "good_precision": 0.0,
      "medium_precision": 0.0,
      "bad_precision": 1.0,
      "good_f1": 0.0,
      "medium_f1": 0.0,
      "bad_f1": 1.0,
      "support_good": 0,
      "support_medium": 0,
      "support_bad": 4084,
      "confusion_3x3": "[[0, 0, 0], [0, 0, 0], [0, 0, 4084]]"
    },
    {
      "variant_id": "nl_n11200_gm_trim_bad_boundaryblocks_n10000shell_thinprob_84079be0011f",
      "prediction_mode": "rawbad_feature_pc1_qrsprom_visiblegood_plus_precision_veto",
      "bucket": "original_all_bad_outlier_stress",
      "n": 1201,
      "acc": 0.7726894254787677,
      "macro_f1": 0.2905902614686081,
      "good_recall": 0.0,
      "medium_recall": 0.0,
      "bad_recall": 0.7726894254787677,
      "good_precision": 0.0,
      "medium_precision": 0.0,
      "bad_precision": 1.0,
      "good_f1": 0.0,
      "medium_f1": 0.0,
      "bad_f1": 0.8717707844058243,
      "support_good": 0,
      "support_medium": 0,
      "support_bad": 1201,
      "confusion_3x3": "[[0, 0, 0], [0, 0, 0], [19, 254, 928]]"
    }
  ],
  "selection_note": "Original BUT is report-only; Clean/SemiClean/node diagnostic remains the selection source."
}