{
  "created_at": "2026-06-13T14:36:45",
  "variant_id": "nl_n8400_gm_trim_bad_boundaryblocks_bigjump_origdomain_n7_5db65e4c5efd",
  "prediction_mode": "raw",
  "metrics": [
    {
      "variant_id": "nl_n8400_gm_trim_bad_boundaryblocks_bigjump_origdomain_n7_5db65e4c5efd",
      "prediction_mode": "raw",
      "bucket": "original_all_10s+",
      "n": 32956,
      "acc": 0.6983553829348221,
      "macro_f1": 0.7510763019803144,
      "good_recall": 0.47591386492988325,
      "medium_recall": 0.9516371847948815,
      "bad_recall": 0.9063386944181646,
      "good_precision": 0.9346623646001383,
      "medium_precision": 0.5189860426929392,
      "bad_precision": 1.0,
      "good_f1": 0.6306908751603748,
      "medium_f1": 0.6716695444282109,
      "bad_f1": 0.9508684863523573,
      "support_good": 17043,
      "support_medium": 10628,
      "support_bad": 5285,
      "confusion_3x3": "[[8111, 8932, 0], [514, 10114, 0], [53, 442, 4790]]"
    },
    {
      "variant_id": "nl_n8400_gm_trim_bad_boundaryblocks_bigjump_origdomain_n7_5db65e4c5efd",
      "prediction_mode": "raw",
      "bucket": "original_test_all_10s+",
      "n": 8477,
      "acc": 0.7252565766190869,
      "macro_f1": 0.48573141378666657,
      "good_recall": 0.5590659340659341,
      "medium_recall": 0.929281518300949,
      "bad_recall": 0.0,
      "good_precision": 0.8493322203672788,
      "medium_precision": 0.6763690182535768,
      "bad_precision": 0.0,
      "good_f1": 0.6742876076872101,
      "medium_f1": 0.7829066336727896,
      "bad_f1": 0.0,
      "support_good": 3640,
      "support_medium": 4426,
      "support_bad": 411,
      "confusion_3x3": "[[2035, 1605, 0], [313, 4113, 0], [48, 363, 0]]"
    },
    {
      "variant_id": "nl_n8400_gm_trim_bad_boundaryblocks_bigjump_origdomain_n7_5db65e4c5efd",
      "prediction_mode": "raw",
      "bucket": "original_test_good_medium_only",
      "n": 8066,
      "acc": 0.7622117530374412,
      "macro_f1": 0.49687181056820967,
      "good_recall": 0.5590659340659341,
      "medium_recall": 0.929281518300949,
      "bad_recall": 0.0,
      "good_precision": 0.866695059625213,
      "medium_precision": 0.7193074501573977,
      "bad_precision": 0.0,
      "good_f1": 0.6796927187708751,
      "medium_f1": 0.810922712933754,
      "bad_f1": 0.0,
      "support_good": 3640,
      "support_medium": 4426,
      "support_bad": 0,
      "confusion_3x3": "[[2035, 1605, 0], [313, 4113, 0], [0, 0, 0]]"
    },
    {
      "variant_id": "nl_n8400_gm_trim_bad_boundaryblocks_bigjump_origdomain_n7_5db65e4c5efd",
      "prediction_mode": "raw",
      "bucket": "original_test_bad_core_near_boundary",
      "n": 119,
      "acc": 0.0,
      "macro_f1": 0.0,
      "good_recall": 0.0,
      "medium_recall": 0.0,
      "bad_recall": 0.0,
      "good_precision": 0.0,
      "medium_precision": 0.0,
      "bad_precision": 0.0,
      "good_f1": 0.0,
      "medium_f1": 0.0,
      "bad_f1": 0.0,
      "support_good": 0,
      "support_medium": 0,
      "support_bad": 119,
      "confusion_3x3": "[[0, 0, 0], [0, 0, 0], [0, 119, 0]]"
    },
    {
      "variant_id": "nl_n8400_gm_trim_bad_boundaryblocks_bigjump_origdomain_n7_5db65e4c5efd",
      "prediction_mode": "raw",
      "bucket": "original_test_bad_outlier_stress",
      "n": 292,
      "acc": 0.0,
      "macro_f1": 0.0,
      "good_recall": 0.0,
      "medium_recall": 0.0,
      "bad_recall": 0.0,
      "good_precision": 0.0,
      "medium_precision": 0.0,
      "bad_precision": 0.0,
      "good_f1": 0.0,
      "medium_f1": 0.0,
      "bad_f1": 0.0,
      "support_good": 0,
      "support_medium": 0,
      "support_bad": 292,
      "confusion_3x3": "[[0, 0, 0], [0, 0, 0], [48, 244, 0]]"
    },
    {
      "variant_id": "nl_n8400_gm_trim_bad_boundaryblocks_bigjump_origdomain_n7_5db65e4c5efd",
      "prediction_mode": "raw",
      "bucket": "original_test_drop_bad_outlier_reference",
      "n": 8185,
      "acc": 0.7511301160659744,
      "macro_f1": 0.4937375807186168,
      "good_recall": 0.5590659340659341,
      "medium_recall": 0.929281518300949,
      "bad_recall": 0.0,
      "good_precision": 0.866695059625213,
      "medium_precision": 0.7046427959568271,
      "bad_precision": 0.0,
      "good_f1": 0.6796927187708751,
      "medium_f1": 0.8015200233849752,
      "bad_f1": 0.0,
      "support_good": 3640,
      "support_medium": 4426,
      "support_bad": 119,
      "confusion_3x3": "[[2035, 1605, 0], [313, 4113, 0], [0, 119, 0]]"
    },
    {
      "variant_id": "nl_n8400_gm_trim_bad_boundaryblocks_bigjump_origdomain_n7_5db65e4c5efd",
      "prediction_mode": "raw",
      "bucket": "original_test_good_medium_overlap",
      "n": 7492,
      "acc": 0.7459957287773625,
      "macro_f1": 0.48956304804346057,
      "good_recall": 0.558023320377568,
      "medium_recall": 0.920051413881748,
      "bad_recall": 0.0,
      "good_precision": 0.8660060318828091,
      "medium_precision": 0.6921291819764069,
      "bad_precision": 0.0,
      "good_f1": 0.6787101131183522,
      "medium_f1": 0.7899790310120296,
      "bad_f1": 0.0,
      "support_good": 3602,
      "support_medium": 3890,
      "support_bad": 0,
      "confusion_3x3": "[[2010, 1592, 0], [311, 3579, 0], [0, 0, 0]]"
    },
    {
      "variant_id": "nl_n8400_gm_trim_bad_boundaryblocks_bigjump_origdomain_n7_5db65e4c5efd",
      "prediction_mode": "raw",
      "bucket": "original_all_bad_core_near_boundary",
      "n": 4084,
      "acc": 0.970617042115573,
      "macro_f1": 0.32836315440689195,
      "good_recall": 0.0,
      "medium_recall": 0.0,
      "bad_recall": 0.970617042115573,
      "good_precision": 0.0,
      "medium_precision": 0.0,
      "bad_precision": 1.0,
      "good_f1": 0.0,
      "medium_f1": 0.0,
      "bad_f1": 0.9850894632206759,
      "support_good": 0,
      "support_medium": 0,
      "support_bad": 4084,
      "confusion_3x3": "[[0, 0, 0], [0, 0, 0], [0, 120, 3964]]"
    },
    {
      "variant_id": "nl_n8400_gm_trim_bad_boundaryblocks_bigjump_origdomain_n7_5db65e4c5efd",
      "prediction_mode": "raw",
      "bucket": "original_all_bad_outlier_stress",
      "n": 1201,
      "acc": 0.6877601998334721,
      "macro_f1": 0.27166584443348135,
      "good_recall": 0.0,
      "medium_recall": 0.0,
      "bad_recall": 0.6877601998334721,
      "good_precision": 0.0,
      "medium_precision": 0.0,
      "bad_precision": 1.0,
      "good_f1": 0.0,
      "medium_f1": 0.0,
      "bad_f1": 0.814997533300444,
      "support_good": 0,
      "support_medium": 0,
      "support_bad": 1201,
      "confusion_3x3": "[[0, 0, 0], [0, 0, 0], [53, 322, 826]]"
    }
  ],
  "selection_note": "Original BUT is report-only; Clean/SemiClean/node diagnostic remains the selection source."
}