{
  "created_at": "2026-06-13T04:38:39",
  "variant_id": "nl_n7180_gm_trim_bad_boundaryblocks_origbridge_lowqrsbrid_db6d50ec72f9",
  "prediction_mode": "simple_pc1_gm_gate_t226",
  "metrics": [
    {
      "variant_id": "nl_n7180_gm_trim_bad_boundaryblocks_origbridge_lowqrsbrid_db6d50ec72f9",
      "prediction_mode": "simple_pc1_gm_gate_t226",
      "bucket": "original_all_10s+",
      "n": 32956,
      "acc": 0.8316846704697172,
      "macro_f1": 0.851651877499417,
      "good_recall": 0.8148800093880185,
      "medium_recall": 0.8197214904027098,
      "bad_recall": 0.909933774834437,
      "good_precision": 0.8687058234815788,
      "medium_precision": 0.719821531851607,
      "bad_precision": 0.9882860665844636,
      "good_f1": 0.8409324856191341,
      "medium_f1": 0.7665302890325987,
      "bad_f1": 0.9474928578465176,
      "support_good": 17043,
      "support_medium": 10628,
      "support_bad": 5285,
      "confusion_3x3": "[[13888, 3147, 8], [1867, 8712, 49], [232, 244, 4809]]"
    },
    {
      "variant_id": "nl_n7180_gm_trim_bad_boundaryblocks_origbridge_lowqrsbrid_db6d50ec72f9",
      "prediction_mode": "simple_pc1_gm_gate_t226",
      "bucket": "original_test_all_10s+",
      "n": 8477,
      "acc": 0.7500294915654123,
      "macro_f1": 0.5177032246986201,
      "good_recall": 0.9310439560439561,
      "medium_recall": 0.6701310438319024,
      "bad_recall": 0.0072992700729927005,
      "good_precision": 0.6729547259729944,
      "medium_precision": 0.8746682394573873,
      "bad_precision": 0.06,
      "good_f1": 0.7812355924389119,
      "medium_f1": 0.7588588972751695,
      "bad_f1": 0.013015184381778741,
      "support_good": 3640,
      "support_medium": 4426,
      "support_bad": 411,
      "confusion_3x3": "[[3389, 247, 4], [1417, 2966, 43], [230, 178, 3]]"
    },
    {
      "variant_id": "nl_n7180_gm_trim_bad_boundaryblocks_origbridge_lowqrsbrid_db6d50ec72f9",
      "prediction_mode": "simple_pc1_gm_gate_t226",
      "bucket": "original_test_good_medium_only",
      "n": 8066,
      "acc": 0.787875030994297,
      "macro_f1": 0.5263504986867381,
      "good_recall": 0.9310439560439561,
      "medium_recall": 0.6701310438319024,
      "bad_recall": 0.0,
      "good_precision": 0.7051602163961714,
      "medium_precision": 0.9231248054777467,
      "bad_precision": 0.0,
      "good_f1": 0.8025100639355908,
      "medium_f1": 0.7765414321246237,
      "bad_f1": 0.0,
      "support_good": 3640,
      "support_medium": 4426,
      "support_bad": 0,
      "confusion_3x3": "[[3389, 247, 4], [1417, 2966, 43], [0, 0, 0]]"
    },
    {
      "variant_id": "nl_n7180_gm_trim_bad_boundaryblocks_origbridge_lowqrsbrid_db6d50ec72f9",
      "prediction_mode": "simple_pc1_gm_gate_t226",
      "bucket": "original_test_bad_core_near_boundary",
      "n": 119,
      "acc": 0.0,
      "macro_f1": 0.0,
      "good_recall": 0.0,
      "medium_recall": 0.0,
      "bad_recall": 0.0,
      "good_precision": 0.0,
      "medium_precision": 0.0,
      "bad_precision": 0.0,
      "good_f1": 0.0,
      "medium_f1": 0.0,
      "bad_f1": 0.0,
      "support_good": 0,
      "support_medium": 0,
      "support_bad": 119,
      "confusion_3x3": "[[0, 0, 0], [0, 0, 0], [0, 119, 0]]"
    },
    {
      "variant_id": "nl_n7180_gm_trim_bad_boundaryblocks_origbridge_lowqrsbrid_db6d50ec72f9",
      "prediction_mode": "simple_pc1_gm_gate_t226",
      "bucket": "original_test_bad_outlier_stress",
      "n": 292,
      "acc": 0.010273972602739725,
      "macro_f1": 0.006779661016949152,
      "good_recall": 0.0,
      "medium_recall": 0.0,
      "bad_recall": 0.010273972602739725,
      "good_precision": 0.0,
      "medium_precision": 0.0,
      "bad_precision": 1.0,
      "good_f1": 0.0,
      "medium_f1": 0.0,
      "bad_f1": 0.020338983050847456,
      "support_good": 0,
      "support_medium": 0,
      "support_bad": 292,
      "confusion_3x3": "[[0, 0, 0], [0, 0, 0], [230, 59, 3]]"
    },
    {
      "variant_id": "nl_n7180_gm_trim_bad_boundaryblocks_origbridge_lowqrsbrid_db6d50ec72f9",
      "prediction_mode": "simple_pc1_gm_gate_t226",
      "bucket": "original_test_drop_bad_outlier_reference",
      "n": 8185,
      "acc": 0.7764202810018326,
      "macro_f1": 0.5223800410764077,
      "good_recall": 0.9310439560439561,
      "medium_recall": 0.6701310438319024,
      "bad_recall": 0.0,
      "good_precision": 0.7051602163961714,
      "medium_precision": 0.89015606242497,
      "bad_precision": 0.0,
      "good_f1": 0.8025100639355908,
      "medium_f1": 0.7646300592936324,
      "bad_f1": 0.0,
      "support_good": 3640,
      "support_medium": 4426,
      "support_bad": 119,
      "confusion_3x3": "[[3389, 247, 4], [1417, 2966, 43], [0, 119, 0]]"
    },
    {
      "variant_id": "nl_n7180_gm_trim_bad_boundaryblocks_origbridge_lowqrsbrid_db6d50ec72f9",
      "prediction_mode": "simple_pc1_gm_gate_t226",
      "bucket": "original_test_good_medium_overlap",
      "n": 7492,
      "acc": 0.7716230646022424,
      "macro_f1": 0.5135936006741648,
      "good_recall": 0.930316490838423,
      "medium_recall": 0.6246786632390745,
      "bad_recall": 0.0,
      "good_precision": 0.7028104026845637,
      "medium_precision": 0.9077325364213672,
      "bad_precision": 0.0,
      "good_f1": 0.8007168458781362,
      "medium_f1": 0.7400639561443582,
      "bad_f1": 0.0,
      "support_good": 3602,
      "support_medium": 3890,
      "support_bad": 0,
      "confusion_3x3": "[[3351, 247, 4], [1417, 2430, 43], [0, 0, 0]]"
    },
    {
      "variant_id": "nl_n7180_gm_trim_bad_boundaryblocks_origbridge_lowqrsbrid_db6d50ec72f9",
      "prediction_mode": "simple_pc1_gm_gate_t226",
      "bucket": "original_all_bad_core_near_boundary",
      "n": 4084,
      "acc": 0.9708619000979432,
      "macro_f1": 0.3284051849090984,
      "good_recall": 0.0,
      "medium_recall": 0.0,
      "bad_recall": 0.9708619000979432,
      "good_precision": 0.0,
      "medium_precision": 0.0,
      "bad_precision": 1.0,
      "good_f1": 0.0,
      "medium_f1": 0.0,
      "bad_f1": 0.9852155547272953,
      "support_good": 0,
      "support_medium": 0,
      "support_bad": 4084,
      "confusion_3x3": "[[0, 0, 0], [0, 0, 0], [0, 119, 3965]]"
    },
    {
      "variant_id": "nl_n7180_gm_trim_bad_boundaryblocks_origbridge_lowqrsbrid_db6d50ec72f9",
      "prediction_mode": "simple_pc1_gm_gate_t226",
      "bucket": "original_all_bad_outlier_stress",
      "n": 1201,
      "acc": 0.7027477102414654,
      "macro_f1": 0.2751426242868786,
      "good_recall": 0.0,
      "medium_recall": 0.0,
      "bad_recall": 0.7027477102414654,
      "good_precision": 0.0,
      "medium_precision": 0.0,
      "bad_precision": 1.0,
      "good_f1": 0.0,
      "medium_f1": 0.0,
      "bad_f1": 0.8254278728606357,
      "support_good": 0,
      "support_medium": 0,
      "support_bad": 1201,
      "confusion_3x3": "[[0, 0, 0], [0, 0, 0], [232, 125, 844]]"
    }
  ],
  "selection_note": "Original BUT is report-only; Clean/SemiClean/node diagnostic remains the selection source."
}