{
  "created_at": "2026-06-11T20:29:36",
  "variant_id": "nl_n7125_gm_trim_bad_boundaryblocks_micro_bad_probe_n7125_83c93e7640e0",
  "prediction_mode": "medium_guarded_pmed0005",
  "metrics": [
    {
      "variant_id": "nl_n7125_gm_trim_bad_boundaryblocks_micro_bad_probe_n7125_83c93e7640e0",
      "prediction_mode": "medium_guarded_pmed0005",
      "bucket": "original_all_10s+",
      "n": 32956,
      "acc": 0.8478274062386212,
      "macro_f1": 0.8650403384899056,
      "good_recall": 0.8357683506424926,
      "medium_recall": 0.8369401580730147,
      "bad_recall": 0.9086092715231788,
      "good_precision": 0.890416953178721,
      "medium_precision": 0.7316772229990952,
      "bad_precision": 1.0,
      "good_f1": 0.862227602905569,
      "medium_f1": 0.7807768268597761,
      "bad_f1": 0.952116585704372,
      "support_good": 17043,
      "support_medium": 10628,
      "support_bad": 5285,
      "confusion_3x3": "[[14244, 2799, 0], [1733, 8895, 0], [20, 463, 4802]]"
    },
    {
      "variant_id": "nl_n7125_gm_trim_bad_boundaryblocks_micro_bad_probe_n7125_83c93e7640e0",
      "prediction_mode": "medium_guarded_pmed0005",
      "bucket": "original_test_all_10s+",
      "n": 8477,
      "acc": 0.7543942432464316,
      "macro_f1": 0.5124786388270793,
      "good_recall": 0.6821428571428572,
      "medium_recall": 0.8838680524175327,
      "bad_recall": 0.0,
      "good_precision": 0.8232758620689655,
      "medium_precision": 0.7163523164255631,
      "bad_precision": 0.0,
      "good_f1": 0.74609375,
      "medium_f1": 0.791342166481238,
      "bad_f1": 0.0,
      "support_good": 3640,
      "support_medium": 4426,
      "support_bad": 411,
      "confusion_3x3": "[[2483, 1157, 0], [514, 3912, 0], [19, 392, 0]]"
    },
    {
      "variant_id": "nl_n7125_gm_trim_bad_boundaryblocks_micro_bad_probe_n7125_83c93e7640e0",
      "prediction_mode": "medium_guarded_pmed0005",
      "bucket": "original_test_good_medium_only",
      "n": 8066,
      "acc": 0.7928341185221919,
      "macro_f1": 0.5240807533492445,
      "good_recall": 0.6821428571428572,
      "medium_recall": 0.8838680524175327,
      "bad_recall": 0.0,
      "good_precision": 0.8284951618284951,
      "medium_precision": 0.7717498520418229,
      "bad_precision": 0.0,
      "good_f1": 0.7482296218170861,
      "medium_f1": 0.8240126382306477,
      "bad_f1": 0.0,
      "support_good": 3640,
      "support_medium": 4426,
      "support_bad": 0,
      "confusion_3x3": "[[2483, 1157, 0], [514, 3912, 0], [0, 0, 0]]"
    },
    {
      "variant_id": "nl_n7125_gm_trim_bad_boundaryblocks_micro_bad_probe_n7125_83c93e7640e0",
      "prediction_mode": "medium_guarded_pmed0005",
      "bucket": "original_test_bad_core_near_boundary",
      "n": 119,
      "acc": 0.0,
      "macro_f1": 0.0,
      "good_recall": 0.0,
      "medium_recall": 0.0,
      "bad_recall": 0.0,
      "good_precision": 0.0,
      "medium_precision": 0.0,
      "bad_precision": 0.0,
      "good_f1": 0.0,
      "medium_f1": 0.0,
      "bad_f1": 0.0,
      "support_good": 0,
      "support_medium": 0,
      "support_bad": 119,
      "confusion_3x3": "[[0, 0, 0], [0, 0, 0], [0, 119, 0]]"
    },
    {
      "variant_id": "nl_n7125_gm_trim_bad_boundaryblocks_micro_bad_probe_n7125_83c93e7640e0",
      "prediction_mode": "medium_guarded_pmed0005",
      "bucket": "original_test_bad_outlier_stress",
      "n": 292,
      "acc": 0.0,
      "macro_f1": 0.0,
      "good_recall": 0.0,
      "medium_recall": 0.0,
      "bad_recall": 0.0,
      "good_precision": 0.0,
      "medium_precision": 0.0,
      "bad_precision": 0.0,
      "good_f1": 0.0,
      "medium_f1": 0.0,
      "bad_f1": 0.0,
      "support_good": 0,
      "support_medium": 0,
      "support_bad": 292,
      "confusion_3x3": "[[0, 0, 0], [0, 0, 0], [19, 273, 0]]"
    },
    {
      "variant_id": "nl_n7125_gm_trim_bad_boundaryblocks_micro_bad_probe_n7125_83c93e7640e0",
      "prediction_mode": "medium_guarded_pmed0005",
      "bucket": "original_test_drop_bad_outlier_reference",
      "n": 8185,
      "acc": 0.7813072693952352,
      "macro_f1": 0.5206809369721054,
      "good_recall": 0.6821428571428572,
      "medium_recall": 0.8838680524175327,
      "bad_recall": 0.0,
      "good_precision": 0.8284951618284951,
      "medium_precision": 0.7540478026214341,
      "bad_precision": 0.0,
      "good_f1": 0.7482296218170861,
      "medium_f1": 0.8138131890992303,
      "bad_f1": 0.0,
      "support_good": 3640,
      "support_medium": 4426,
      "support_bad": 119,
      "confusion_3x3": "[[2483, 1157, 0], [514, 3912, 0], [0, 119, 0]]"
    },
    {
      "variant_id": "nl_n7125_gm_trim_bad_boundaryblocks_micro_bad_probe_n7125_83c93e7640e0",
      "prediction_mode": "medium_guarded_pmed0005",
      "bucket": "original_test_good_medium_overlap",
      "n": 7492,
      "acc": 0.7772290443139349,
      "macro_f1": 0.5158131961745996,
      "good_recall": 0.6787895613548028,
      "medium_recall": 0.8683804627249357,
      "bad_recall": 0.0,
      "good_precision": 0.8268515387216774,
      "medium_precision": 0.7448732083792723,
      "bad_precision": 0.0,
      "good_f1": 0.745540478731514,
      "medium_f1": 0.8018991097922848,
      "bad_f1": 0.0,
      "support_good": 3602,
      "support_medium": 3890,
      "support_bad": 0,
      "confusion_3x3": "[[2445, 1157, 0], [512, 3378, 0], [0, 0, 0]]"
    },
    {
      "variant_id": "nl_n7125_gm_trim_bad_boundaryblocks_micro_bad_probe_n7125_83c93e7640e0",
      "prediction_mode": "medium_guarded_pmed0005",
      "bucket": "original_all_bad_core_near_boundary",
      "n": 4084,
      "acc": 0.970617042115573,
      "macro_f1": 0.32836315440689195,
      "good_recall": 0.0,
      "medium_recall": 0.0,
      "bad_recall": 0.970617042115573,
      "good_precision": 0.0,
      "medium_precision": 0.0,
      "bad_precision": 1.0,
      "good_f1": 0.0,
      "medium_f1": 0.0,
      "bad_f1": 0.9850894632206759,
      "support_good": 0,
      "support_medium": 0,
      "support_bad": 4084,
      "confusion_3x3": "[[0, 0, 0], [0, 0, 0], [0, 120, 3964]]"
    },
    {
      "variant_id": "nl_n7125_gm_trim_bad_boundaryblocks_micro_bad_probe_n7125_83c93e7640e0",
      "prediction_mode": "medium_guarded_pmed0005",
      "bucket": "original_all_bad_outlier_stress",
      "n": 1201,
      "acc": 0.697751873438801,
      "macro_f1": 0.2739905182278895,
      "good_recall": 0.0,
      "medium_recall": 0.0,
      "bad_recall": 0.697751873438801,
      "good_precision": 0.0,
      "medium_precision": 0.0,
      "bad_precision": 1.0,
      "good_f1": 0.0,
      "medium_f1": 0.0,
      "bad_f1": 0.8219715546836684,
      "support_good": 0,
      "support_medium": 0,
      "support_bad": 1201,
      "confusion_3x3": "[[0, 0, 0], [0, 0, 0], [20, 343, 838]]"
    }
  ],
  "selection_note": "Original BUT is report-only; Clean/SemiClean/node diagnostic remains the selection source."
}