{
  "created_at": "2026-06-13T14:36:45",
  "variant_id": "nl_n8000_gm_trim_bad_boundaryblocks_bigjump_origdomain_n7_da326c95bd21",
  "prediction_mode": "simple_pc1_gm_gate_t226",
  "metrics": [
    {
      "variant_id": "nl_n8000_gm_trim_bad_boundaryblocks_bigjump_origdomain_n7_da326c95bd21",
      "prediction_mode": "simple_pc1_gm_gate_t226",
      "bucket": "original_all_10s+",
      "n": 32956,
      "acc": 0.8311991746571186,
      "macro_f1": 0.8502839927871128,
      "good_recall": 0.8135891568385848,
      "medium_recall": 0.819909672563041,
      "bad_recall": 0.9106906338694418,
      "good_precision": 0.870105421686747,
      "medium_precision": 0.7202843445197553,
      "bad_precision": 0.977854530678586,
      "good_f1": 0.8408987537523879,
      "medium_f1": 0.7668749449969199,
      "bad_f1": 0.943078279612031,
      "support_good": 17043,
      "support_medium": 10628,
      "support_bad": 5285,
      "confusion_3x3": "[[13866, 3147, 30], [1835, 8714, 79], [235, 237, 4813]]"
    },
    {
      "variant_id": "nl_n8000_gm_trim_bad_boundaryblocks_bigjump_origdomain_n7_da326c95bd21",
      "prediction_mode": "simple_pc1_gm_gate_t226",
      "bucket": "original_test_all_10s+",
      "n": 8477,
      "acc": 0.7509732216586057,
      "macro_f1": 0.5292409556550932,
      "good_recall": 0.9304945054945055,
      "medium_recall": 0.6705829191143244,
      "bad_recall": 0.0267639902676399,
      "good_precision": 0.6767232767232767,
      "medium_precision": 0.8773278155483298,
      "bad_precision": 0.12359550561797752,
      "good_f1": 0.7835743204164257,
      "medium_f1": 0.7601485465488539,
      "bad_f1": 0.044,
      "support_good": 3640,
      "support_medium": 4426,
      "support_bad": 411,
      "confusion_3x3": "[[3387, 247, 6], [1386, 2968, 72], [232, 168, 11]]"
    },
    {
      "variant_id": "nl_n8000_gm_trim_bad_boundaryblocks_bigjump_origdomain_n7_da326c95bd21",
      "prediction_mode": "simple_pc1_gm_gate_t226",
      "bucket": "original_test_good_medium_only",
      "n": 8066,
      "acc": 0.787875030994297,
      "macro_f1": 0.5273480410147723,
      "good_recall": 0.9304945054945055,
      "medium_recall": 0.6705829191143244,
      "bad_recall": 0.0,
      "good_precision": 0.7096165933375236,
      "medium_precision": 0.9231726283048212,
      "bad_precision": 0.0,
      "good_f1": 0.8051824557232854,
      "medium_f1": 0.7768616673210312,
      "bad_f1": 0.0,
      "support_good": 3640,
      "support_medium": 4426,
      "support_bad": 0,
      "confusion_3x3": "[[3387, 247, 6], [1386, 2968, 72], [0, 0, 0]]"
    },
    {
      "variant_id": "nl_n8000_gm_trim_bad_boundaryblocks_bigjump_origdomain_n7_da326c95bd21",
      "prediction_mode": "simple_pc1_gm_gate_t226",
      "bucket": "original_test_bad_core_near_boundary",
      "n": 119,
      "acc": 0.08403361344537816,
      "macro_f1": 0.05167958656330749,
      "good_recall": 0.0,
      "medium_recall": 0.0,
      "bad_recall": 0.08403361344537816,
      "good_precision": 0.0,
      "medium_precision": 0.0,
      "bad_precision": 1.0,
      "good_f1": 0.0,
      "medium_f1": 0.0,
      "bad_f1": 0.15503875968992248,
      "support_good": 0,
      "support_medium": 0,
      "support_bad": 119,
      "confusion_3x3": "[[0, 0, 0], [0, 0, 0], [0, 109, 10]]"
    },
    {
      "variant_id": "nl_n8000_gm_trim_bad_boundaryblocks_bigjump_origdomain_n7_da326c95bd21",
      "prediction_mode": "simple_pc1_gm_gate_t226",
      "bucket": "original_test_bad_outlier_stress",
      "n": 292,
      "acc": 0.003424657534246575,
      "macro_f1": 0.0022753128555176336,
      "good_recall": 0.0,
      "medium_recall": 0.0,
      "bad_recall": 0.003424657534246575,
      "good_precision": 0.0,
      "medium_precision": 0.0,
      "bad_precision": 1.0,
      "good_f1": 0.0,
      "medium_f1": 0.0,
      "bad_f1": 0.006825938566552901,
      "support_good": 0,
      "support_medium": 0,
      "support_bad": 292,
      "confusion_3x3": "[[0, 0, 0], [0, 0, 0], [232, 59, 1]]"
    },
    {
      "variant_id": "nl_n8000_gm_trim_bad_boundaryblocks_bigjump_origdomain_n7_da326c95bd21",
      "prediction_mode": "simple_pc1_gm_gate_t226",
      "bucket": "original_test_drop_bad_outlier_reference",
      "n": 8185,
      "acc": 0.7776420281001832,
      "macro_f1": 0.5559120990273919,
      "good_recall": 0.9304945054945055,
      "medium_recall": 0.6705829191143244,
      "bad_recall": 0.08403361344537816,
      "good_precision": 0.7096165933375236,
      "medium_precision": 0.8929001203369434,
      "bad_precision": 0.11363636363636363,
      "good_f1": 0.8051824557232854,
      "medium_f1": 0.7659354838709678,
      "bad_f1": 0.0966183574879227,
      "support_good": 3640,
      "support_medium": 4426,
      "support_bad": 119,
      "confusion_3x3": "[[3387, 247, 6], [1386, 2968, 72], [0, 109, 10]]"
    },
    {
      "variant_id": "nl_n8000_gm_trim_bad_boundaryblocks_bigjump_origdomain_n7_da326c95bd21",
      "prediction_mode": "simple_pc1_gm_gate_t226",
      "bucket": "original_test_good_medium_overlap",
      "n": 7492,
      "acc": 0.7716230646022424,
      "macro_f1": 0.5146180192817459,
      "good_recall": 0.9297612437534702,
      "medium_recall": 0.6251928020565553,
      "bad_recall": 0.0,
      "good_precision": 0.707286166842661,
      "medium_precision": 0.9078014184397163,
      "bad_precision": 0.0,
      "good_f1": 0.8034065011394986,
      "medium_f1": 0.740447556705739,
      "bad_f1": 0.0,
      "support_good": 3602,
      "support_medium": 3890,
      "support_bad": 0,
      "confusion_3x3": "[[3349, 247, 6], [1386, 2432, 72], [0, 0, 0]]"
    },
    {
      "variant_id": "nl_n8000_gm_trim_bad_boundaryblocks_bigjump_origdomain_n7_da326c95bd21",
      "prediction_mode": "simple_pc1_gm_gate_t226",
      "bucket": "original_all_bad_core_near_boundary",
      "n": 4084,
      "acc": 0.9730656219392753,
      "macro_f1": 0.32878298998924466,
      "good_recall": 0.0,
      "medium_recall": 0.0,
      "bad_recall": 0.9730656219392753,
      "good_precision": 0.0,
      "medium_precision": 0.0,
      "bad_precision": 1.0,
      "good_f1": 0.0,
      "medium_f1": 0.0,
      "bad_f1": 0.9863489699677339,
      "support_good": 0,
      "support_medium": 0,
      "support_bad": 4084,
      "confusion_3x3": "[[0, 0, 0], [0, 0, 0], [0, 110, 3974]]"
    },
    {
      "variant_id": "nl_n8000_gm_trim_bad_boundaryblocks_bigjump_origdomain_n7_da326c95bd21",
      "prediction_mode": "simple_pc1_gm_gate_t226",
      "bucket": "original_all_bad_outlier_stress",
      "n": 1201,
      "acc": 0.6985845129059117,
      "macro_f1": 0.2741830065359477,
      "good_recall": 0.0,
      "medium_recall": 0.0,
      "bad_recall": 0.6985845129059117,
      "good_precision": 0.0,
      "medium_precision": 0.0,
      "bad_precision": 1.0,
      "good_f1": 0.0,
      "medium_f1": 0.0,
      "bad_f1": 0.8225490196078431,
      "support_good": 0,
      "support_medium": 0,
      "support_bad": 1201,
      "confusion_3x3": "[[0, 0, 0], [0, 0, 0], [235, 127, 839]]"
    }
  ],
  "selection_note": "Original BUT is report-only; Clean/SemiClean/node diagnostic remains the selection source."
}