{
  "created_at": "2026-06-13T10:20:31",
  "variant_id": "nl_n7188_gm_trim_bad_boundaryblocks_badoutlier_visqrsnarr_a364001dc6cf",
  "prediction_mode": "feature_pc1_qrsprom_plus_precision_veto",
  "metrics": [
    {
      "variant_id": "nl_n7188_gm_trim_bad_boundaryblocks_badoutlier_visqrsnarr_a364001dc6cf",
      "prediction_mode": "feature_pc1_qrsprom_plus_precision_veto",
      "bucket": "original_all_10s+",
      "n": 32956,
      "acc": 0.8393312295181454,
      "macro_f1": 0.8639755810598945,
      "good_recall": 0.7344364255119404,
      "medium_recall": 0.954083552879187,
      "bad_recall": 0.9468306527909177,
      "good_precision": 0.966339844051571,
      "medium_precision": 0.6809024979854955,
      "bad_precision": 0.9790647622774408,
      "good_f1": 0.8345779437258302,
      "medium_f1": 0.7946708463949843,
      "bad_f1": 0.9626779530588688,
      "support_good": 17043,
      "support_medium": 10628,
      "support_bad": 5285,
      "confusion_3x3": "[[12517, 4484, 42], [423, 10140, 65], [13, 268, 5004]]"
    },
    {
      "variant_id": "nl_n7188_gm_trim_bad_boundaryblocks_badoutlier_visqrsnarr_a364001dc6cf",
      "prediction_mode": "feature_pc1_qrsprom_plus_precision_veto",
      "bucket": "original_test_all_10s+",
      "n": 8477,
      "acc": 0.8538398018166804,
      "macro_f1": 0.7705560318802785,
      "good_recall": 0.7788461538461539,
      "medium_recall": 0.9505196565747853,
      "bad_recall": 0.4768856447688564,
      "good_precision": 0.9402985074626866,
      "medium_precision": 0.8084166026133743,
      "bad_precision": 0.7596899224806202,
      "good_f1": 0.8519909842223892,
      "medium_f1": 0.8737279335410176,
      "bad_f1": 0.585949177877429,
      "support_good": 3640,
      "support_medium": 4426,
      "support_bad": 411,
      "confusion_3x3": "[[2835, 795, 10], [167, 4207, 52], [13, 202, 196]]"
    },
    {
      "variant_id": "nl_n7188_gm_trim_bad_boundaryblocks_badoutlier_visqrsnarr_a364001dc6cf",
      "prediction_mode": "feature_pc1_qrsprom_plus_precision_veto",
      "bucket": "original_test_good_medium_only",
      "n": 8066,
      "acc": 0.8730473592858914,
      "macro_f1": 0.5820355212461755,
      "good_recall": 0.7788461538461539,
      "medium_recall": 0.9505196565747853,
      "bad_recall": 0.0,
      "good_precision": 0.9443704197201865,
      "medium_precision": 0.8410635745701719,
      "bad_precision": 0.0,
      "good_f1": 0.8536585365853658,
      "medium_f1": 0.8924480271531608,
      "bad_f1": 0.0,
      "support_good": 3640,
      "support_medium": 4426,
      "support_bad": 0,
      "confusion_3x3": "[[2835, 795, 10], [167, 4207, 52], [0, 0, 0]]"
    },
    {
      "variant_id": "nl_n7188_gm_trim_bad_boundaryblocks_badoutlier_visqrsnarr_a364001dc6cf",
      "prediction_mode": "feature_pc1_qrsprom_plus_precision_veto",
      "bucket": "original_test_bad_core_near_boundary",
      "n": 119,
      "acc": 1.0,
      "macro_f1": 0.3333333333333333,
      "good_recall": 0.0,
      "medium_recall": 0.0,
      "bad_recall": 1.0,
      "good_precision": 0.0,
      "medium_precision": 0.0,
      "bad_precision": 1.0,
      "good_f1": 0.0,
      "medium_f1": 0.0,
      "bad_f1": 1.0,
      "support_good": 0,
      "support_medium": 0,
      "support_bad": 119,
      "confusion_3x3": "[[0, 0, 0], [0, 0, 0], [0, 0, 119]]"
    },
    {
      "variant_id": "nl_n7188_gm_trim_bad_boundaryblocks_badoutlier_visqrsnarr_a364001dc6cf",
      "prediction_mode": "feature_pc1_qrsprom_plus_precision_veto",
      "bucket": "original_test_bad_outlier_stress",
      "n": 292,
      "acc": 0.2636986301369863,
      "macro_f1": 0.13911472448057813,
      "good_recall": 0.0,
      "medium_recall": 0.0,
      "bad_recall": 0.2636986301369863,
      "good_precision": 0.0,
      "medium_precision": 0.0,
      "bad_precision": 1.0,
      "good_f1": 0.0,
      "medium_f1": 0.0,
      "bad_f1": 0.4173441734417344,
      "support_good": 0,
      "support_medium": 0,
      "support_bad": 292,
      "confusion_3x3": "[[0, 0, 0], [0, 0, 0], [13, 202, 77]]"
    },
    {
      "variant_id": "nl_n7188_gm_trim_bad_boundaryblocks_badoutlier_visqrsnarr_a364001dc6cf",
      "prediction_mode": "feature_pc1_qrsprom_plus_precision_veto",
      "bucket": "original_test_drop_bad_outlier_reference",
      "n": 8185,
      "acc": 0.8748930971288943,
      "macro_f1": 0.84647996569062,
      "good_recall": 0.7788461538461539,
      "medium_recall": 0.9505196565747853,
      "bad_recall": 1.0,
      "good_precision": 0.9443704197201865,
      "medium_precision": 0.8410635745701719,
      "bad_precision": 0.6574585635359116,
      "good_f1": 0.8536585365853658,
      "medium_f1": 0.8924480271531608,
      "bad_f1": 0.7933333333333333,
      "support_good": 3640,
      "support_medium": 4426,
      "support_bad": 119,
      "confusion_3x3": "[[2835, 795, 10], [167, 4207, 52], [0, 0, 119]]"
    },
    {
      "variant_id": "nl_n7188_gm_trim_bad_boundaryblocks_badoutlier_visqrsnarr_a364001dc6cf",
      "prediction_mode": "feature_pc1_qrsprom_plus_precision_veto",
      "bucket": "original_test_good_medium_overlap",
      "n": 7492,
      "acc": 0.8633208756006406,
      "macro_f1": 0.5768715794227638,
      "good_recall": 0.7765130483064964,
      "medium_recall": 0.9437017994858612,
      "bad_recall": 0.0,
      "good_precision": 0.9436572199730094,
      "medium_precision": 0.8219883564711151,
      "bad_precision": 0.0,
      "good_f1": 0.8519646664636004,
      "medium_f1": 0.8786500718046912,
      "bad_f1": 0.0,
      "support_good": 3602,
      "support_medium": 3890,
      "support_bad": 0,
      "confusion_3x3": "[[2797, 795, 10], [167, 3671, 52], [0, 0, 0]]"
    },
    {
      "variant_id": "nl_n7188_gm_trim_bad_boundaryblocks_badoutlier_visqrsnarr_a364001dc6cf",
      "prediction_mode": "feature_pc1_qrsprom_plus_precision_veto",
      "bucket": "original_all_bad_core_near_boundary",
      "n": 4084,
      "acc": 1.0,
      "macro_f1": 0.3333333333333333,
      "good_recall": 0.0,
      "medium_recall": 0.0,
      "bad_recall": 1.0,
      "good_precision": 0.0,
      "medium_precision": 0.0,
      "bad_precision": 1.0,
      "good_f1": 0.0,
      "medium_f1": 0.0,
      "bad_f1": 1.0,
      "support_good": 0,
      "support_medium": 0,
      "support_bad": 4084,
      "confusion_3x3": "[[0, 0, 0], [0, 0, 0], [0, 0, 4084]]"
    },
    {
      "variant_id": "nl_n7188_gm_trim_bad_boundaryblocks_badoutlier_visqrsnarr_a364001dc6cf",
      "prediction_mode": "feature_pc1_qrsprom_plus_precision_veto",
      "bucket": "original_all_bad_outlier_stress",
      "n": 1201,
      "acc": 0.7660283097418817,
      "macro_f1": 0.2891717743202892,
      "good_recall": 0.0,
      "medium_recall": 0.0,
      "bad_recall": 0.7660283097418817,
      "good_precision": 0.0,
      "medium_precision": 0.0,
      "bad_precision": 1.0,
      "good_f1": 0.0,
      "medium_f1": 0.0,
      "bad_f1": 0.8675153229608675,
      "support_good": 0,
      "support_medium": 0,
      "support_bad": 1201,
      "confusion_3x3": "[[0, 0, 0], [0, 0, 0], [13, 268, 920]]"
    }
  ],
  "selection_note": "Original BUT is report-only; Clean/SemiClean/node diagnostic remains the selection source."
}