{
  "created_at": "2026-06-13T06:52:18",
  "variant_id": "nl_n7184_gm_trim_bad_boundaryblocks_badattackwide_outlier_516d83e0ce44",
  "prediction_mode": "raw",
  "metrics": [
    {
      "variant_id": "nl_n7184_gm_trim_bad_boundaryblocks_badattackwide_outlier_516d83e0ce44",
      "prediction_mode": "raw",
      "bucket": "original_all_10s+",
      "n": 32956,
      "acc": 0.800855686369705,
      "macro_f1": 0.8100199430660945,
      "good_recall": 0.8672768878718535,
      "medium_recall": 0.6279638690252164,
      "bad_recall": 0.9343424787133396,
      "good_precision": 0.8032279100097816,
      "medium_precision": 0.7337291116974495,
      "bad_precision": 0.9047270062293881,
      "good_f1": 0.8340245450698265,
      "medium_f1": 0.6767389981748124,
      "bad_f1": 0.9192962859536442,
      "support_good": 17043,
      "support_medium": 10628,
      "support_bad": 5285,
      "confusion_3x3": "[[14781, 2193, 69], [3503, 6674, 451], [118, 229, 4938]]"
    },
    {
      "variant_id": "nl_n7184_gm_trim_bad_boundaryblocks_badattackwide_outlier_516d83e0ce44",
      "prediction_mode": "raw",
      "bucket": "original_test_all_10s+",
      "n": 8477,
      "acc": 0.6647398843930635,
      "macro_f1": 0.5507596846000179,
      "good_recall": 0.7678571428571429,
      "medium_recall": 0.6113872571170357,
      "bad_recall": 0.3260340632603406,
      "good_precision": 0.6627934550628409,
      "medium_precision": 0.7325392528424473,
      "bad_precision": 0.23674911660777384,
      "good_f1": 0.7114674812269314,
      "medium_f1": 0.6665024630541871,
      "bad_f1": 0.2743091095189355,
      "support_good": 3640,
      "support_medium": 4426,
      "support_bad": 411,
      "confusion_3x3": "[[2795, 825, 20], [1308, 2706, 412], [114, 163, 134]]"
    },
    {
      "variant_id": "nl_n7184_gm_trim_bad_boundaryblocks_badattackwide_outlier_516d83e0ce44",
      "prediction_mode": "raw",
      "bucket": "original_test_good_medium_only",
      "n": 8066,
      "acc": 0.6819985122737416,
      "macro_f1": 0.46736607907132327,
      "good_recall": 0.7678571428571429,
      "medium_recall": 0.6113872571170357,
      "bad_recall": 0.0,
      "good_precision": 0.6812088715573971,
      "medium_precision": 0.7663551401869159,
      "bad_precision": 0.0,
      "good_f1": 0.7219423995867235,
      "medium_f1": 0.6801558376272464,
      "bad_f1": 0.0,
      "support_good": 3640,
      "support_medium": 4426,
      "support_bad": 0,
      "confusion_3x3": "[[2795, 825, 20], [1308, 2706, 412], [0, 0, 0]]"
    },
    {
      "variant_id": "nl_n7184_gm_trim_bad_boundaryblocks_badattackwide_outlier_516d83e0ce44",
      "prediction_mode": "raw",
      "bucket": "original_test_bad_core_near_boundary",
      "n": 119,
      "acc": 0.8403361344537815,
      "macro_f1": 0.30441400304414,
      "good_recall": 0.0,
      "medium_recall": 0.0,
      "bad_recall": 0.8403361344537815,
      "good_precision": 0.0,
      "medium_precision": 0.0,
      "bad_precision": 1.0,
      "good_f1": 0.0,
      "medium_f1": 0.0,
      "bad_f1": 0.91324200913242,
      "support_good": 0,
      "support_medium": 0,
      "support_bad": 119,
      "confusion_3x3": "[[0, 0, 0], [0, 0, 0], [0, 19, 100]]"
    },
    {
      "variant_id": "nl_n7184_gm_trim_bad_boundaryblocks_badattackwide_outlier_516d83e0ce44",
      "prediction_mode": "raw",
      "bucket": "original_test_bad_outlier_stress",
      "n": 292,
      "acc": 0.11643835616438356,
      "macro_f1": 0.06952965235173823,
      "good_recall": 0.0,
      "medium_recall": 0.0,
      "bad_recall": 0.11643835616438356,
      "good_precision": 0.0,
      "medium_precision": 0.0,
      "bad_precision": 1.0,
      "good_f1": 0.0,
      "medium_f1": 0.0,
      "bad_f1": 0.2085889570552147,
      "support_good": 0,
      "support_medium": 0,
      "support_bad": 292,
      "confusion_3x3": "[[0, 0, 0], [0, 0, 0], [114, 144, 34]]"
    },
    {
      "variant_id": "nl_n7184_gm_trim_bad_boundaryblocks_badattackwide_outlier_516d83e0ce44",
      "prediction_mode": "raw",
      "bucket": "original_test_drop_bad_outlier_reference",
      "n": 8185,
      "acc": 0.6843005497861943,
      "macro_f1": 0.5692325561551855,
      "good_recall": 0.7678571428571429,
      "medium_recall": 0.6113872571170357,
      "bad_recall": 0.8403361344537815,
      "good_precision": 0.6812088715573971,
      "medium_precision": 0.7622535211267606,
      "bad_precision": 0.18796992481203006,
      "good_f1": 0.7219423995867235,
      "medium_f1": 0.6785356068204614,
      "bad_f1": 0.30721966205837176,
      "support_good": 3640,
      "support_medium": 4426,
      "support_bad": 119,
      "confusion_3x3": "[[2795, 825, 20], [1308, 2706, 412], [0, 19, 100]]"
    },
    {
      "variant_id": "nl_n7184_gm_trim_bad_boundaryblocks_badattackwide_outlier_516d83e0ce44",
      "prediction_mode": "raw",
      "bucket": "original_test_good_medium_overlap",
      "n": 7492,
      "acc": 0.6623064602242392,
      "macro_f1": 0.4532558379079264,
      "good_recall": 0.7654081066074403,
      "medium_recall": 0.5668380462724936,
      "bad_recall": 0.0,
      "good_precision": 0.6841191066997518,
      "medium_precision": 0.7277227722772277,
      "bad_precision": 0.0,
      "good_f1": 0.7224842767295597,
      "medium_f1": 0.6372832369942196,
      "bad_f1": 0.0,
      "support_good": 3602,
      "support_medium": 3890,
      "support_bad": 0,
      "confusion_3x3": "[[2757, 825, 20], [1273, 2205, 412], [0, 0, 0]]"
    },
    {
      "variant_id": "nl_n7184_gm_trim_bad_boundaryblocks_badattackwide_outlier_516d83e0ce44",
      "prediction_mode": "raw",
      "bucket": "original_all_bad_core_near_boundary",
      "n": 4084,
      "acc": 0.9951028403525954,
      "macro_f1": 0.33251513663884796,
      "good_recall": 0.0,
      "medium_recall": 0.0,
      "bad_recall": 0.9951028403525954,
      "good_precision": 0.0,
      "medium_precision": 0.0,
      "bad_precision": 1.0,
      "good_f1": 0.0,
      "medium_f1": 0.0,
      "bad_f1": 0.997545409916544,
      "support_good": 0,
      "support_medium": 0,
      "support_bad": 4084,
      "confusion_3x3": "[[0, 0, 0], [0, 0, 0], [0, 20, 4064]]"
    },
    {
      "variant_id": "nl_n7184_gm_trim_bad_boundaryblocks_badattackwide_outlier_516d83e0ce44",
      "prediction_mode": "raw",
      "bucket": "original_all_bad_outlier_stress",
      "n": 1201,
      "acc": 0.7277268942547876,
      "macro_f1": 0.28080321285140564,
      "good_recall": 0.0,
      "medium_recall": 0.0,
      "bad_recall": 0.7277268942547876,
      "good_precision": 0.0,
      "medium_precision": 0.0,
      "bad_precision": 1.0,
      "good_f1": 0.0,
      "medium_f1": 0.0,
      "bad_f1": 0.8424096385542169,
      "support_good": 0,
      "support_medium": 0,
      "support_bad": 1201,
      "confusion_3x3": "[[0, 0, 0], [0, 0, 0], [118, 209, 874]]"
    }
  ],
  "selection_note": "Original BUT is report-only; Clean/SemiClean/node diagnostic remains the selection source."
}