{
  "created_at": "2026-06-13T19:37:07",
  "variant_id": "nl_n11200_gm_trim_bad_boundaryblocks_n10000shell_mediumfo_ae19a257b140",
  "prediction_mode": "feature_pc1_qrsprom_tree",
  "metrics": [
    {
      "variant_id": "nl_n11200_gm_trim_bad_boundaryblocks_n10000shell_mediumfo_ae19a257b140",
      "prediction_mode": "feature_pc1_qrsprom_tree",
      "bucket": "original_all_10s+",
      "n": 32956,
      "acc": 0.8390884816118461,
      "macro_f1": 0.8645879183040405,
      "good_recall": 0.7349645015548906,
      "medium_recall": 0.9597290176891231,
      "bad_recall": 0.9322611163670766,
      "good_precision": 0.9656926990979878,
      "medium_precision": 0.6774257820282925,
      "bad_precision": 0.999797077922078,
      "good_f1": 0.834677150663024,
      "medium_f1": 0.7942378820323146,
      "bad_f1": 0.9648487222167825,
      "support_good": 17043,
      "support_medium": 10628,
      "support_bad": 5285,
      "confusion_3x3": "[[12526, 4517, 0], [427, 10200, 1], [18, 340, 4927]]"
    },
    {
      "variant_id": "nl_n11200_gm_trim_bad_boundaryblocks_n10000shell_mediumfo_ae19a257b140",
      "prediction_mode": "feature_pc1_qrsprom_tree",
      "bucket": "original_test_all_10s+",
      "n": 8477,
      "acc": 0.8513625103220479,
      "macro_f1": 0.7246387795424037,
      "good_recall": 0.781043956043956,
      "medium_recall": 0.9613646633529146,
      "bad_recall": 0.2895377128953771,
      "good_precision": 0.9376649076517151,
      "medium_precision": 0.7989110026286144,
      "bad_precision": 1.0,
      "good_f1": 0.8522182254196643,
      "medium_f1": 0.8726415094339622,
      "bad_f1": 0.4490566037735849,
      "support_good": 3640,
      "support_medium": 4426,
      "support_bad": 411,
      "confusion_3x3": "[[2843, 797, 0], [171, 4255, 0], [18, 274, 119]]"
    },
    {
      "variant_id": "nl_n11200_gm_trim_bad_boundaryblocks_n10000shell_mediumfo_ae19a257b140",
      "prediction_mode": "feature_pc1_qrsprom_tree",
      "bucket": "original_test_good_medium_only",
      "n": 8066,
      "acc": 0.8799900818249442,
      "macro_f1": 0.5841307811704446,
      "good_recall": 0.781043956043956,
      "medium_recall": 0.9613646633529146,
      "bad_recall": 0.0,
      "good_precision": 0.9432647644326476,
      "medium_precision": 0.8422406967537609,
      "bad_precision": 0.0,
      "good_f1": 0.8545235948301774,
      "medium_f1": 0.8978687486811564,
      "bad_f1": 0.0,
      "support_good": 3640,
      "support_medium": 4426,
      "support_bad": 0,
      "confusion_3x3": "[[2843, 797, 0], [171, 4255, 0], [0, 0, 0]]"
    },
    {
      "variant_id": "nl_n11200_gm_trim_bad_boundaryblocks_n10000shell_mediumfo_ae19a257b140",
      "prediction_mode": "feature_pc1_qrsprom_tree",
      "bucket": "original_test_bad_core_near_boundary",
      "n": 119,
      "acc": 1.0,
      "macro_f1": 0.3333333333333333,
      "good_recall": 0.0,
      "medium_recall": 0.0,
      "bad_recall": 1.0,
      "good_precision": 0.0,
      "medium_precision": 0.0,
      "bad_precision": 1.0,
      "good_f1": 0.0,
      "medium_f1": 0.0,
      "bad_f1": 1.0,
      "support_good": 0,
      "support_medium": 0,
      "support_bad": 119,
      "confusion_3x3": "[[0, 0, 0], [0, 0, 0], [0, 0, 119]]"
    },
    {
      "variant_id": "nl_n11200_gm_trim_bad_boundaryblocks_n10000shell_mediumfo_ae19a257b140",
      "prediction_mode": "feature_pc1_qrsprom_tree",
      "bucket": "original_test_bad_outlier_stress",
      "n": 292,
      "acc": 0.0,
      "macro_f1": 0.0,
      "good_recall": 0.0,
      "medium_recall": 0.0,
      "bad_recall": 0.0,
      "good_precision": 0.0,
      "medium_precision": 0.0,
      "bad_precision": 0.0,
      "good_f1": 0.0,
      "medium_f1": 0.0,
      "bad_f1": 0.0,
      "support_good": 0,
      "support_medium": 0,
      "support_bad": 292,
      "confusion_3x3": "[[0, 0, 0], [0, 0, 0], [18, 274, 0]]"
    },
    {
      "variant_id": "nl_n11200_gm_trim_bad_boundaryblocks_n10000shell_mediumfo_ae19a257b140",
      "prediction_mode": "feature_pc1_qrsprom_tree",
      "bucket": "original_test_drop_bad_outlier_reference",
      "n": 8185,
      "acc": 0.8817348808796579,
      "macro_f1": 0.9174641145037779,
      "good_recall": 0.781043956043956,
      "medium_recall": 0.9613646633529146,
      "bad_recall": 1.0,
      "good_precision": 0.9432647644326476,
      "medium_precision": 0.8422406967537609,
      "bad_precision": 1.0,
      "good_f1": 0.8545235948301774,
      "medium_f1": 0.8978687486811564,
      "bad_f1": 1.0,
      "support_good": 3640,
      "support_medium": 4426,
      "support_bad": 119,
      "confusion_3x3": "[[2843, 797, 0], [171, 4255, 0], [0, 0, 119]]"
    },
    {
      "variant_id": "nl_n11200_gm_trim_bad_boundaryblocks_n10000shell_mediumfo_ae19a257b140",
      "prediction_mode": "feature_pc1_qrsprom_tree",
      "bucket": "original_test_good_medium_overlap",
      "n": 7492,
      "acc": 0.8707955152162307,
      "macro_f1": 0.579228989432881,
      "good_recall": 0.7787340366463076,
      "medium_recall": 0.9560411311053985,
      "bad_recall": 0.0,
      "good_precision": 0.9425403225806451,
      "medium_precision": 0.8235163861824624,
      "bad_precision": 0.0,
      "good_f1": 0.8528428093645485,
      "medium_f1": 0.8848441589340947,
      "bad_f1": 0.0,
      "support_good": 3602,
      "support_medium": 3890,
      "support_bad": 0,
      "confusion_3x3": "[[2805, 797, 0], [171, 3719, 0], [0, 0, 0]]"
    },
    {
      "variant_id": "nl_n11200_gm_trim_bad_boundaryblocks_n10000shell_mediumfo_ae19a257b140",
      "prediction_mode": "feature_pc1_qrsprom_tree",
      "bucket": "original_all_bad_core_near_boundary",
      "n": 4084,
      "acc": 1.0,
      "macro_f1": 0.3333333333333333,
      "good_recall": 0.0,
      "medium_recall": 0.0,
      "bad_recall": 1.0,
      "good_precision": 0.0,
      "medium_precision": 0.0,
      "bad_precision": 1.0,
      "good_f1": 0.0,
      "medium_f1": 0.0,
      "bad_f1": 1.0,
      "support_good": 0,
      "support_medium": 0,
      "support_bad": 4084,
      "confusion_3x3": "[[0, 0, 0], [0, 0, 0], [0, 0, 4084]]"
    },
    {
      "variant_id": "nl_n11200_gm_trim_bad_boundaryblocks_n10000shell_mediumfo_ae19a257b140",
      "prediction_mode": "feature_pc1_qrsprom_tree",
      "bucket": "original_all_bad_outlier_stress",
      "n": 1201,
      "acc": 0.7019150707743547,
      "macro_f1": 0.27495107632093935,
      "good_recall": 0.0,
      "medium_recall": 0.0,
      "bad_recall": 0.7019150707743547,
      "good_precision": 0.0,
      "medium_precision": 0.0,
      "bad_precision": 1.0,
      "good_f1": 0.0,
      "medium_f1": 0.0,
      "bad_f1": 0.824853228962818,
      "support_good": 0,
      "support_medium": 0,
      "support_bad": 1201,
      "confusion_3x3": "[[0, 0, 0], [0, 0, 0], [18, 340, 843]]"
    }
  ],
  "selection_note": "Original BUT is report-only; Clean/SemiClean/node diagnostic remains the selection source."
}