{
  "created_at": "2026-06-13T07:23:56",
  "variant_id": "nl_n7185_gm_trim_bad_boundaryblocks_badoutlier_precision__94b8c36292da",
  "prediction_mode": "raw",
  "metrics": [
    {
      "variant_id": "nl_n7185_gm_trim_bad_boundaryblocks_badoutlier_precision__94b8c36292da",
      "prediction_mode": "raw",
      "bucket": "original_all_10s+",
      "n": 32956,
      "acc": 0.8141157907513048,
      "macro_f1": 0.8173091417290498,
      "good_recall": 0.9026579827495159,
      "medium_recall": 0.6114038389160708,
      "bad_recall": 0.9362346263008514,
      "good_precision": 0.8060780717841236,
      "medium_precision": 0.7787631831255992,
      "bad_precision": 0.8952415415234304,
      "good_f1": 0.8516386182462357,
      "medium_f1": 0.6850094876660342,
      "bad_f1": 0.9152793192748797,
      "support_good": 17043,
      "support_medium": 10628,
      "support_bad": 5285,
      "confusion_3x3": "[[15384, 1580, 79], [3630, 6498, 500], [71, 266, 4948]]"
    },
    {
      "variant_id": "nl_n7185_gm_trim_bad_boundaryblocks_badoutlier_precision__94b8c36292da",
      "prediction_mode": "raw",
      "bucket": "original_test_all_10s+",
      "n": 8477,
      "acc": 0.715465376902206,
      "macro_f1": 0.5851786271545575,
      "good_recall": 0.8989010989010989,
      "medium_recall": 0.6003163126976955,
      "bad_recall": 0.3309002433090024,
      "good_precision": 0.6986974161862054,
      "medium_precision": 0.8277258566978193,
      "bad_precision": 0.2328767123287671,
      "good_f1": 0.7862549561456206,
      "medium_f1": 0.6959140911471975,
      "bad_f1": 0.2733668341708543,
      "support_good": 3640,
      "support_medium": 4426,
      "support_bad": 411,
      "confusion_3x3": "[[3272, 343, 25], [1346, 2657, 423], [65, 210, 136]]"
    },
    {
      "variant_id": "nl_n7185_gm_trim_bad_boundaryblocks_badoutlier_precision__94b8c36292da",
      "prediction_mode": "raw",
      "bucket": "original_test_good_medium_only",
      "n": 8066,
      "acc": 0.7350607488222167,
      "macro_f1": 0.5026791834597365,
      "good_recall": 0.8989010989010989,
      "medium_recall": 0.6003163126976955,
      "bad_recall": 0.0,
      "good_precision": 0.7085318319618883,
      "medium_precision": 0.8856666666666667,
      "bad_precision": 0.0,
      "good_f1": 0.7924436909663357,
      "medium_f1": 0.7155938594128737,
      "bad_f1": 0.0,
      "support_good": 3640,
      "support_medium": 4426,
      "support_bad": 0,
      "confusion_3x3": "[[3272, 343, 25], [1346, 2657, 423], [0, 0, 0]]"
    },
    {
      "variant_id": "nl_n7185_gm_trim_bad_boundaryblocks_badoutlier_precision__94b8c36292da",
      "prediction_mode": "raw",
      "bucket": "original_test_bad_core_near_boundary",
      "n": 119,
      "acc": 0.9327731092436975,
      "macro_f1": 0.3217391304347826,
      "good_recall": 0.0,
      "medium_recall": 0.0,
      "bad_recall": 0.9327731092436975,
      "good_precision": 0.0,
      "medium_precision": 0.0,
      "bad_precision": 1.0,
      "good_f1": 0.0,
      "medium_f1": 0.0,
      "bad_f1": 0.9652173913043478,
      "support_good": 0,
      "support_medium": 0,
      "support_bad": 119,
      "confusion_3x3": "[[0, 0, 0], [0, 0, 0], [0, 8, 111]]"
    },
    {
      "variant_id": "nl_n7185_gm_trim_bad_boundaryblocks_badoutlier_precision__94b8c36292da",
      "prediction_mode": "raw",
      "bucket": "original_test_bad_outlier_stress",
      "n": 292,
      "acc": 0.08561643835616438,
      "macro_f1": 0.052576235541535225,
      "good_recall": 0.0,
      "medium_recall": 0.0,
      "bad_recall": 0.08561643835616438,
      "good_precision": 0.0,
      "medium_precision": 0.0,
      "bad_precision": 1.0,
      "good_f1": 0.0,
      "medium_f1": 0.0,
      "bad_f1": 0.15772870662460567,
      "support_good": 0,
      "support_medium": 0,
      "support_bad": 292,
      "confusion_3x3": "[[0, 0, 0], [0, 0, 0], [65, 202, 25]]"
    },
    {
      "variant_id": "nl_n7185_gm_trim_bad_boundaryblocks_badoutlier_precision__94b8c36292da",
      "prediction_mode": "raw",
      "bucket": "original_test_drop_bad_outlier_reference",
      "n": 8185,
      "acc": 0.7379352474037875,
      "macro_f1": 0.6115670339684376,
      "good_recall": 0.8989010989010989,
      "medium_recall": 0.6003163126976955,
      "bad_recall": 0.9327731092436975,
      "good_precision": 0.7085318319618883,
      "medium_precision": 0.883311170212766,
      "bad_precision": 0.19856887298747763,
      "good_f1": 0.7924436909663357,
      "medium_f1": 0.7148237826203928,
      "bad_f1": 0.3274336283185841,
      "support_good": 3640,
      "support_medium": 4426,
      "support_bad": 119,
      "confusion_3x3": "[[3272, 343, 25], [1346, 2657, 423], [0, 8, 111]]"
    },
    {
      "variant_id": "nl_n7185_gm_trim_bad_boundaryblocks_badoutlier_precision__94b8c36292da",
      "prediction_mode": "raw",
      "bucket": "original_test_good_medium_overlap",
      "n": 7492,
      "acc": 0.7221035771489589,
      "macro_f1": 0.4916042697912098,
      "good_recall": 0.897834536368684,
      "medium_recall": 0.5593830334190232,
      "bad_recall": 0.0,
      "good_precision": 0.7145382235969951,
      "medium_precision": 0.8638348551012306,
      "bad_precision": 0.0,
      "good_f1": 0.7957677165354331,
      "medium_f1": 0.6790450928381963,
      "bad_f1": 0.0,
      "support_good": 3602,
      "support_medium": 3890,
      "support_bad": 0,
      "confusion_3x3": "[[3234, 343, 25], [1292, 2176, 422], [0, 0, 0]]"
    },
    {
      "variant_id": "nl_n7185_gm_trim_bad_boundaryblocks_badoutlier_precision__94b8c36292da",
      "prediction_mode": "raw",
      "bucket": "original_all_bad_core_near_boundary",
      "n": 4084,
      "acc": 0.997796278158668,
      "macro_f1": 0.3329656412142011,
      "good_recall": 0.0,
      "medium_recall": 0.0,
      "bad_recall": 0.997796278158668,
      "good_precision": 0.0,
      "medium_precision": 0.0,
      "bad_precision": 1.0,
      "good_f1": 0.0,
      "medium_f1": 0.0,
      "bad_f1": 0.9988969236426033,
      "support_good": 0,
      "support_medium": 0,
      "support_bad": 4084,
      "confusion_3x3": "[[0, 0, 0], [0, 0, 0], [1, 8, 4075]]"
    },
    {
      "variant_id": "nl_n7185_gm_trim_bad_boundaryblocks_badoutlier_precision__94b8c36292da",
      "prediction_mode": "raw",
      "bucket": "original_all_bad_outlier_stress",
      "n": 1201,
      "acc": 0.7268942547876769,
      "macro_f1": 0.2806171648987464,
      "good_recall": 0.0,
      "medium_recall": 0.0,
      "bad_recall": 0.7268942547876769,
      "good_precision": 0.0,
      "medium_precision": 0.0,
      "bad_precision": 1.0,
      "good_f1": 0.0,
      "medium_f1": 0.0,
      "bad_f1": 0.8418514946962391,
      "support_good": 0,
      "support_medium": 0,
      "support_bad": 1201,
      "confusion_3x3": "[[0, 0, 0], [0, 0, 0], [70, 258, 873]]"
    }
  ],
  "selection_note": "Original BUT is report-only; Clean/SemiClean/node diagnostic remains the selection source."
}