{
  "created_at": "2026-06-13T05:43:15",
  "variant_id": "nl_n7182_gm_trim_bad_boundaryblocks_badattackwide_core122_9c92624a97fe",
  "prediction_mode": "raw",
  "metrics": [
    {
      "variant_id": "nl_n7182_gm_trim_bad_boundaryblocks_badattackwide_core122_9c92624a97fe",
      "prediction_mode": "raw",
      "bucket": "original_all_10s+",
      "n": 32956,
      "acc": 0.7782497875955819,
      "macro_f1": 0.7951322972247828,
      "good_recall": 0.7699935457372529,
      "medium_recall": 0.7199849454271735,
      "bad_recall": 0.9220435193945128,
      "good_precision": 0.8441399716968995,
      "medium_precision": 0.6451939291736931,
      "bad_precision": 0.878018018018018,
      "good_f1": 0.8053637730522569,
      "medium_f1": 0.6805407328352899,
      "bad_f1": 0.899492385786802,
      "support_good": 17043,
      "support_medium": 10628,
      "support_bad": 5285,
      "confusion_3x3": "[[13123, 3833, 87], [2386, 7652, 590], [37, 375, 4873]]"
    },
    {
      "variant_id": "nl_n7182_gm_trim_bad_boundaryblocks_badattackwide_core122_9c92624a97fe",
      "prediction_mode": "raw",
      "bucket": "original_test_all_10s+",
      "n": 8477,
      "acc": 0.6639141205615194,
      "macro_f1": 0.5066231884411658,
      "good_recall": 0.679945054945055,
      "medium_recall": 0.6985991866244916,
      "bad_recall": 0.14841849148418493,
      "good_precision": 0.7432432432432432,
      "medium_precision": 0.6806075280651552,
      "bad_precision": 0.10099337748344371,
      "good_f1": 0.7101865136298422,
      "medium_f1": 0.6894860073586799,
      "bad_f1": 0.12019704433497537,
      "support_good": 3640,
      "support_medium": 4426,
      "support_bad": 411,
      "confusion_3x3": "[[2475, 1136, 29], [820, 3092, 514], [35, 315, 61]]"
    },
    {
      "variant_id": "nl_n7182_gm_trim_bad_boundaryblocks_badattackwide_core122_9c92624a97fe",
      "prediction_mode": "raw",
      "bucket": "original_test_good_medium_only",
      "n": 8066,
      "acc": 0.6901810066947681,
      "macro_f1": 0.4761178600169167,
      "good_recall": 0.679945054945055,
      "medium_recall": 0.6985991866244916,
      "bad_recall": 0.0,
      "good_precision": 0.7511380880121397,
      "medium_precision": 0.7313150425733207,
      "bad_precision": 0.0,
      "good_f1": 0.7137707281903388,
      "medium_f1": 0.7145828518604114,
      "bad_f1": 0.0,
      "support_good": 3640,
      "support_medium": 4426,
      "support_bad": 0,
      "confusion_3x3": "[[2475, 1136, 29], [820, 3092, 514], [0, 0, 0]]"
    },
    {
      "variant_id": "nl_n7182_gm_trim_bad_boundaryblocks_badattackwide_core122_9c92624a97fe",
      "prediction_mode": "raw",
      "bucket": "original_test_bad_core_near_boundary",
      "n": 119,
      "acc": 0.2857142857142857,
      "macro_f1": 0.14814814814814814,
      "good_recall": 0.0,
      "medium_recall": 0.0,
      "bad_recall": 0.2857142857142857,
      "good_precision": 0.0,
      "medium_precision": 0.0,
      "bad_precision": 1.0,
      "good_f1": 0.0,
      "medium_f1": 0.0,
      "bad_f1": 0.4444444444444444,
      "support_good": 0,
      "support_medium": 0,
      "support_bad": 119,
      "confusion_3x3": "[[0, 0, 0], [0, 0, 0], [0, 85, 34]]"
    },
    {
      "variant_id": "nl_n7182_gm_trim_bad_boundaryblocks_badattackwide_core122_9c92624a97fe",
      "prediction_mode": "raw",
      "bucket": "original_test_bad_outlier_stress",
      "n": 292,
      "acc": 0.09246575342465753,
      "macro_f1": 0.05642633228840125,
      "good_recall": 0.0,
      "medium_recall": 0.0,
      "bad_recall": 0.09246575342465753,
      "good_precision": 0.0,
      "medium_precision": 0.0,
      "bad_precision": 1.0,
      "good_f1": 0.0,
      "medium_f1": 0.0,
      "bad_f1": 0.16927899686520376,
      "support_good": 0,
      "support_medium": 0,
      "support_bad": 292,
      "confusion_3x3": "[[0, 0, 0], [0, 0, 0], [35, 230, 27]]"
    },
    {
      "variant_id": "nl_n7182_gm_trim_bad_boundaryblocks_badattackwide_core122_9c92624a97fe",
      "prediction_mode": "raw",
      "bucket": "original_test_drop_bad_outlier_reference",
      "n": 8185,
      "acc": 0.6843005497861943,
      "macro_f1": 0.5063681099470937,
      "good_recall": 0.679945054945055,
      "medium_recall": 0.6985991866244916,
      "bad_recall": 0.2857142857142857,
      "good_precision": 0.7511380880121397,
      "medium_precision": 0.7169023881289126,
      "bad_precision": 0.058925476603119586,
      "good_f1": 0.7137707281903388,
      "medium_f1": 0.7076324522256551,
      "bad_f1": 0.09770114942528736,
      "support_good": 3640,
      "support_medium": 4426,
      "support_bad": 119,
      "confusion_3x3": "[[2475, 1136, 29], [820, 3092, 514], [0, 85, 34]]"
    },
    {
      "variant_id": "nl_n7182_gm_trim_bad_boundaryblocks_badattackwide_core122_9c92624a97fe",
      "prediction_mode": "raw",
      "bucket": "original_test_good_medium_overlap",
      "n": 7492,
      "acc": 0.6709823812066203,
      "macro_f1": 0.4647272108374554,
      "good_recall": 0.6765685730149916,
      "medium_recall": 0.6658097686375322,
      "bad_recall": 0.0,
      "good_precision": 0.7558933002481389,
      "medium_precision": 0.6951154052603328,
      "bad_precision": 0.0,
      "good_f1": 0.7140345736888368,
      "medium_f1": 0.6801470588235294,
      "bad_f1": 0.0,
      "support_good": 3602,
      "support_medium": 3890,
      "support_bad": 0,
      "confusion_3x3": "[[2437, 1136, 29], [787, 2590, 513], [0, 0, 0]]"
    },
    {
      "variant_id": "nl_n7182_gm_trim_bad_boundaryblocks_badattackwide_core122_9c92624a97fe",
      "prediction_mode": "raw",
      "bucket": "original_all_bad_core_near_boundary",
      "n": 4084,
      "acc": 0.9791870714985309,
      "macro_f1": 0.32982803414573797,
      "good_recall": 0.0,
      "medium_recall": 0.0,
      "bad_recall": 0.9791870714985309,
      "good_precision": 0.0,
      "medium_precision": 0.0,
      "bad_precision": 1.0,
      "good_f1": 0.0,
      "medium_f1": 0.0,
      "bad_f1": 0.9894841024372139,
      "support_good": 0,
      "support_medium": 0,
      "support_bad": 4084,
      "confusion_3x3": "[[0, 0, 0], [0, 0, 0], [0, 85, 3999]]"
    },
    {
      "variant_id": "nl_n7182_gm_trim_bad_boundaryblocks_badattackwide_core122_9c92624a97fe",
      "prediction_mode": "raw",
      "bucket": "original_all_bad_outlier_stress",
      "n": 1201,
      "acc": 0.7277268942547876,
      "macro_f1": 0.28080321285140564,
      "good_recall": 0.0,
      "medium_recall": 0.0,
      "bad_recall": 0.7277268942547876,
      "good_precision": 0.0,
      "medium_precision": 0.0,
      "bad_precision": 1.0,
      "good_f1": 0.0,
      "medium_f1": 0.0,
      "bad_f1": 0.8424096385542169,
      "support_good": 0,
      "support_medium": 0,
      "support_bad": 1201,
      "confusion_3x3": "[[0, 0, 0], [0, 0, 0], [37, 290, 874]]"
    }
  ],
  "selection_note": "Original BUT is report-only; Clean/SemiClean/node diagnostic remains the selection source."
}