{
  "created_at": "2026-06-13T18:31:12",
  "variant_id": "nl_n11200_gm_trim_bad_boundaryblocks_n10000shell_thinprob_84079be0011f",
  "prediction_mode": "simple_pc1_lowqrs_medium_keep_qbr030_flat012",
  "metrics": [
    {
      "variant_id": "nl_n11200_gm_trim_bad_boundaryblocks_n10000shell_thinprob_84079be0011f",
      "prediction_mode": "simple_pc1_lowqrs_medium_keep_qbr030_flat012",
      "bucket": "original_all_10s+",
      "n": 32956,
      "acc": 0.8377230246389125,
      "macro_f1": 0.8566864520399182,
      "good_recall": 0.7519802851610632,
      "medium_recall": 0.9392171622130222,
      "bad_recall": 0.9101229895931883,
      "good_precision": 0.9618011257035647,
      "medium_precision": 0.6820169445203608,
      "bad_precision": 0.9629629629629629,
      "good_f1": 0.8440463645943098,
      "medium_f1": 0.7902153261557948,
      "bad_f1": 0.9357976653696498,
      "support_good": 17043,
      "support_medium": 10628,
      "support_bad": 5285,
      "confusion_3x3": "[[12816, 4204, 23], [484, 9982, 162], [25, 450, 4810]]"
    },
    {
      "variant_id": "nl_n11200_gm_trim_bad_boundaryblocks_n10000shell_thinprob_84079be0011f",
      "prediction_mode": "simple_pc1_lowqrs_medium_keep_qbr030_flat012",
      "bucket": "original_test_all_10s+",
      "n": 8477,
      "acc": 0.8040580394007314,
      "macro_f1": 0.5605174299182737,
      "good_recall": 0.7384615384615385,
      "medium_recall": 0.9313149570718482,
      "bad_recall": 0.014598540145985401,
      "good_precision": 0.935933147632312,
      "medium_precision": 0.7564690768948431,
      "bad_precision": 0.038461538461538464,
      "good_f1": 0.8255528255528255,
      "medium_f1": 0.8348354430379746,
      "bad_f1": 0.021164021164021163,
      "support_good": 3640,
      "support_medium": 4426,
      "support_bad": 411,
      "confusion_3x3": "[[2688, 946, 6], [160, 4122, 144], [24, 381, 6]]"
    },
    {
      "variant_id": "nl_n11200_gm_trim_bad_boundaryblocks_n10000shell_thinprob_84079be0011f",
      "prediction_mode": "simple_pc1_lowqrs_medium_keep_qbr030_flat012",
      "bucket": "original_test_good_medium_only",
      "n": 8066,
      "acc": 0.8442846516241012,
      "macro_f1": 0.5656481853553039,
      "good_recall": 0.7384615384615385,
      "medium_recall": 0.9313149570718482,
      "bad_recall": 0.0,
      "good_precision": 0.9438202247191011,
      "medium_precision": 0.8133385951065509,
      "bad_precision": 0.0,
      "good_f1": 0.8286066584463625,
      "medium_f1": 0.8683378976195492,
      "bad_f1": 0.0,
      "support_good": 3640,
      "support_medium": 4426,
      "support_bad": 0,
      "confusion_3x3": "[[2688, 946, 6], [160, 4122, 144], [0, 0, 0]]"
    },
    {
      "variant_id": "nl_n11200_gm_trim_bad_boundaryblocks_n10000shell_thinprob_84079be0011f",
      "prediction_mode": "simple_pc1_lowqrs_medium_keep_qbr030_flat012",
      "bucket": "original_test_bad_core_near_boundary",
      "n": 119,
      "acc": 0.0,
      "macro_f1": 0.0,
      "good_recall": 0.0,
      "medium_recall": 0.0,
      "bad_recall": 0.0,
      "good_precision": 0.0,
      "medium_precision": 0.0,
      "bad_precision": 0.0,
      "good_f1": 0.0,
      "medium_f1": 0.0,
      "bad_f1": 0.0,
      "support_good": 0,
      "support_medium": 0,
      "support_bad": 119,
      "confusion_3x3": "[[0, 0, 0], [0, 0, 0], [0, 119, 0]]"
    },
    {
      "variant_id": "nl_n11200_gm_trim_bad_boundaryblocks_n10000shell_thinprob_84079be0011f",
      "prediction_mode": "simple_pc1_lowqrs_medium_keep_qbr030_flat012",
      "bucket": "original_test_bad_outlier_stress",
      "n": 292,
      "acc": 0.02054794520547945,
      "macro_f1": 0.013422818791946308,
      "good_recall": 0.0,
      "medium_recall": 0.0,
      "bad_recall": 0.02054794520547945,
      "good_precision": 0.0,
      "medium_precision": 0.0,
      "bad_precision": 1.0,
      "good_f1": 0.0,
      "medium_f1": 0.0,
      "bad_f1": 0.040268456375838924,
      "support_good": 0,
      "support_medium": 0,
      "support_bad": 292,
      "confusion_3x3": "[[0, 0, 0], [0, 0, 0], [24, 262, 6]]"
    },
    {
      "variant_id": "nl_n11200_gm_trim_bad_boundaryblocks_n10000shell_thinprob_84079be0011f",
      "prediction_mode": "simple_pc1_lowqrs_medium_keep_qbr030_flat012",
      "bucket": "original_test_drop_bad_outlier_reference",
      "n": 8185,
      "acc": 0.8320097739767868,
      "macro_f1": 0.5620651134798322,
      "good_recall": 0.7384615384615385,
      "medium_recall": 0.9313149570718482,
      "bad_recall": 0.0,
      "good_precision": 0.9438202247191011,
      "medium_precision": 0.794679005205321,
      "bad_precision": 0.0,
      "good_f1": 0.8286066584463625,
      "medium_f1": 0.8575886819931343,
      "bad_f1": 0.0,
      "support_good": 3640,
      "support_medium": 4426,
      "support_bad": 119,
      "confusion_3x3": "[[2688, 946, 6], [160, 4122, 144], [0, 119, 0]]"
    },
    {
      "variant_id": "nl_n11200_gm_trim_bad_boundaryblocks_n10000shell_thinprob_84079be0011f",
      "prediction_mode": "simple_pc1_lowqrs_medium_keep_qbr030_flat012",
      "bucket": "original_test_good_medium_overlap",
      "n": 7492,
      "acc": 0.8323545114789108,
      "macro_f1": 0.5593847896312122,
      "good_recall": 0.7357023875624653,
      "medium_recall": 0.9218508997429306,
      "bad_recall": 0.0,
      "good_precision": 0.9430604982206405,
      "medium_precision": 0.7912621359223301,
      "bad_precision": 0.0,
      "good_f1": 0.8265751715533375,
      "medium_f1": 0.8515791973402992,
      "bad_f1": 0.0,
      "support_good": 3602,
      "support_medium": 3890,
      "support_bad": 0,
      "confusion_3x3": "[[2650, 946, 6], [160, 3586, 144], [0, 0, 0]]"
    },
    {
      "variant_id": "nl_n11200_gm_trim_bad_boundaryblocks_n10000shell_thinprob_84079be0011f",
      "prediction_mode": "simple_pc1_lowqrs_medium_keep_qbr030_flat012",
      "bucket": "original_all_bad_core_near_boundary",
      "n": 4084,
      "acc": 0.970617042115573,
      "macro_f1": 0.32836315440689195,
      "good_recall": 0.0,
      "medium_recall": 0.0,
      "bad_recall": 0.970617042115573,
      "good_precision": 0.0,
      "medium_precision": 0.0,
      "bad_precision": 1.0,
      "good_f1": 0.0,
      "medium_f1": 0.0,
      "bad_f1": 0.9850894632206759,
      "support_good": 0,
      "support_medium": 0,
      "support_bad": 4084,
      "confusion_3x3": "[[0, 0, 0], [0, 0, 0], [0, 120, 3964]]"
    },
    {
      "variant_id": "nl_n11200_gm_trim_bad_boundaryblocks_n10000shell_thinprob_84079be0011f",
      "prediction_mode": "simple_pc1_lowqrs_medium_keep_qbr030_flat012",
      "bucket": "original_all_bad_outlier_stress",
      "n": 1201,
      "acc": 0.704412989175687,
      "macro_f1": 0.27552515876893013,
      "good_recall": 0.0,
      "medium_recall": 0.0,
      "bad_recall": 0.704412989175687,
      "good_precision": 0.0,
      "medium_precision": 0.0,
      "bad_precision": 1.0,
      "good_f1": 0.0,
      "medium_f1": 0.0,
      "bad_f1": 0.8265754763067904,
      "support_good": 0,
      "support_medium": 0,
      "support_bad": 1201,
      "confusion_3x3": "[[0, 0, 0], [0, 0, 0], [25, 330, 846]]"
    }
  ],
  "selection_note": "Original BUT is report-only; Clean/SemiClean/node diagnostic remains the selection source."
}