{
  "created_at": "2026-06-13T05:42:57",
  "variant_id": "nl_n7182_gm_trim_bad_boundaryblocks_badattackwide_outlier_b9dea2cfac81",
  "prediction_mode": "raw",
  "metrics": [
    {
      "variant_id": "nl_n7182_gm_trim_bad_boundaryblocks_badattackwide_outlier_b9dea2cfac81",
      "prediction_mode": "raw",
      "bucket": "original_all_10s+",
      "n": 32956,
      "acc": 0.8152991867945139,
      "macro_f1": 0.8173699911957003,
      "good_recall": 0.8869330516927771,
      "medium_recall": 0.650169363944298,
      "bad_recall": 0.9163670766319773,
      "good_precision": 0.8256950893100999,
      "medium_precision": 0.755273800415346,
      "bad_precision": 0.8805454545454545,
      "good_f1": 0.8552192362093353,
      "medium_f1": 0.6987915255094301,
      "bad_f1": 0.8980992118683356,
      "support_good": 17043,
      "support_medium": 10628,
      "support_bad": 5285,
      "confusion_3x3": "[[15116, 1856, 71], [3132, 6910, 586], [59, 383, 4843]]"
    },
    {
      "variant_id": "nl_n7182_gm_trim_bad_boundaryblocks_badattackwide_outlier_b9dea2cfac81",
      "prediction_mode": "raw",
      "bucket": "original_test_all_10s+",
      "n": 8477,
      "acc": 0.6923439896189689,
      "macro_f1": 0.518046490441852,
      "good_recall": 0.7914835164835164,
      "medium_recall": 0.6649344780840488,
      "bad_recall": 0.10948905109489052,
      "good_precision": 0.7438678027368965,
      "medium_precision": 0.7366708385481853,
      "bad_precision": 0.07389162561576355,
      "good_f1": 0.7669373086649807,
      "medium_f1": 0.6989668685429284,
      "bad_f1": 0.08823529411764706,
      "support_good": 3640,
      "support_medium": 4426,
      "support_bad": 411,
      "confusion_3x3": "[[2881, 741, 18], [937, 2943, 546], [55, 311, 45]]"
    },
    {
      "variant_id": "nl_n7182_gm_trim_bad_boundaryblocks_badattackwide_outlier_b9dea2cfac81",
      "prediction_mode": "raw",
      "bucket": "original_test_good_medium_only",
      "n": 8066,
      "acc": 0.7220431440614927,
      "macro_f1": 0.4994546140121907,
      "good_recall": 0.7914835164835164,
      "medium_recall": 0.6649344780840488,
      "bad_recall": 0.0,
      "good_precision": 0.7545835515976951,
      "medium_precision": 0.7988599348534202,
      "bad_precision": 0.0,
      "good_f1": 0.7725931885223921,
      "medium_f1": 0.72577065351418,
      "bad_f1": 0.0,
      "support_good": 3640,
      "support_medium": 4426,
      "support_bad": 0,
      "confusion_3x3": "[[2881, 741, 18], [937, 2943, 546], [0, 0, 0]]"
    },
    {
      "variant_id": "nl_n7182_gm_trim_bad_boundaryblocks_badattackwide_outlier_b9dea2cfac81",
      "prediction_mode": "raw",
      "bucket": "original_test_bad_core_near_boundary",
      "n": 119,
      "acc": 0.0,
      "macro_f1": 0.0,
      "good_recall": 0.0,
      "medium_recall": 0.0,
      "bad_recall": 0.0,
      "good_precision": 0.0,
      "medium_precision": 0.0,
      "bad_precision": 0.0,
      "good_f1": 0.0,
      "medium_f1": 0.0,
      "bad_f1": 0.0,
      "support_good": 0,
      "support_medium": 0,
      "support_bad": 119,
      "confusion_3x3": "[[0, 0, 0], [0, 0, 0], [0, 119, 0]]"
    },
    {
      "variant_id": "nl_n7182_gm_trim_bad_boundaryblocks_badattackwide_outlier_b9dea2cfac81",
      "prediction_mode": "raw",
      "bucket": "original_test_bad_outlier_stress",
      "n": 292,
      "acc": 0.1541095890410959,
      "macro_f1": 0.08902077151335312,
      "good_recall": 0.0,
      "medium_recall": 0.0,
      "bad_recall": 0.1541095890410959,
      "good_precision": 0.0,
      "medium_precision": 0.0,
      "bad_precision": 1.0,
      "good_f1": 0.0,
      "medium_f1": 0.0,
      "bad_f1": 0.26706231454005935,
      "support_good": 0,
      "support_medium": 0,
      "support_bad": 292,
      "confusion_3x3": "[[0, 0, 0], [0, 0, 0], [55, 192, 45]]"
    },
    {
      "variant_id": "nl_n7182_gm_trim_bad_boundaryblocks_badattackwide_outlier_b9dea2cfac81",
      "prediction_mode": "raw",
      "bucket": "original_test_drop_bad_outlier_reference",
      "n": 8185,
      "acc": 0.7115455100794136,
      "macro_f1": 0.4959561448677752,
      "good_recall": 0.7914835164835164,
      "medium_recall": 0.6649344780840488,
      "bad_recall": 0.0,
      "good_precision": 0.7545835515976951,
      "medium_precision": 0.7738627399421509,
      "bad_precision": 0.0,
      "good_f1": 0.7725931885223921,
      "medium_f1": 0.7152752460809333,
      "bad_f1": 0.0,
      "support_good": 3640,
      "support_medium": 4426,
      "support_bad": 119,
      "confusion_3x3": "[[2881, 741, 18], [937, 2943, 546], [0, 119, 0]]"
    },
    {
      "variant_id": "nl_n7182_gm_trim_bad_boundaryblocks_badattackwide_outlier_b9dea2cfac81",
      "prediction_mode": "raw",
      "bucket": "original_test_good_medium_overlap",
      "n": 7492,
      "acc": 0.7059530165509877,
      "macro_f1": 0.48853208918609625,
      "good_recall": 0.7892837312604108,
      "medium_recall": 0.6287917737789203,
      "bad_recall": 0.0,
      "good_precision": 0.7599572306869821,
      "medium_precision": 0.7674929400690305,
      "bad_precision": 0.0,
      "good_f1": 0.7743429116165055,
      "medium_f1": 0.6912533559417833,
      "bad_f1": 0.0,
      "support_good": 3602,
      "support_medium": 3890,
      "support_bad": 0,
      "confusion_3x3": "[[2843, 741, 18], [898, 2446, 546], [0, 0, 0]]"
    },
    {
      "variant_id": "nl_n7182_gm_trim_bad_boundaryblocks_badattackwide_outlier_b9dea2cfac81",
      "prediction_mode": "raw",
      "bucket": "original_all_bad_core_near_boundary",
      "n": 4084,
      "acc": 0.9698824681684622,
      "macro_f1": 0.328237000207168,
      "good_recall": 0.0,
      "medium_recall": 0.0,
      "bad_recall": 0.9698824681684622,
      "good_precision": 0.0,
      "medium_precision": 0.0,
      "bad_precision": 1.0,
      "good_f1": 0.0,
      "medium_f1": 0.0,
      "bad_f1": 0.9847110006215041,
      "support_good": 0,
      "support_medium": 0,
      "support_bad": 4084,
      "confusion_3x3": "[[0, 0, 0], [0, 0, 0], [0, 123, 3961]]"
    },
    {
      "variant_id": "nl_n7182_gm_trim_bad_boundaryblocks_badattackwide_outlier_b9dea2cfac81",
      "prediction_mode": "raw",
      "bucket": "original_all_bad_outlier_stress",
      "n": 1201,
      "acc": 0.7343880099916736,
      "macro_f1": 0.28228516562650025,
      "good_recall": 0.0,
      "medium_recall": 0.0,
      "bad_recall": 0.7343880099916736,
      "good_precision": 0.0,
      "medium_precision": 0.0,
      "bad_precision": 1.0,
      "good_f1": 0.0,
      "medium_f1": 0.0,
      "bad_f1": 0.8468554968795007,
      "support_good": 0,
      "support_medium": 0,
      "support_bad": 1201,
      "confusion_3x3": "[[0, 0, 0], [0, 0, 0], [59, 260, 882]]"
    }
  ],
  "selection_note": "Original BUT is report-only; Clean/SemiClean/node diagnostic remains the selection source."
}