{
  "created_at": "2026-06-13T10:20:33",
  "variant_id": "nl_n7188_gm_trim_bad_boundaryblocks_badoutlier_visqrsnarr_a364001dc6cf",
  "prediction_mode": "rawbad_feature_pc1_qrsprom_plus_precision_veto",
  "metrics": [
    {
      "variant_id": "nl_n7188_gm_trim_bad_boundaryblocks_badoutlier_visqrsnarr_a364001dc6cf",
      "prediction_mode": "rawbad_feature_pc1_qrsprom_plus_precision_veto",
      "bucket": "original_all_10s+",
      "n": 32956,
      "acc": 0.8336873406966865,
      "macro_f1": 0.8548634976907946,
      "good_recall": 0.7344364255119404,
      "medium_recall": 0.9348889725254046,
      "bad_recall": 0.9502365184484389,
      "good_precision": 0.966339844051571,
      "medium_precision": 0.6784568111983612,
      "bad_precision": 0.9372900335946248,
      "good_f1": 0.8345779437258302,
      "medium_f1": 0.7862936730898588,
      "bad_f1": 0.9437188762566946,
      "support_good": 17043,
      "support_medium": 10628,
      "support_bad": 5285,
      "confusion_3x3": "[[12517, 4459, 67], [423, 9936, 269], [13, 250, 5022]]"
    },
    {
      "variant_id": "nl_n7188_gm_trim_bad_boundaryblocks_badoutlier_visqrsnarr_a364001dc6cf",
      "prediction_mode": "rawbad_feature_pc1_qrsprom_plus_precision_veto",
      "bucket": "original_test_all_10s+",
      "n": 8477,
      "acc": 0.8363807950926035,
      "macro_f1": 0.7335437381862442,
      "good_recall": 0.7788461538461539,
      "medium_recall": 0.9141436963398102,
      "bad_recall": 0.5085158150851582,
      "good_precision": 0.9402985074626866,
      "medium_precision": 0.8053343949044586,
      "bad_precision": 0.4771689497716895,
      "good_f1": 0.8519909842223892,
      "medium_f1": 0.8562962962962963,
      "bad_f1": 0.4923439340400471,
      "support_good": 3640,
      "support_medium": 4426,
      "support_bad": 411,
      "confusion_3x3": "[[2835, 789, 16], [167, 4046, 213], [13, 189, 209]]"
    },
    {
      "variant_id": "nl_n7188_gm_trim_bad_boundaryblocks_badoutlier_visqrsnarr_a364001dc6cf",
      "prediction_mode": "rawbad_feature_pc1_qrsprom_plus_precision_veto",
      "bucket": "original_test_good_medium_only",
      "n": 8066,
      "acc": 0.8530870319861146,
      "macro_f1": 0.5758100891666512,
      "good_recall": 0.7788461538461539,
      "medium_recall": 0.9141436963398102,
      "bad_recall": 0.0,
      "good_precision": 0.9443704197201865,
      "medium_precision": 0.8368148914167528,
      "bad_precision": 0.0,
      "good_f1": 0.8536585365853658,
      "medium_f1": 0.873771730914588,
      "bad_f1": 0.0,
      "support_good": 3640,
      "support_medium": 4426,
      "support_bad": 0,
      "confusion_3x3": "[[2835, 789, 16], [167, 4046, 213], [0, 0, 0]]"
    },
    {
      "variant_id": "nl_n7188_gm_trim_bad_boundaryblocks_badoutlier_visqrsnarr_a364001dc6cf",
      "prediction_mode": "rawbad_feature_pc1_qrsprom_plus_precision_veto",
      "bucket": "original_test_bad_core_near_boundary",
      "n": 119,
      "acc": 1.0,
      "macro_f1": 0.3333333333333333,
      "good_recall": 0.0,
      "medium_recall": 0.0,
      "bad_recall": 1.0,
      "good_precision": 0.0,
      "medium_precision": 0.0,
      "bad_precision": 1.0,
      "good_f1": 0.0,
      "medium_f1": 0.0,
      "bad_f1": 1.0,
      "support_good": 0,
      "support_medium": 0,
      "support_bad": 119,
      "confusion_3x3": "[[0, 0, 0], [0, 0, 0], [0, 0, 119]]"
    },
    {
      "variant_id": "nl_n7188_gm_trim_bad_boundaryblocks_badoutlier_visqrsnarr_a364001dc6cf",
      "prediction_mode": "rawbad_feature_pc1_qrsprom_plus_precision_veto",
      "bucket": "original_test_bad_outlier_stress",
      "n": 292,
      "acc": 0.3082191780821918,
      "macro_f1": 0.15706806282722513,
      "good_recall": 0.0,
      "medium_recall": 0.0,
      "bad_recall": 0.3082191780821918,
      "good_precision": 0.0,
      "medium_precision": 0.0,
      "bad_precision": 1.0,
      "good_f1": 0.0,
      "medium_f1": 0.0,
      "bad_f1": 0.4712041884816754,
      "support_good": 0,
      "support_medium": 0,
      "support_bad": 292,
      "confusion_3x3": "[[0, 0, 0], [0, 0, 0], [13, 189, 90]]"
    },
    {
      "variant_id": "nl_n7188_gm_trim_bad_boundaryblocks_badoutlier_visqrsnarr_a364001dc6cf",
      "prediction_mode": "rawbad_feature_pc1_qrsprom_plus_precision_veto",
      "bucket": "original_test_drop_bad_outlier_reference",
      "n": 8185,
      "acc": 0.855222968845449,
      "macro_f1": 0.7456887472680074,
      "good_recall": 0.7788461538461539,
      "medium_recall": 0.9141436963398102,
      "bad_recall": 1.0,
      "good_precision": 0.9443704197201865,
      "medium_precision": 0.8368148914167528,
      "bad_precision": 0.34195402298850575,
      "good_f1": 0.8536585365853658,
      "medium_f1": 0.873771730914588,
      "bad_f1": 0.5096359743040685,
      "support_good": 3640,
      "support_medium": 4426,
      "support_bad": 119,
      "confusion_3x3": "[[2835, 789, 16], [167, 4046, 213], [0, 0, 119]]"
    },
    {
      "variant_id": "nl_n7188_gm_trim_bad_boundaryblocks_badoutlier_visqrsnarr_a364001dc6cf",
      "prediction_mode": "rawbad_feature_pc1_qrsprom_plus_precision_veto",
      "bucket": "original_test_good_medium_overlap",
      "n": 7492,
      "acc": 0.843699946609717,
      "macro_f1": 0.5703875069690322,
      "good_recall": 0.7765130483064964,
      "medium_recall": 0.9059125964010283,
      "bad_recall": 0.0,
      "good_precision": 0.9436572199730094,
      "medium_precision": 0.8170646881520983,
      "bad_precision": 0.0,
      "good_f1": 0.8519646664636004,
      "medium_f1": 0.8591978544434963,
      "bad_f1": 0.0,
      "support_good": 3602,
      "support_medium": 3890,
      "support_bad": 0,
      "confusion_3x3": "[[2797, 789, 16], [167, 3524, 199], [0, 0, 0]]"
    },
    {
      "variant_id": "nl_n7188_gm_trim_bad_boundaryblocks_badoutlier_visqrsnarr_a364001dc6cf",
      "prediction_mode": "rawbad_feature_pc1_qrsprom_plus_precision_veto",
      "bucket": "original_all_bad_core_near_boundary",
      "n": 4084,
      "acc": 1.0,
      "macro_f1": 0.3333333333333333,
      "good_recall": 0.0,
      "medium_recall": 0.0,
      "bad_recall": 1.0,
      "good_precision": 0.0,
      "medium_precision": 0.0,
      "bad_precision": 1.0,
      "good_f1": 0.0,
      "medium_f1": 0.0,
      "bad_f1": 1.0,
      "support_good": 0,
      "support_medium": 0,
      "support_bad": 4084,
      "confusion_3x3": "[[0, 0, 0], [0, 0, 0], [0, 0, 4084]]"
    },
    {
      "variant_id": "nl_n7188_gm_trim_bad_boundaryblocks_badoutlier_visqrsnarr_a364001dc6cf",
      "prediction_mode": "rawbad_feature_pc1_qrsprom_plus_precision_veto",
      "bucket": "original_all_bad_outlier_stress",
      "n": 1201,
      "acc": 0.7810158201498751,
      "macro_f1": 0.29234844943119837,
      "good_recall": 0.0,
      "medium_recall": 0.0,
      "bad_recall": 0.7810158201498751,
      "good_precision": 0.0,
      "medium_precision": 0.0,
      "bad_precision": 1.0,
      "good_f1": 0.0,
      "medium_f1": 0.0,
      "bad_f1": 0.8770453482935952,
      "support_good": 0,
      "support_medium": 0,
      "support_bad": 1201,
      "confusion_3x3": "[[0, 0, 0], [0, 0, 0], [13, 250, 938]]"
    }
  ],
  "selection_note": "Original BUT is report-only; Clean/SemiClean/node diagnostic remains the selection source."
}