{
  "created_at": "2026-06-13T07:23:56",
  "variant_id": "nl_n7185_gm_trim_bad_boundaryblocks_badoutlier_precision__94b8c36292da",
  "prediction_mode": "simple_pc1_gm_gate_t226",
  "metrics": [
    {
      "variant_id": "nl_n7185_gm_trim_bad_boundaryblocks_badoutlier_precision__94b8c36292da",
      "prediction_mode": "simple_pc1_gm_gate_t226",
      "bucket": "original_all_10s+",
      "n": 32956,
      "acc": 0.8306226483796577,
      "macro_f1": 0.8427121757389348,
      "good_recall": 0.8107140761603004,
      "medium_recall": 0.810030109145653,
      "bad_recall": 0.9362346263008514,
      "good_precision": 0.8885530546623794,
      "medium_precision": 0.7247243033925415,
      "bad_precision": 0.8952415415234304,
      "good_f1": 0.8478507655017948,
      "medium_f1": 0.7650064424401297,
      "bad_f1": 0.9152793192748797,
      "support_good": 17043,
      "support_medium": 10628,
      "support_bad": 5285,
      "confusion_3x3": "[[13817, 3147, 79], [1519, 8609, 500], [214, 123, 4948]]"
    },
    {
      "variant_id": "nl_n7185_gm_trim_bad_boundaryblocks_badoutlier_precision__94b8c36292da",
      "prediction_mode": "simple_pc1_gm_gate_t226",
      "bucket": "original_test_all_10s+",
      "n": 8477,
      "acc": 0.7580511973575558,
      "macro_f1": 0.6159856642299237,
      "good_recall": 0.9252747252747253,
      "medium_recall": 0.6601897876186172,
      "bad_recall": 0.3309002433090024,
      "good_precision": 0.7227467811158799,
      "medium_precision": 0.9038045159294773,
      "bad_precision": 0.2328767123287671,
      "good_f1": 0.811566265060241,
      "medium_f1": 0.763023893458676,
      "bad_f1": 0.2733668341708543,
      "support_good": 3640,
      "support_medium": 4426,
      "support_bad": 411,
      "confusion_3x3": "[[3368, 247, 25], [1081, 2922, 423], [211, 64, 136]]"
    },
    {
      "variant_id": "nl_n7185_gm_trim_bad_boundaryblocks_badoutlier_precision__94b8c36292da",
      "prediction_mode": "simple_pc1_gm_gate_t226",
      "bucket": "original_test_good_medium_only",
      "n": 8066,
      "acc": 0.7798165137614679,
      "macro_f1": 0.5340631339850853,
      "good_recall": 0.9252747252747253,
      "medium_recall": 0.6601897876186172,
      "bad_recall": 0.0,
      "good_precision": 0.7570240503483929,
      "medium_precision": 0.9220574313663616,
      "bad_precision": 0.0,
      "good_f1": 0.8327358140684881,
      "medium_f1": 0.7694535878867677,
      "bad_f1": 0.0,
      "support_good": 3640,
      "support_medium": 4426,
      "support_bad": 0,
      "confusion_3x3": "[[3368, 247, 25], [1081, 2922, 423], [0, 0, 0]]"
    },
    {
      "variant_id": "nl_n7185_gm_trim_bad_boundaryblocks_badoutlier_precision__94b8c36292da",
      "prediction_mode": "simple_pc1_gm_gate_t226",
      "bucket": "original_test_bad_core_near_boundary",
      "n": 119,
      "acc": 0.9327731092436975,
      "macro_f1": 0.3217391304347826,
      "good_recall": 0.0,
      "medium_recall": 0.0,
      "bad_recall": 0.9327731092436975,
      "good_precision": 0.0,
      "medium_precision": 0.0,
      "bad_precision": 1.0,
      "good_f1": 0.0,
      "medium_f1": 0.0,
      "bad_f1": 0.9652173913043478,
      "support_good": 0,
      "support_medium": 0,
      "support_bad": 119,
      "confusion_3x3": "[[0, 0, 0], [0, 0, 0], [0, 8, 111]]"
    },
    {
      "variant_id": "nl_n7185_gm_trim_bad_boundaryblocks_badoutlier_precision__94b8c36292da",
      "prediction_mode": "simple_pc1_gm_gate_t226",
      "bucket": "original_test_bad_outlier_stress",
      "n": 292,
      "acc": 0.08561643835616438,
      "macro_f1": 0.052576235541535225,
      "good_recall": 0.0,
      "medium_recall": 0.0,
      "bad_recall": 0.08561643835616438,
      "good_precision": 0.0,
      "medium_precision": 0.0,
      "bad_precision": 1.0,
      "good_f1": 0.0,
      "medium_f1": 0.0,
      "bad_f1": 0.15772870662460567,
      "support_good": 0,
      "support_medium": 0,
      "support_bad": 292,
      "confusion_3x3": "[[0, 0, 0], [0, 0, 0], [211, 56, 25]]"
    },
    {
      "variant_id": "nl_n7185_gm_trim_bad_boundaryblocks_badoutlier_precision__94b8c36292da",
      "prediction_mode": "simple_pc1_gm_gate_t226",
      "bucket": "original_test_drop_bad_outlier_reference",
      "n": 8185,
      "acc": 0.7820403176542455,
      "macro_f1": 0.6429377995733662,
      "good_recall": 0.9252747252747253,
      "medium_recall": 0.6601897876186172,
      "bad_recall": 0.9327731092436975,
      "good_precision": 0.7570240503483929,
      "medium_precision": 0.9197355996222851,
      "bad_precision": 0.19856887298747763,
      "good_f1": 0.8327358140684881,
      "medium_f1": 0.7686439563330264,
      "bad_f1": 0.3274336283185841,
      "support_good": 3640,
      "support_medium": 4426,
      "support_bad": 119,
      "confusion_3x3": "[[3368, 247, 25], [1081, 2922, 423], [0, 8, 111]]"
    },
    {
      "variant_id": "nl_n7185_gm_trim_bad_boundaryblocks_badoutlier_precision__94b8c36292da",
      "prediction_mode": "simple_pc1_gm_gate_t226",
      "bucket": "original_test_good_medium_overlap",
      "n": 7492,
      "acc": 0.7630806193272824,
      "macro_f1": 0.5209696796353994,
      "good_recall": 0.9244863964464186,
      "medium_recall": 0.6136246786632391,
      "bad_recall": 0.0,
      "good_precision": 0.7549308546814781,
      "medium_precision": 0.9062262718299164,
      "bad_precision": 0.0,
      "good_f1": 0.8311493822538375,
      "medium_f1": 0.7317596566523605,
      "bad_f1": 0.0,
      "support_good": 3602,
      "support_medium": 3890,
      "support_bad": 0,
      "confusion_3x3": "[[3330, 247, 25], [1081, 2387, 422], [0, 0, 0]]"
    },
    {
      "variant_id": "nl_n7185_gm_trim_bad_boundaryblocks_badoutlier_precision__94b8c36292da",
      "prediction_mode": "simple_pc1_gm_gate_t226",
      "bucket": "original_all_bad_core_near_boundary",
      "n": 4084,
      "acc": 0.997796278158668,
      "macro_f1": 0.3329656412142011,
      "good_recall": 0.0,
      "medium_recall": 0.0,
      "bad_recall": 0.997796278158668,
      "good_precision": 0.0,
      "medium_precision": 0.0,
      "bad_precision": 1.0,
      "good_f1": 0.0,
      "medium_f1": 0.0,
      "bad_f1": 0.9988969236426033,
      "support_good": 0,
      "support_medium": 0,
      "support_bad": 4084,
      "confusion_3x3": "[[0, 0, 0], [0, 0, 0], [0, 9, 4075]]"
    },
    {
      "variant_id": "nl_n7185_gm_trim_bad_boundaryblocks_badoutlier_precision__94b8c36292da",
      "prediction_mode": "simple_pc1_gm_gate_t226",
      "bucket": "original_all_bad_outlier_stress",
      "n": 1201,
      "acc": 0.7268942547876769,
      "macro_f1": 0.2806171648987464,
      "good_recall": 0.0,
      "medium_recall": 0.0,
      "bad_recall": 0.7268942547876769,
      "good_precision": 0.0,
      "medium_precision": 0.0,
      "bad_precision": 1.0,
      "good_f1": 0.0,
      "medium_f1": 0.0,
      "bad_f1": 0.8418514946962391,
      "support_good": 0,
      "support_medium": 0,
      "support_bad": 1201,
      "confusion_3x3": "[[0, 0, 0], [0, 0, 0], [214, 114, 873]]"
    }
  ],
  "selection_note": "Original BUT is report-only; Clean/SemiClean/node diagnostic remains the selection source."
}