{
  "created_at": "2026-06-13T10:20:28",
  "variant_id": "nl_n7188_gm_trim_bad_boundaryblocks_badoutlier_visqrsnarr_a364001dc6cf",
  "prediction_mode": "rawbad_feature_pc1_qrsprom_tree",
  "metrics": [
    {
      "variant_id": "nl_n7188_gm_trim_bad_boundaryblocks_badoutlier_visqrsnarr_a364001dc6cf",
      "prediction_mode": "rawbad_feature_pc1_qrsprom_tree",
      "bucket": "original_all_10s+",
      "n": 32956,
      "acc": 0.8334445927903872,
      "macro_f1": 0.8553648949569889,
      "good_recall": 0.7349645015548906,
      "medium_recall": 0.9405344373353406,
      "bad_recall": 0.935666982024598,
      "good_precision": 0.9656926990979878,
      "medium_precision": 0.674949358541526,
      "bad_precision": 0.9555555555555556,
      "good_f1": 0.834677150663024,
      "medium_f1": 0.7859108420473307,
      "bad_f1": 0.9455066921606119,
      "support_good": 17043,
      "support_medium": 10628,
      "support_bad": 5285,
      "confusion_3x3": "[[12526, 4492, 25], [427, 9996, 205], [18, 322, 4945]]"
    },
    {
      "variant_id": "nl_n7188_gm_trim_bad_boundaryblocks_badoutlier_visqrsnarr_a364001dc6cf",
      "prediction_mode": "rawbad_feature_pc1_qrsprom_tree",
      "bucket": "original_test_all_10s+",
      "n": 8477,
      "acc": 0.8339035035979709,
      "macro_f1": 0.6931536095173466,
      "good_recall": 0.781043956043956,
      "medium_recall": 0.9249887031179395,
      "bad_recall": 0.32116788321167883,
      "good_precision": 0.9376649076517151,
      "medium_precision": 0.7955693742712787,
      "bad_precision": 0.4414715719063545,
      "good_f1": 0.8522182254196643,
      "medium_f1": 0.8554116172168825,
      "bad_f1": 0.37183098591549296,
      "support_good": 3640,
      "support_medium": 4426,
      "support_bad": 411,
      "confusion_3x3": "[[2843, 791, 6], [171, 4094, 161], [18, 261, 132]]"
    },
    {
      "variant_id": "nl_n7188_gm_trim_bad_boundaryblocks_badoutlier_visqrsnarr_a364001dc6cf",
      "prediction_mode": "rawbad_feature_pc1_qrsprom_tree",
      "bucket": "original_test_good_medium_only",
      "n": 8066,
      "acc": 0.8600297545251674,
      "macro_f1": 0.5779711878947403,
      "good_recall": 0.781043956043956,
      "medium_recall": 0.9249887031179395,
      "bad_recall": 0.0,
      "good_precision": 0.9432647644326476,
      "medium_precision": 0.8380757420675538,
      "bad_precision": 0.0,
      "good_f1": 0.8545235948301774,
      "medium_f1": 0.8793899688540436,
      "bad_f1": 0.0,
      "support_good": 3640,
      "support_medium": 4426,
      "support_bad": 0,
      "confusion_3x3": "[[2843, 791, 6], [171, 4094, 161], [0, 0, 0]]"
    },
    {
      "variant_id": "nl_n7188_gm_trim_bad_boundaryblocks_badoutlier_visqrsnarr_a364001dc6cf",
      "prediction_mode": "rawbad_feature_pc1_qrsprom_tree",
      "bucket": "original_test_bad_core_near_boundary",
      "n": 119,
      "acc": 1.0,
      "macro_f1": 0.3333333333333333,
      "good_recall": 0.0,
      "medium_recall": 0.0,
      "bad_recall": 1.0,
      "good_precision": 0.0,
      "medium_precision": 0.0,
      "bad_precision": 1.0,
      "good_f1": 0.0,
      "medium_f1": 0.0,
      "bad_f1": 1.0,
      "support_good": 0,
      "support_medium": 0,
      "support_bad": 119,
      "confusion_3x3": "[[0, 0, 0], [0, 0, 0], [0, 0, 119]]"
    },
    {
      "variant_id": "nl_n7188_gm_trim_bad_boundaryblocks_badoutlier_visqrsnarr_a364001dc6cf",
      "prediction_mode": "rawbad_feature_pc1_qrsprom_tree",
      "bucket": "original_test_bad_outlier_stress",
      "n": 292,
      "acc": 0.04452054794520548,
      "macro_f1": 0.028415300546448086,
      "good_recall": 0.0,
      "medium_recall": 0.0,
      "bad_recall": 0.04452054794520548,
      "good_precision": 0.0,
      "medium_precision": 0.0,
      "bad_precision": 1.0,
      "good_f1": 0.0,
      "medium_f1": 0.0,
      "bad_f1": 0.08524590163934426,
      "support_good": 0,
      "support_medium": 0,
      "support_bad": 292,
      "confusion_3x3": "[[0, 0, 0], [0, 0, 0], [18, 261, 13]]"
    },
    {
      "variant_id": "nl_n7188_gm_trim_bad_boundaryblocks_badoutlier_visqrsnarr_a364001dc6cf",
      "prediction_mode": "rawbad_feature_pc1_qrsprom_tree",
      "bucket": "original_test_drop_bad_outlier_reference",
      "n": 8185,
      "acc": 0.8620647525962126,
      "macro_f1": 0.7738559615572917,
      "good_recall": 0.781043956043956,
      "medium_recall": 0.9249887031179395,
      "bad_recall": 1.0,
      "good_precision": 0.9432647644326476,
      "medium_precision": 0.8380757420675538,
      "bad_precision": 0.4160839160839161,
      "good_f1": 0.8545235948301774,
      "medium_f1": 0.8793899688540436,
      "bad_f1": 0.5876543209876544,
      "support_good": 3640,
      "support_medium": 4426,
      "support_bad": 119,
      "confusion_3x3": "[[2843, 791, 6], [171, 4094, 161], [0, 0, 119]]"
    },
    {
      "variant_id": "nl_n7188_gm_trim_bad_boundaryblocks_badoutlier_visqrsnarr_a364001dc6cf",
      "prediction_mode": "rawbad_feature_pc1_qrsprom_tree",
      "bucket": "original_test_good_medium_overlap",
      "n": 7492,
      "acc": 0.851174586225307,
      "macro_f1": 0.5728224769047868,
      "good_recall": 0.7787340366463076,
      "medium_recall": 0.9182519280205655,
      "bad_recall": 0.0,
      "good_precision": 0.9425403225806451,
      "medium_precision": 0.818702727481091,
      "bad_precision": 0.0,
      "good_f1": 0.8528428093645485,
      "medium_f1": 0.8656246213498122,
      "bad_f1": 0.0,
      "support_good": 3602,
      "support_medium": 3890,
      "support_bad": 0,
      "confusion_3x3": "[[2805, 791, 6], [171, 3572, 147], [0, 0, 0]]"
    },
    {
      "variant_id": "nl_n7188_gm_trim_bad_boundaryblocks_badoutlier_visqrsnarr_a364001dc6cf",
      "prediction_mode": "rawbad_feature_pc1_qrsprom_tree",
      "bucket": "original_all_bad_core_near_boundary",
      "n": 4084,
      "acc": 1.0,
      "macro_f1": 0.3333333333333333,
      "good_recall": 0.0,
      "medium_recall": 0.0,
      "bad_recall": 1.0,
      "good_precision": 0.0,
      "medium_precision": 0.0,
      "bad_precision": 1.0,
      "good_f1": 0.0,
      "medium_f1": 0.0,
      "bad_f1": 1.0,
      "support_good": 0,
      "support_medium": 0,
      "support_bad": 4084,
      "confusion_3x3": "[[0, 0, 0], [0, 0, 0], [0, 0, 4084]]"
    },
    {
      "variant_id": "nl_n7188_gm_trim_bad_boundaryblocks_badoutlier_visqrsnarr_a364001dc6cf",
      "prediction_mode": "rawbad_feature_pc1_qrsprom_tree",
      "bucket": "original_all_bad_outlier_stress",
      "n": 1201,
      "acc": 0.7169025811823481,
      "macro_f1": 0.27837051406401553,
      "good_recall": 0.0,
      "medium_recall": 0.0,
      "bad_recall": 0.7169025811823481,
      "good_precision": 0.0,
      "medium_precision": 0.0,
      "bad_precision": 1.0,
      "good_f1": 0.0,
      "medium_f1": 0.0,
      "bad_f1": 0.8351115421920465,
      "support_good": 0,
      "support_medium": 0,
      "support_bad": 1201,
      "confusion_3x3": "[[0, 0, 0], [0, 0, 0], [18, 322, 861]]"
    }
  ],
  "selection_note": "Original BUT is report-only; Clean/SemiClean/node diagnostic remains the selection source."
}