{
  "created_at": "2026-06-12T18:41:44",
  "variant_id": "nl_n7200_gm_trim_bad_geom_badstress_controlled_b008_g003__55b8bf9aeb37",
  "prediction_mode": "medium_guarded_pmed001",
  "metrics": [
    {
      "variant_id": "nl_n7200_gm_trim_bad_geom_badstress_controlled_b008_g003__55b8bf9aeb37",
      "prediction_mode": "medium_guarded_pmed001",
      "bucket": "original_all_10s+",
      "n": 32956,
      "acc": 0.796668284986042,
      "macro_f1": 0.8210086417107245,
      "good_recall": 0.7444111952121105,
      "medium_recall": 0.8240496800903274,
      "bad_recall": 0.9101229895931883,
      "good_precision": 0.881286468463462,
      "medium_precision": 0.6486926894304126,
      "bad_precision": 0.9507807867167425,
      "good_f1": 0.8070867394001081,
      "medium_f1": 0.7259314517800157,
      "bad_f1": 0.9300077339520495,
      "support_good": 17043,
      "support_medium": 10628,
      "support_bad": 5285,
      "confusion_3x3": "[[12687, 4322, 34], [1655, 8758, 215], [54, 421, 4810]]"
    },
    {
      "variant_id": "nl_n7200_gm_trim_bad_geom_badstress_controlled_b008_g003__55b8bf9aeb37",
      "prediction_mode": "medium_guarded_pmed001",
      "bucket": "original_test_all_10s+",
      "n": 8477,
      "acc": 0.705674177185325,
      "macro_f1": 0.49279591283075513,
      "good_recall": 0.6730769230769231,
      "medium_recall": 0.7966561229100768,
      "bad_recall": 0.014598540145985401,
      "good_precision": 0.764907898844833,
      "medium_precision": 0.696012633241216,
      "bad_precision": 0.028846153846153848,
      "good_f1": 0.7160602075113255,
      "medium_f1": 0.7429414243573536,
      "bad_f1": 0.01938610662358643,
      "support_good": 3640,
      "support_medium": 4426,
      "support_bad": 411,
      "confusion_3x3": "[[2450, 1180, 10], [708, 3526, 192], [45, 360, 6]]"
    },
    {
      "variant_id": "nl_n7200_gm_trim_bad_geom_badstress_controlled_b008_g003__55b8bf9aeb37",
      "prediction_mode": "medium_guarded_pmed001",
      "bucket": "original_test_good_medium_only",
      "n": 8066,
      "acc": 0.7408876766674932,
      "macro_f1": 0.4976765859737933,
      "good_recall": 0.6730769230769231,
      "medium_recall": 0.7966561229100768,
      "bad_recall": 0.0,
      "good_precision": 0.7758074730842305,
      "medium_precision": 0.7492562685932852,
      "bad_precision": 0.0,
      "good_f1": 0.7208002353633421,
      "medium_f1": 0.7722295225580377,
      "bad_f1": 0.0,
      "support_good": 3640,
      "support_medium": 4426,
      "support_bad": 0,
      "confusion_3x3": "[[2450, 1180, 10], [708, 3526, 192], [0, 0, 0]]"
    },
    {
      "variant_id": "nl_n7200_gm_trim_bad_geom_badstress_controlled_b008_g003__55b8bf9aeb37",
      "prediction_mode": "medium_guarded_pmed001",
      "bucket": "original_test_bad_core_near_boundary",
      "n": 119,
      "acc": 0.0,
      "macro_f1": 0.0,
      "good_recall": 0.0,
      "medium_recall": 0.0,
      "bad_recall": 0.0,
      "good_precision": 0.0,
      "medium_precision": 0.0,
      "bad_precision": 0.0,
      "good_f1": 0.0,
      "medium_f1": 0.0,
      "bad_f1": 0.0,
      "support_good": 0,
      "support_medium": 0,
      "support_bad": 119,
      "confusion_3x3": "[[0, 0, 0], [0, 0, 0], [0, 119, 0]]"
    },
    {
      "variant_id": "nl_n7200_gm_trim_bad_geom_badstress_controlled_b008_g003__55b8bf9aeb37",
      "prediction_mode": "medium_guarded_pmed001",
      "bucket": "original_test_bad_outlier_stress",
      "n": 292,
      "acc": 0.02054794520547945,
      "macro_f1": 0.013422818791946308,
      "good_recall": 0.0,
      "medium_recall": 0.0,
      "bad_recall": 0.02054794520547945,
      "good_precision": 0.0,
      "medium_precision": 0.0,
      "bad_precision": 1.0,
      "good_f1": 0.0,
      "medium_f1": 0.0,
      "bad_f1": 0.040268456375838924,
      "support_good": 0,
      "support_medium": 0,
      "support_bad": 292,
      "confusion_3x3": "[[0, 0, 0], [0, 0, 0], [45, 241, 6]]"
    },
    {
      "variant_id": "nl_n7200_gm_trim_bad_geom_badstress_controlled_b008_g003__55b8bf9aeb37",
      "prediction_mode": "medium_guarded_pmed001",
      "bucket": "original_test_drop_bad_outlier_reference",
      "n": 8185,
      "acc": 0.7301160659743433,
      "macro_f1": 0.4943654011222671,
      "good_recall": 0.6730769230769231,
      "medium_recall": 0.7966561229100768,
      "bad_recall": 0.0,
      "good_precision": 0.7758074730842305,
      "medium_precision": 0.7307772020725388,
      "bad_precision": 0.0,
      "good_f1": 0.7208002353633421,
      "medium_f1": 0.7622959680034591,
      "bad_f1": 0.0,
      "support_good": 3640,
      "support_medium": 4426,
      "support_bad": 119,
      "confusion_3x3": "[[2450, 1180, 10], [708, 3526, 192], [0, 119, 0]]"
    },
    {
      "variant_id": "nl_n7200_gm_trim_bad_geom_badstress_controlled_b008_g003__55b8bf9aeb37",
      "prediction_mode": "medium_guarded_pmed001",
      "bucket": "original_test_good_medium_overlap",
      "n": 7492,
      "acc": 0.7242391884676989,
      "macro_f1": 0.4886284832391176,
      "good_recall": 0.6696279844530816,
      "medium_recall": 0.7748071979434448,
      "bad_recall": 0.0,
      "good_precision": 0.7790697674418605,
      "medium_precision": 0.7186456843109204,
      "bad_precision": 0.0,
      "good_f1": 0.7202149895491191,
      "medium_f1": 0.7456704601682336,
      "bad_f1": 0.0,
      "support_good": 3602,
      "support_medium": 3890,
      "support_bad": 0,
      "confusion_3x3": "[[2412, 1180, 10], [684, 3014, 192], [0, 0, 0]]"
    },
    {
      "variant_id": "nl_n7200_gm_trim_bad_geom_badstress_controlled_b008_g003__55b8bf9aeb37",
      "prediction_mode": "medium_guarded_pmed001",
      "bucket": "original_all_bad_core_near_boundary",
      "n": 4084,
      "acc": 0.970617042115573,
      "macro_f1": 0.32836315440689195,
      "good_recall": 0.0,
      "medium_recall": 0.0,
      "bad_recall": 0.970617042115573,
      "good_precision": 0.0,
      "medium_precision": 0.0,
      "bad_precision": 1.0,
      "good_f1": 0.0,
      "medium_f1": 0.0,
      "bad_f1": 0.9850894632206759,
      "support_good": 0,
      "support_medium": 0,
      "support_bad": 4084,
      "confusion_3x3": "[[0, 0, 0], [0, 0, 0], [1, 119, 3964]]"
    },
    {
      "variant_id": "nl_n7200_gm_trim_bad_geom_badstress_controlled_b008_g003__55b8bf9aeb37",
      "prediction_mode": "medium_guarded_pmed001",
      "bucket": "original_all_bad_outlier_stress",
      "n": 1201,
      "acc": 0.704412989175687,
      "macro_f1": 0.27552515876893013,
      "good_recall": 0.0,
      "medium_recall": 0.0,
      "bad_recall": 0.704412989175687,
      "good_precision": 0.0,
      "medium_precision": 0.0,
      "bad_precision": 1.0,
      "good_f1": 0.0,
      "medium_f1": 0.0,
      "bad_f1": 0.8265754763067904,
      "support_good": 0,
      "support_medium": 0,
      "support_bad": 1201,
      "confusion_3x3": "[[0, 0, 0], [0, 0, 0], [53, 302, 846]]"
    }
  ],
  "selection_note": "Original BUT is report-only; Clean/SemiClean/node diagnostic remains the selection source."
}