{
  "created_at": "2026-06-12T05:30:24",
  "variant_id": "nl_n7155_gm_trim_bad_boundaryblocks_breakthrough_softbala_5c50f0ee6d7a",
  "prediction_mode": "medium_guarded_pmed001",
  "metrics": [
    {
      "variant_id": "nl_n7155_gm_trim_bad_boundaryblocks_breakthrough_softbala_5c50f0ee6d7a",
      "prediction_mode": "medium_guarded_pmed001",
      "bucket": "original_all_10s+",
      "n": 32956,
      "acc": 0.8350224541813327,
      "macro_f1": 0.8572983946711803,
      "good_recall": 0.7753916563985214,
      "medium_recall": 0.8939593526533685,
      "bad_recall": 0.9087984862819299,
      "good_precision": 0.9210984874886736,
      "medium_precision": 0.6881790525858322,
      "bad_precision": 1.0,
      "good_f1": 0.8419878942338325,
      "medium_f1": 0.7776868298272899,
      "bad_f1": 0.9522204599524187,
      "support_good": 17043,
      "support_medium": 10628,
      "support_bad": 5285,
      "confusion_3x3": "[[13215, 3828, 0], [1127, 9501, 0], [5, 477, 4803]]"
    },
    {
      "variant_id": "nl_n7155_gm_trim_bad_boundaryblocks_breakthrough_softbala_5c50f0ee6d7a",
      "prediction_mode": "medium_guarded_pmed001",
      "bucket": "original_test_all_10s+",
      "n": 8477,
      "acc": 0.7818803822106878,
      "macro_f1": 0.531729263124741,
      "good_recall": 0.7013736263736263,
      "medium_recall": 0.92069588793493,
      "bad_recall": 0.0,
      "good_precision": 0.8779229711141678,
      "medium_precision": 0.7317292152989765,
      "bad_precision": 0.0,
      "good_f1": 0.7797800855222969,
      "medium_f1": 0.815407703851926,
      "bad_f1": 0.0,
      "support_good": 3640,
      "support_medium": 4426,
      "support_bad": 411,
      "confusion_3x3": "[[2553, 1087, 0], [351, 4075, 0], [4, 407, 0]]"
    },
    {
      "variant_id": "nl_n7155_gm_trim_bad_boundaryblocks_breakthrough_softbala_5c50f0ee6d7a",
      "prediction_mode": "medium_guarded_pmed001",
      "bucket": "original_test_good_medium_only",
      "n": 8066,
      "acc": 0.8217208033721796,
      "macro_f1": 0.5434258610413248,
      "good_recall": 0.7013736263736263,
      "medium_recall": 0.92069588793493,
      "bad_recall": 0.0,
      "good_precision": 0.8791322314049587,
      "medium_precision": 0.789422704378148,
      "bad_precision": 0.0,
      "good_f1": 0.7802567237163814,
      "medium_f1": 0.8500208594075929,
      "bad_f1": 0.0,
      "support_good": 3640,
      "support_medium": 4426,
      "support_bad": 0,
      "confusion_3x3": "[[2553, 1087, 0], [351, 4075, 0], [0, 0, 0]]"
    },
    {
      "variant_id": "nl_n7155_gm_trim_bad_boundaryblocks_breakthrough_softbala_5c50f0ee6d7a",
      "prediction_mode": "medium_guarded_pmed001",
      "bucket": "original_test_bad_core_near_boundary",
      "n": 119,
      "acc": 0.0,
      "macro_f1": 0.0,
      "good_recall": 0.0,
      "medium_recall": 0.0,
      "bad_recall": 0.0,
      "good_precision": 0.0,
      "medium_precision": 0.0,
      "bad_precision": 0.0,
      "good_f1": 0.0,
      "medium_f1": 0.0,
      "bad_f1": 0.0,
      "support_good": 0,
      "support_medium": 0,
      "support_bad": 119,
      "confusion_3x3": "[[0, 0, 0], [0, 0, 0], [0, 119, 0]]"
    },
    {
      "variant_id": "nl_n7155_gm_trim_bad_boundaryblocks_breakthrough_softbala_5c50f0ee6d7a",
      "prediction_mode": "medium_guarded_pmed001",
      "bucket": "original_test_bad_outlier_stress",
      "n": 292,
      "acc": 0.0,
      "macro_f1": 0.0,
      "good_recall": 0.0,
      "medium_recall": 0.0,
      "bad_recall": 0.0,
      "good_precision": 0.0,
      "medium_precision": 0.0,
      "bad_precision": 0.0,
      "good_f1": 0.0,
      "medium_f1": 0.0,
      "bad_f1": 0.0,
      "support_good": 0,
      "support_medium": 0,
      "support_bad": 292,
      "confusion_3x3": "[[0, 0, 0], [0, 0, 0], [4, 288, 0]]"
    },
    {
      "variant_id": "nl_n7155_gm_trim_bad_boundaryblocks_breakthrough_softbala_5c50f0ee6d7a",
      "prediction_mode": "medium_guarded_pmed001",
      "bucket": "original_test_drop_bad_outlier_reference",
      "n": 8185,
      "acc": 0.8097739767868052,
      "macro_f1": 0.5399523373893381,
      "good_recall": 0.7013736263736263,
      "medium_recall": 0.92069588793493,
      "bad_recall": 0.0,
      "good_precision": 0.8791322314049587,
      "medium_precision": 0.7716341601969324,
      "bad_precision": 0.0,
      "good_f1": 0.7802567237163814,
      "medium_f1": 0.8396002884516328,
      "bad_f1": 0.0,
      "support_good": 3640,
      "support_medium": 4426,
      "support_bad": 119,
      "confusion_3x3": "[[2553, 1087, 0], [351, 4075, 0], [0, 119, 0]]"
    },
    {
      "variant_id": "nl_n7155_gm_trim_bad_boundaryblocks_breakthrough_softbala_5c50f0ee6d7a",
      "prediction_mode": "medium_guarded_pmed001",
      "bucket": "original_test_good_medium_overlap",
      "n": 7492,
      "acc": 0.8080619327282434,
      "macro_f1": 0.5362720290587163,
      "good_recall": 0.6982232093281511,
      "medium_recall": 0.9097686375321337,
      "bad_recall": 0.0,
      "good_precision": 0.8775296580600139,
      "medium_precision": 0.7650237786424556,
      "bad_precision": 0.0,
      "good_f1": 0.7776747062461348,
      "medium_f1": 0.8311413809300141,
      "bad_f1": 0.0,
      "support_good": 3602,
      "support_medium": 3890,
      "support_bad": 0,
      "confusion_3x3": "[[2515, 1087, 0], [351, 3539, 0], [0, 0, 0]]"
    },
    {
      "variant_id": "nl_n7155_gm_trim_bad_boundaryblocks_breakthrough_softbala_5c50f0ee6d7a",
      "prediction_mode": "medium_guarded_pmed001",
      "bucket": "original_all_bad_core_near_boundary",
      "n": 4084,
      "acc": 0.970617042115573,
      "macro_f1": 0.32836315440689195,
      "good_recall": 0.0,
      "medium_recall": 0.0,
      "bad_recall": 0.970617042115573,
      "good_precision": 0.0,
      "medium_precision": 0.0,
      "bad_precision": 1.0,
      "good_f1": 0.0,
      "medium_f1": 0.0,
      "bad_f1": 0.9850894632206759,
      "support_good": 0,
      "support_medium": 0,
      "support_bad": 4084,
      "confusion_3x3": "[[0, 0, 0], [0, 0, 0], [0, 120, 3964]]"
    },
    {
      "variant_id": "nl_n7155_gm_trim_bad_boundaryblocks_breakthrough_softbala_5c50f0ee6d7a",
      "prediction_mode": "medium_guarded_pmed001",
      "bucket": "original_all_bad_outlier_stress",
      "n": 1201,
      "acc": 0.6985845129059117,
      "macro_f1": 0.2741830065359477,
      "good_recall": 0.0,
      "medium_recall": 0.0,
      "bad_recall": 0.6985845129059117,
      "good_precision": 0.0,
      "medium_precision": 0.0,
      "bad_precision": 1.0,
      "good_f1": 0.0,
      "medium_f1": 0.0,
      "bad_f1": 0.8225490196078431,
      "support_good": 0,
      "support_medium": 0,
      "support_bad": 1201,
      "confusion_3x3": "[[0, 0, 0], [0, 0, 0], [5, 357, 839]]"
    }
  ],
  "selection_note": "Original BUT is report-only; Clean/SemiClean/node diagnostic remains the selection source."
}