{
  "created_at": "2026-06-13T05:43:02",
  "variant_id": "nl_n7182_gm_trim_bad_boundaryblocks_badattackwide_outlier_b9dea2cfac81",
  "prediction_mode": "simple_pc1_gm_gate_t254",
  "metrics": [
    {
      "variant_id": "nl_n7182_gm_trim_bad_boundaryblocks_badattackwide_outlier_b9dea2cfac81",
      "prediction_mode": "simple_pc1_gm_gate_t254",
      "bucket": "original_all_10s+",
      "n": 32956,
      "acc": 0.8145405995873286,
      "macro_f1": 0.8275929811568913,
      "good_recall": 0.7705802968960864,
      "medium_recall": 0.8343996989085435,
      "bad_recall": 0.9163670766319773,
      "good_precision": 0.9064117606460074,
      "medium_precision": 0.6838898742962906,
      "bad_precision": 0.8805454545454545,
      "good_f1": 0.8329950526449321,
      "medium_f1": 0.7516846789574062,
      "bad_f1": 0.8980992118683356,
      "support_good": 17043,
      "support_medium": 10628,
      "support_bad": 5285,
      "confusion_3x3": "[[13133, 3839, 71], [1174, 8868, 586], [182, 260, 4843]]"
    },
    {
      "variant_id": "nl_n7182_gm_trim_bad_boundaryblocks_badattackwide_outlier_b9dea2cfac81",
      "prediction_mode": "simple_pc1_gm_gate_t254",
      "bucket": "original_test_all_10s+",
      "n": 8477,
      "acc": 0.7559278046478707,
      "macro_f1": 0.5617922453419241,
      "good_recall": 0.914010989010989,
      "medium_recall": 0.6859466787166743,
      "bad_recall": 0.10948905109489052,
      "good_precision": 0.7648275862068965,
      "medium_precision": 0.8629903354178511,
      "bad_precision": 0.07389162561576355,
      "good_f1": 0.83279098873592,
      "medium_f1": 0.7643504531722054,
      "bad_f1": 0.08823529411764706,
      "support_good": 3640,
      "support_medium": 4426,
      "support_bad": 411,
      "confusion_3x3": "[[3327, 295, 18], [844, 3036, 546], [179, 187, 45]]"
    },
    {
      "variant_id": "nl_n7182_gm_trim_bad_boundaryblocks_badattackwide_outlier_b9dea2cfac81",
      "prediction_mode": "simple_pc1_gm_gate_t254",
      "bucket": "original_test_good_medium_only",
      "n": 8066,
      "acc": 0.788866848499876,
      "macro_f1": 0.5448841356088777,
      "good_recall": 0.914010989010989,
      "medium_recall": 0.6859466787166743,
      "bad_recall": 0.0,
      "good_precision": 0.7976504435387197,
      "medium_precision": 0.9114380066046233,
      "bad_precision": 0.0,
      "good_f1": 0.8518755601075406,
      "medium_f1": 0.7827768467190924,
      "bad_f1": 0.0,
      "support_good": 3640,
      "support_medium": 4426,
      "support_bad": 0,
      "confusion_3x3": "[[3327, 295, 18], [844, 3036, 546], [0, 0, 0]]"
    },
    {
      "variant_id": "nl_n7182_gm_trim_bad_boundaryblocks_badattackwide_outlier_b9dea2cfac81",
      "prediction_mode": "simple_pc1_gm_gate_t254",
      "bucket": "original_test_bad_core_near_boundary",
      "n": 119,
      "acc": 0.0,
      "macro_f1": 0.0,
      "good_recall": 0.0,
      "medium_recall": 0.0,
      "bad_recall": 0.0,
      "good_precision": 0.0,
      "medium_precision": 0.0,
      "bad_precision": 0.0,
      "good_f1": 0.0,
      "medium_f1": 0.0,
      "bad_f1": 0.0,
      "support_good": 0,
      "support_medium": 0,
      "support_bad": 119,
      "confusion_3x3": "[[0, 0, 0], [0, 0, 0], [0, 119, 0]]"
    },
    {
      "variant_id": "nl_n7182_gm_trim_bad_boundaryblocks_badattackwide_outlier_b9dea2cfac81",
      "prediction_mode": "simple_pc1_gm_gate_t254",
      "bucket": "original_test_bad_outlier_stress",
      "n": 292,
      "acc": 0.1541095890410959,
      "macro_f1": 0.08902077151335312,
      "good_recall": 0.0,
      "medium_recall": 0.0,
      "bad_recall": 0.1541095890410959,
      "good_precision": 0.0,
      "medium_precision": 0.0,
      "bad_precision": 1.0,
      "good_f1": 0.0,
      "medium_f1": 0.0,
      "bad_f1": 0.26706231454005935,
      "support_good": 0,
      "support_medium": 0,
      "support_bad": 292,
      "confusion_3x3": "[[0, 0, 0], [0, 0, 0], [179, 68, 45]]"
    },
    {
      "variant_id": "nl_n7182_gm_trim_bad_boundaryblocks_badattackwide_outlier_b9dea2cfac81",
      "prediction_mode": "simple_pc1_gm_gate_t254",
      "bucket": "original_test_drop_bad_outlier_reference",
      "n": 8185,
      "acc": 0.7773976786805131,
      "macro_f1": 0.5409417602593106,
      "good_recall": 0.914010989010989,
      "medium_recall": 0.6859466787166743,
      "bad_recall": 0.0,
      "good_precision": 0.7976504435387197,
      "medium_precision": 0.88,
      "bad_precision": 0.0,
      "good_f1": 0.8518755601075406,
      "medium_f1": 0.770949720670391,
      "bad_f1": 0.0,
      "support_good": 3640,
      "support_medium": 4426,
      "support_bad": 119,
      "confusion_3x3": "[[3327, 295, 18], [844, 3036, 546], [0, 119, 0]]"
    },
    {
      "variant_id": "nl_n7182_gm_trim_bad_boundaryblocks_badattackwide_outlier_b9dea2cfac81",
      "prediction_mode": "simple_pc1_gm_gate_t254",
      "bucket": "original_test_good_medium_overlap",
      "n": 7492,
      "acc": 0.7726908702616124,
      "macro_f1": 0.5327877747957822,
      "good_recall": 0.9131038312048861,
      "medium_recall": 0.6426735218508998,
      "bad_recall": 0.0,
      "good_precision": 0.7957899830631503,
      "medium_precision": 0.8944543828264758,
      "bad_precision": 0.0,
      "good_f1": 0.8504201680672269,
      "medium_f1": 0.7479431563201197,
      "bad_f1": 0.0,
      "support_good": 3602,
      "support_medium": 3890,
      "support_bad": 0,
      "confusion_3x3": "[[3289, 295, 18], [844, 2500, 546], [0, 0, 0]]"
    },
    {
      "variant_id": "nl_n7182_gm_trim_bad_boundaryblocks_badattackwide_outlier_b9dea2cfac81",
      "prediction_mode": "simple_pc1_gm_gate_t254",
      "bucket": "original_all_bad_core_near_boundary",
      "n": 4084,
      "acc": 0.9698824681684622,
      "macro_f1": 0.328237000207168,
      "good_recall": 0.0,
      "medium_recall": 0.0,
      "bad_recall": 0.9698824681684622,
      "good_precision": 0.0,
      "medium_precision": 0.0,
      "bad_precision": 1.0,
      "good_f1": 0.0,
      "medium_f1": 0.0,
      "bad_f1": 0.9847110006215041,
      "support_good": 0,
      "support_medium": 0,
      "support_bad": 4084,
      "confusion_3x3": "[[0, 0, 0], [0, 0, 0], [0, 123, 3961]]"
    },
    {
      "variant_id": "nl_n7182_gm_trim_bad_boundaryblocks_badattackwide_outlier_b9dea2cfac81",
      "prediction_mode": "simple_pc1_gm_gate_t254",
      "bucket": "original_all_bad_outlier_stress",
      "n": 1201,
      "acc": 0.7343880099916736,
      "macro_f1": 0.28228516562650025,
      "good_recall": 0.0,
      "medium_recall": 0.0,
      "bad_recall": 0.7343880099916736,
      "good_precision": 0.0,
      "medium_precision": 0.0,
      "bad_precision": 1.0,
      "good_f1": 0.0,
      "medium_f1": 0.0,
      "bad_f1": 0.8468554968795007,
      "support_good": 0,
      "support_medium": 0,
      "support_bad": 1201,
      "confusion_3x3": "[[0, 0, 0], [0, 0, 0], [182, 137, 882]]"
    }
  ],
  "selection_note": "Original BUT is report-only; Clean/SemiClean/node diagnostic remains the selection source."
}