{
  "created_at": "2026-06-13T04:38:34",
  "variant_id": "nl_n7180_gm_trim_bad_boundaryblocks_origbridge_badstressp_f9488c4af248",
  "prediction_mode": "simple_pc1_gm_gate_t226",
  "metrics": [
    {
      "variant_id": "nl_n7180_gm_trim_bad_boundaryblocks_origbridge_badstressp_f9488c4af248",
      "prediction_mode": "simple_pc1_gm_gate_t226",
      "bucket": "original_all_10s+",
      "n": 32956,
      "acc": 0.8319577618643039,
      "macro_f1": 0.8531320340789161,
      "good_recall": 0.8153494103150853,
      "medium_recall": 0.819909672563041,
      "bad_recall": 0.9097445600756859,
      "good_precision": 0.8660102206157297,
      "medium_precision": 0.720046273343249,
      "bad_precision": 1.0,
      "good_f1": 0.8399165885943969,
      "medium_f1": 0.7667399912010558,
      "bad_f1": 0.9527395224412959,
      "support_good": 17043,
      "support_medium": 10628,
      "support_bad": 5285,
      "confusion_3x3": "[[13896, 3147, 0], [1914, 8714, 0], [236, 241, 4808]]"
    },
    {
      "variant_id": "nl_n7180_gm_trim_bad_boundaryblocks_origbridge_badstressp_f9488c4af248",
      "prediction_mode": "simple_pc1_gm_gate_t226",
      "bucket": "original_test_all_10s+",
      "n": 8477,
      "acc": 0.7509732216586057,
      "macro_f1": 0.5205182672432976,
      "good_recall": 0.9321428571428572,
      "medium_recall": 0.6705829191143244,
      "bad_recall": 0.012165450121654502,
      "good_precision": 0.6673878835562549,
      "medium_precision": 0.8760330578512396,
      "bad_precision": 1.0,
      "good_f1": 0.7778541953232462,
      "medium_f1": 0.7596621448681853,
      "bad_f1": 0.02403846153846154,
      "support_good": 3640,
      "support_medium": 4426,
      "support_bad": 411,
      "confusion_3x3": "[[3393, 247, 0], [1458, 2968, 0], [233, 173, 5]]"
    },
    {
      "variant_id": "nl_n7180_gm_trim_bad_boundaryblocks_origbridge_badstressp_f9488c4af248",
      "prediction_mode": "simple_pc1_gm_gate_t226",
      "bucket": "original_test_good_medium_only",
      "n": 8066,
      "acc": 0.7886188941234813,
      "macro_f1": 0.5253536064547905,
      "good_recall": 0.9321428571428572,
      "medium_recall": 0.6705829191143244,
      "bad_recall": 0.0,
      "good_precision": 0.699443413729128,
      "medium_precision": 0.9231726283048212,
      "bad_precision": 0.0,
      "good_f1": 0.79919915204334,
      "medium_f1": 0.7768616673210312,
      "bad_f1": 0.0,
      "support_good": 3640,
      "support_medium": 4426,
      "support_bad": 0,
      "confusion_3x3": "[[3393, 247, 0], [1458, 2968, 0], [0, 0, 0]]"
    },
    {
      "variant_id": "nl_n7180_gm_trim_bad_boundaryblocks_origbridge_badstressp_f9488c4af248",
      "prediction_mode": "simple_pc1_gm_gate_t226",
      "bucket": "original_test_bad_core_near_boundary",
      "n": 119,
      "acc": 0.04201680672268908,
      "macro_f1": 0.026881720430107527,
      "good_recall": 0.0,
      "medium_recall": 0.0,
      "bad_recall": 0.04201680672268908,
      "good_precision": 0.0,
      "medium_precision": 0.0,
      "bad_precision": 1.0,
      "good_f1": 0.0,
      "medium_f1": 0.0,
      "bad_f1": 0.08064516129032258,
      "support_good": 0,
      "support_medium": 0,
      "support_bad": 119,
      "confusion_3x3": "[[0, 0, 0], [0, 0, 0], [0, 114, 5]]"
    },
    {
      "variant_id": "nl_n7180_gm_trim_bad_boundaryblocks_origbridge_badstressp_f9488c4af248",
      "prediction_mode": "simple_pc1_gm_gate_t226",
      "bucket": "original_test_bad_outlier_stress",
      "n": 292,
      "acc": 0.0,
      "macro_f1": 0.0,
      "good_recall": 0.0,
      "medium_recall": 0.0,
      "bad_recall": 0.0,
      "good_precision": 0.0,
      "medium_precision": 0.0,
      "bad_precision": 0.0,
      "good_f1": 0.0,
      "medium_f1": 0.0,
      "bad_f1": 0.0,
      "support_good": 0,
      "support_medium": 0,
      "support_bad": 292,
      "confusion_3x3": "[[0, 0, 0], [0, 0, 0], [233, 59, 0]]"
    },
    {
      "variant_id": "nl_n7180_gm_trim_bad_boundaryblocks_origbridge_badstressp_f9488c4af248",
      "prediction_mode": "simple_pc1_gm_gate_t226",
      "bucket": "original_test_drop_bad_outlier_reference",
      "n": 8185,
      "acc": 0.7777642028100183,
      "macro_f1": 0.548428654627232,
      "good_recall": 0.9321428571428572,
      "medium_recall": 0.6705829191143244,
      "bad_recall": 0.04201680672268908,
      "good_precision": 0.699443413729128,
      "medium_precision": 0.8915590267347552,
      "bad_precision": 1.0,
      "good_f1": 0.79919915204334,
      "medium_f1": 0.7654416505480335,
      "bad_f1": 0.08064516129032258,
      "support_good": 3640,
      "support_medium": 4426,
      "support_bad": 119,
      "confusion_3x3": "[[3393, 247, 0], [1458, 2968, 0], [0, 114, 5]]"
    },
    {
      "variant_id": "nl_n7180_gm_trim_bad_boundaryblocks_origbridge_badstressp_f9488c4af248",
      "prediction_mode": "simple_pc1_gm_gate_t226",
      "bucket": "original_test_good_medium_overlap",
      "n": 7492,
      "acc": 0.7724239188467699,
      "macro_f1": 0.512611059206924,
      "good_recall": 0.9314269850083287,
      "medium_recall": 0.6251928020565553,
      "bad_recall": 0.0,
      "good_precision": 0.6970704342405983,
      "medium_precision": 0.9078014184397163,
      "bad_precision": 0.0,
      "good_f1": 0.7973856209150327,
      "medium_f1": 0.740447556705739,
      "bad_f1": 0.0,
      "support_good": 3602,
      "support_medium": 3890,
      "support_bad": 0,
      "confusion_3x3": "[[3355, 247, 0], [1458, 2432, 0], [0, 0, 0]]"
    },
    {
      "variant_id": "nl_n7180_gm_trim_bad_boundaryblocks_origbridge_badstressp_f9488c4af248",
      "prediction_mode": "simple_pc1_gm_gate_t226",
      "bucket": "original_all_bad_core_near_boundary",
      "n": 4084,
      "acc": 0.9718413320274241,
      "macro_f1": 0.3285732025332174,
      "good_recall": 0.0,
      "medium_recall": 0.0,
      "bad_recall": 0.9718413320274241,
      "good_precision": 0.0,
      "medium_precision": 0.0,
      "bad_precision": 1.0,
      "good_f1": 0.0,
      "medium_f1": 0.0,
      "bad_f1": 0.9857196075996523,
      "support_good": 0,
      "support_medium": 0,
      "support_bad": 4084,
      "confusion_3x3": "[[0, 0, 0], [0, 0, 0], [0, 115, 3969]]"
    },
    {
      "variant_id": "nl_n7180_gm_trim_bad_boundaryblocks_origbridge_badstressp_f9488c4af248",
      "prediction_mode": "simple_pc1_gm_gate_t226",
      "bucket": "original_all_bad_outlier_stress",
      "n": 1201,
      "acc": 0.6985845129059117,
      "macro_f1": 0.2741830065359477,
      "good_recall": 0.0,
      "medium_recall": 0.0,
      "bad_recall": 0.6985845129059117,
      "good_precision": 0.0,
      "medium_precision": 0.0,
      "bad_precision": 1.0,
      "good_f1": 0.0,
      "medium_f1": 0.0,
      "bad_f1": 0.8225490196078431,
      "support_good": 0,
      "support_medium": 0,
      "support_bad": 1201,
      "confusion_3x3": "[[0, 0, 0], [0, 0, 0], [236, 126, 839]]"
    }
  ],
  "selection_note": "Original BUT is report-only; Clean/SemiClean/node diagnostic remains the selection source."
}