{
  "base_variant": "nl_n7183_gm_trim_bad_boundaryblocks_badattackwide_dual_n7_4868958ba680",
  "base_mode": "simple_pc1_gm_gate_t254",
  "core_variant": "nl_n7183_gm_trim_bad_boundaryblocks_badattackwide_dual_n7_4868958ba680",
  "outlier_variant": "nl_n7183_gm_trim_bad_boundaryblocks_badattackwide_dual_n7_4868958ba680",
  "dual_variant": "nl_n7183_gm_trim_bad_boundaryblocks_badattackwide_dual_n7_4868958ba680",
  "best": {
    "base_mode": "simple_pc1_gm_gate_t254",
    "score_col": "score_dual",
    "score_threshold": 0.01,
    "gate": "pc3__le",
    "gate_threshold": 2.1506591515994145,
    "changed_to_bad": 242,
    "test_all_n": 8477,
    "test_all_acc": 0.7686681609059809,
    "test_all_macro_f1": 0.628147166465214,
    "test_all_good_recall": 0.9123626373626373,
    "test_all_medium_recall": 0.6852688657930411,
    "test_all_bad_recall": 0.39416058394160586,
    "test_all_good_precision": 0.770891364902507,
    "test_all_medium_precision": 0.8938992042440318,
    "test_all_bad_precision": 0.20876288659793815,
    "test_all_good_f1": 0.8356819325616507,
    "test_all_medium_f1": 0.7758025322931321,
    "test_all_bad_f1": 0.2729570345408593,
    "test_all_support_good": 3640,
    "test_all_support_medium": 4426,
    "test_all_support_bad": 411,
    "gm_only_n": 8066,
    "gm_only_acc": 0.7877510538060997,
    "gm_only_macro_f1": 0.5459217089022117,
    "gm_only_good_recall": 0.9123626373626373,
    "gm_only_medium_recall": 0.6852688657930411,
    "gm_only_bad_recall": 0.0,
    "gm_only_good_precision": 0.8047007511509571,
    "gm_only_medium_precision": 0.9121804511278195,
    "gm_only_bad_precision": 0.0,
    "gm_only_good_f1": 0.8551564310544612,
    "gm_only_medium_f1": 0.782608695652174,
    "gm_only_bad_f1": 0.0,
    "gm_only_support_good": 3640,
    "gm_only_support_medium": 4426,
    "gm_only_support_bad": 0,
    "bad_core_n": 119,
    "bad_core_acc": 1.0,
    "bad_core_macro_f1": 0.3333333333333333,
    "bad_core_good_recall": 0.0,
    "bad_core_medium_recall": 0.0,
    "bad_core_bad_recall": 1.0,
    "bad_core_good_precision": 0.0,
    "bad_core_medium_precision": 0.0,
    "bad_core_bad_precision": 1.0,
    "bad_core_good_f1": 0.0,
    "bad_core_medium_f1": 0.0,
    "bad_core_bad_f1": 1.0,
    "bad_core_support_good": 0,
    "bad_core_support_medium": 0,
    "bad_core_support_bad": 119,
    "bad_outlier_n": 292,
    "bad_outlier_acc": 0.14726027397260275,
    "bad_outlier_macro_f1": 0.08557213930348258,
    "bad_outlier_good_recall": 0.0,
    "bad_outlier_medium_recall": 0.0,
    "bad_outlier_bad_recall": 0.14726027397260275,
    "bad_outlier_good_precision": 0.0,
    "bad_outlier_medium_precision": 0.0,
    "bad_outlier_bad_precision": 1.0,
    "bad_outlier_good_f1": 0.0,
    "bad_outlier_medium_f1": 0.0,
    "bad_outlier_bad_f1": 0.25671641791044775,
    "bad_outlier_support_good": 0,
    "bad_outlier_support_medium": 0,
    "bad_outlier_support_bad": 292,
    "drop_bad_outlier_n": 8185,
    "drop_bad_outlier_acc": 0.7908368967623702,
    "drop_bad_outlier_macro_f1": 0.6390359499037767,
    "drop_bad_outlier_good_recall": 0.9123626373626373,
    "drop_bad_outlier_medium_recall": 0.6852688657930411,
    "drop_bad_outlier_bad_recall": 1.0,
    "drop_bad_outlier_good_precision": 0.8047007511509571,
    "drop_bad_outlier_medium_precision": 0.9121804511278195,
    "drop_bad_outlier_bad_precision": 0.16234652114597545,
    "drop_bad_outlier_good_f1": 0.8551564310544612,
    "drop_bad_outlier_medium_f1": 0.782608695652174,
    "drop_bad_outlier_bad_f1": 0.2793427230046948,
    "drop_bad_outlier_support_good": 3640,
    "drop_bad_outlier_support_medium": 4426,
    "drop_bad_outlier_support_bad": 119,
    "gm_false_bad_rate": 0.07612199355318622,
    "bad_caught_rate": 0.39416058394160586,
    "balanced_score": 1.0787134063814334
  }
}