{
  "base_variant": "nl_n7183_gm_trim_bad_boundaryblocks_badattackwide_dual_n7_4868958ba680",
  "base_mode": "simple_pc1_gm_gate_t254",
  "core_variant": "nl_n7182_gm_trim_bad_boundaryblocks_badattackwide_core122_9c92624a97fe",
  "outlier_variant": "nl_n7182_gm_trim_bad_boundaryblocks_badattackwide_outlier_b9dea2cfac81",
  "dual_variant": "nl_n7182_gm_trim_bad_boundaryblocks_badattackwide_dual_n7_5b567b543eaf",
  "best": {
    "base_mode": "simple_pc1_gm_gate_t254",
    "score_col": "score_all_max",
    "score_threshold": 0.01,
    "gate": "pc3__le",
    "gate_threshold": 2.1506591515994145,
    "changed_to_bad": 783,
    "test_all_n": 8477,
    "test_all_acc": 0.7517989854901498,
    "test_all_macro_f1": 0.6257532708850736,
    "test_all_good_recall": 0.8854395604395604,
    "test_all_medium_recall": 0.6606416629010393,
    "test_all_bad_recall": 0.5498783454987834,
    "test_all_good_precision": 0.8251408090117768,
    "test_all_medium_precision": 0.8985863552550707,
    "test_all_bad_precision": 0.1716021260440395,
    "test_all_good_f1": 0.8542274052478134,
    "test_all_medium_f1": 0.7614583333333333,
    "test_all_bad_f1": 0.26157407407407407,
    "test_all_support_good": 3640,
    "test_all_support_medium": 4426,
    "test_all_support_bad": 411,
    "gm_only_n": 8066,
    "gm_only_acc": 0.7620877758492437,
    "gm_only_macro_f1": 0.5454463009540437,
    "gm_only_good_recall": 0.8854395604395604,
    "gm_only_medium_recall": 0.6606416629010393,
    "gm_only_bad_recall": 0.0,
    "gm_only_good_precision": 0.8560424966799469,
    "gm_only_medium_precision": 0.9109034267912772,
    "gm_only_bad_precision": 0.0,
    "gm_only_good_f1": 0.8704929101958137,
    "gm_only_medium_f1": 0.7658459926663175,
    "gm_only_bad_f1": 0.0,
    "gm_only_support_good": 3640,
    "gm_only_support_medium": 4426,
    "gm_only_support_bad": 0,
    "bad_core_n": 119,
    "bad_core_acc": 0.9915966386554622,
    "bad_core_macro_f1": 0.33192686357243323,
    "bad_core_good_recall": 0.0,
    "bad_core_medium_recall": 0.0,
    "bad_core_bad_recall": 0.9915966386554622,
    "bad_core_good_precision": 0.0,
    "bad_core_medium_precision": 0.0,
    "bad_core_bad_precision": 1.0,
    "bad_core_good_f1": 0.0,
    "bad_core_medium_f1": 0.0,
    "bad_core_bad_f1": 0.9957805907172996,
    "bad_core_support_good": 0,
    "bad_core_support_medium": 0,
    "bad_core_support_bad": 119,
    "bad_outlier_n": 292,
    "bad_outlier_acc": 0.3698630136986301,
    "bad_outlier_macro_f1": 0.18000000000000002,
    "bad_outlier_good_recall": 0.0,
    "bad_outlier_medium_recall": 0.0,
    "bad_outlier_bad_recall": 0.3698630136986301,
    "bad_outlier_good_precision": 0.0,
    "bad_outlier_medium_precision": 0.0,
    "bad_outlier_bad_precision": 1.0,
    "bad_outlier_good_f1": 0.0,
    "bad_outlier_medium_f1": 0.0,
    "bad_outlier_bad_f1": 0.54,
    "bad_outlier_support_good": 0,
    "bad_outlier_support_medium": 0,
    "bad_outlier_support_bad": 292,
    "drop_bad_outlier_n": 8185,
    "drop_bad_outlier_acc": 0.7654245571166769,
    "drop_bad_outlier_macro_f1": 0.6046498217453975,
    "drop_bad_outlier_good_recall": 0.8854395604395604,
    "drop_bad_outlier_medium_recall": 0.6606416629010393,
    "drop_bad_outlier_bad_recall": 0.9915966386554622,
    "drop_bad_outlier_good_precision": 0.8560424966799469,
    "drop_bad_outlier_medium_precision": 0.9106197446278418,
    "drop_bad_outlier_bad_precision": 0.09760132340777503,
    "drop_bad_outlier_good_f1": 0.8704929101958137,
    "drop_bad_outlier_medium_f1": 0.7657457116668849,
    "drop_bad_outlier_bad_f1": 0.17771084337349397,
    "drop_bad_outlier_support_good": 3640,
    "drop_bad_outlier_support_medium": 4426,
    "drop_bad_outlier_support_bad": 119,
    "gm_false_bad_rate": 0.13525911232333251,
    "bad_caught_rate": 0.5498783454987834,
    "balanced_score": 1.1484753542678379
  }
}