{
  "base_mode": "simple_pc1_gm_gate_t254",
  "score_col": "score_all_max",
  "score_threshold": 0.01,
  "gate": "pc3__le",
  "gate_threshold": 2.1506591515994145,
  "changed_to_bad": 1293,
  "test_all_n": 8477,
  "test_all_acc": 0.7534505131532382,
  "test_all_macro_f1": 0.6272439116119526,
  "test_all_good_recall": 0.8854395604395604,
  "test_all_medium_recall": 0.6638047898779936,
  "test_all_bad_recall": 0.5498783454987834,
  "test_all_good_precision": 0.824718526100307,
  "test_all_medium_precision": 0.8990208078335373,
  "test_all_bad_precision": 0.17371252882398155,
  "test_all_good_f1": 0.8540010598834128,
  "test_all_medium_f1": 0.76371198336366,
  "test_all_bad_f1": 0.26401869158878505,
  "test_all_support_good": 3640,
  "test_all_support_medium": 4426,
  "test_all_support_bad": 411,
  "gm_only_n": 8066,
  "gm_only_acc": 0.763823456484007,
  "gm_only_macro_f1": 0.5461208131153096,
  "gm_only_good_recall": 0.8854395604395604,
  "gm_only_medium_recall": 0.6638047898779936,
  "gm_only_bad_recall": 0.0,
  "gm_only_good_precision": 0.855588001061853,
  "gm_only_medium_precision": 0.9112903225806451,
  "gm_only_bad_precision": 0.0,
  "gm_only_good_f1": 0.87025786418253,
  "gm_only_medium_f1": 0.7681045751633987,
  "gm_only_bad_f1": 0.0,
  "gm_only_support_good": 3640,
  "gm_only_support_medium": 4426,
  "gm_only_support_bad": 0,
  "bad_core_n": 119,
  "bad_core_acc": 0.9915966386554622,
  "bad_core_macro_f1": 0.33192686357243323,
  "bad_core_good_recall": 0.0,
  "bad_core_medium_recall": 0.0,
  "bad_core_bad_recall": 0.9915966386554622,
  "bad_core_good_precision": 0.0,
  "bad_core_medium_precision": 0.0,
  "bad_core_bad_precision": 1.0,
  "bad_core_good_f1": 0.0,
  "bad_core_medium_f1": 0.0,
  "bad_core_bad_f1": 0.9957805907172996,
  "bad_core_support_good": 0,
  "bad_core_support_medium": 0,
  "bad_core_support_bad": 119,
  "bad_outlier_n": 292,
  "bad_outlier_acc": 0.3698630136986301,
  "bad_outlier_macro_f1": 0.18000000000000002,
  "bad_outlier_good_recall": 0.0,
  "bad_outlier_medium_recall": 0.0,
  "bad_outlier_bad_recall": 0.3698630136986301,
  "bad_outlier_good_precision": 0.0,
  "bad_outlier_medium_precision": 0.0,
  "bad_outlier_bad_precision": 1.0,
  "bad_outlier_good_f1": 0.0,
  "bad_outlier_medium_f1": 0.0,
  "bad_outlier_bad_f1": 0.54,
  "bad_outlier_support_good": 0,
  "bad_outlier_support_medium": 0,
  "bad_outlier_support_bad": 292,
  "drop_bad_outlier_n": 8185,
  "drop_bad_outlier_acc": 0.7671350030543678,
  "drop_bad_outlier_macro_f1": 0.6060466984742757,
  "drop_bad_outlier_good_recall": 0.8854395604395604,
  "drop_bad_outlier_medium_recall": 0.6638047898779936,
  "drop_bad_outlier_bad_recall": 0.9915966386554622,
  "drop_bad_outlier_good_precision": 0.855588001061853,
  "drop_bad_outlier_medium_precision": 0.9110077519379844,
  "drop_bad_outlier_bad_precision": 0.0989103101424979,
  "drop_bad_outlier_good_f1": 0.87025786418253,
  "drop_bad_outlier_medium_f1": 0.7680041824598092,
  "drop_bad_outlier_bad_f1": 0.1798780487804878,
  "drop_bad_outlier_support_good": 3640,
  "drop_bad_outlier_support_medium": 4426,
  "drop_bad_outlier_support_bad": 119,
  "gm_false_bad_rate": 0.13327547731217457,
  "bad_caught_rate": 0.5498783454987834,
  "balanced_score": 1.1501268819309263
}