{
  "variant_id": "single_bw_snr01_uniform",
  "family": "real_noise_snr",
  "spec": {
    "id": "single_bw_snr01_uniform",
    "family": "real_noise_snr",
    "mix": {
      "name": "single_bw",
      "mode": "weighted",
      "weights": {
        "bw": 1.0
      }
    },
    "snr": {
      "good": [
        16,
        20
      ],
      "medium": [
        8,
        14
      ],
      "bad": [
        -6,
        0
      ],
      "sampler": "uniform"
    },
    "class_weight": "1.00,1.40,1.70",
    "note": "Only real NSTDB em/ma/bw noise mixed at class-specific SNR."
  },
  "variant_dir": "E:\\GPTProject2\\ecg\\outputs\\external_benchmarks\\e311_real_noise_snr_but_match_grid_10s_2026_06_04\\scan_variants\\single_bw_snr01_uniform",
  "morph_overall_distance": 0.44507168458781377,
  "morph_medium_distance": 0.27822580645161293,
  "morph_by_class": {
    "good": 0.40252688172043016,
    "medium": 0.27822580645161293,
    "bad": 0.6544623655913981
  },
  "sqi_overall_distance": 0.4305555555555555,
  "sqi_by_class": {
    "good": 0.36309523809523814,
    "medium": 0.2738095238095238,
    "bad": 0.6547619047619048
  },
  "domain_separability_bal_acc": 0.9178571428571428,
  "overall_but_like_score": 0.44846134152585776,
  "audit": {
    "spec": {
      "id": "single_bw_snr01_uniform",
      "family": "real_noise_snr",
      "mix": {
        "name": "single_bw",
        "mode": "weighted",
        "weights": {
          "bw": 1.0
        }
      },
      "snr": {
        "good": [
          16,
          20
        ],
        "medium": [
          8,
          14
        ],
        "bad": [
          -6,
          0
        ],
        "sampler": "uniform"
      },
      "class_weight": "1.00,1.40,1.70",
      "note": "Only real NSTDB em/ma/bw noise mixed at class-specific SNR."
    },
    "rows": 180,
    "sample_per_class": 60,
    "split_counts": {
      "test": 32,
      "train": 119,
      "val": 29
    },
    "class_counts": {
      "bad": 60,
      "good": 60,
      "medium": 60
    },
    "snr_by_class": {
      "good": {
        "mean": 18.030317306518555,
        "min": 16.001201629638672,
        "max": 19.95478057861328
      },
      "medium": {
        "mean": 11.241161346435547,
        "min": 8.088237762451172,
        "max": 13.970579147338867
      },
      "bad": {
        "mean": -2.7560720443725586,
        "min": -5.983569145202637,
        "max": -0.016740715131163597
      }
    }
  }
}