{
  "variant_id": "bw_heavy_snr02_uniform",
  "family": "real_noise_snr",
  "spec": {
    "id": "bw_heavy_snr02_uniform",
    "family": "real_noise_snr",
    "mix": {
      "name": "bw_heavy",
      "mode": "weighted",
      "weights": {
        "em": 0.15,
        "ma": 0.15,
        "bw": 0.7
      }
    },
    "snr": {
      "good": [
        14,
        18
      ],
      "medium": [
        6,
        12
      ],
      "bad": [
        -4,
        2
      ],
      "sampler": "uniform"
    },
    "class_weight": "1.00,1.40,1.70",
    "note": "Only real NSTDB em/ma/bw noise mixed at class-specific SNR."
  },
  "variant_dir": "E:\\GPTProject2\\ecg\\outputs\\external_benchmarks\\e311_real_noise_snr_but_match_grid_10s_2026_06_04\\scan_variants\\bw_heavy_snr02_uniform",
  "morph_overall_distance": 0.44235663082437277,
  "morph_medium_distance": 0.2861290322580646,
  "morph_by_class": {
    "good": 0.4184408602150538,
    "medium": 0.2861290322580646,
    "bad": 0.6224999999999999
  },
  "sqi_overall_distance": 0.4424603174603175,
  "sqi_by_class": {
    "good": 0.37500000000000006,
    "medium": 0.2857142857142857,
    "bad": 0.6666666666666666
  },
  "domain_separability_bal_acc": 0.9555555555555555,
  "overall_but_like_score": 0.4546351766513057,
  "audit": {
    "spec": {
      "id": "bw_heavy_snr02_uniform",
      "family": "real_noise_snr",
      "mix": {
        "name": "bw_heavy",
        "mode": "weighted",
        "weights": {
          "em": 0.15,
          "ma": 0.15,
          "bw": 0.7
        }
      },
      "snr": {
        "good": [
          14,
          18
        ],
        "medium": [
          6,
          12
        ],
        "bad": [
          -4,
          2
        ],
        "sampler": "uniform"
      },
      "class_weight": "1.00,1.40,1.70",
      "note": "Only real NSTDB em/ma/bw noise mixed at class-specific SNR."
    },
    "rows": 180,
    "sample_per_class": 60,
    "split_counts": {
      "test": 32,
      "train": 119,
      "val": 29
    },
    "class_counts": {
      "bad": 60,
      "good": 60,
      "medium": 60
    },
    "snr_by_class": {
      "good": {
        "mean": 16.244285583496094,
        "min": 14.160872459411621,
        "max": 17.98038673400879
      },
      "medium": {
        "mean": 9.395405769348145,
        "min": 6.08823823928833,
        "max": 11.891655921936035
      },
      "bad": {
        "mean": -0.6515392065048218,
        "min": -3.9981961250305176,
        "max": 1.9321722984313965
      }
    }
  }
}