{
  "variant_id": "em_heavy_snr04_uniform",
  "family": "real_noise_snr",
  "spec": {
    "id": "em_heavy_snr04_uniform",
    "family": "real_noise_snr",
    "mix": {
      "name": "em_heavy",
      "mode": "weighted",
      "weights": {
        "em": 0.7,
        "ma": 0.15,
        "bw": 0.15
      }
    },
    "snr": {
      "good": [
        10,
        14
      ],
      "medium": [
        2,
        8
      ],
      "bad": [
        0,
        6
      ],
      "sampler": "uniform"
    },
    "class_weight": "1.00,1.40,1.70",
    "note": "Only real NSTDB em/ma/bw noise mixed at class-specific SNR."
  },
  "variant_dir": "E:\\GPTProject2\\ecg\\outputs\\external_benchmarks\\e311_real_noise_snr_but_match_grid_10s_2026_06_04\\scan_variants\\em_heavy_snr04_uniform",
  "morph_overall_distance": 0.4596415770609319,
  "morph_medium_distance": 0.3142204301075268,
  "morph_by_class": {
    "good": 0.4420698924731183,
    "medium": 0.3142204301075268,
    "bad": 0.6226344086021505
  },
  "sqi_overall_distance": 0.4603174603174603,
  "sqi_by_class": {
    "good": 0.41071428571428575,
    "medium": 0.26785714285714285,
    "bad": 0.7023809523809523
  },
  "domain_separability_bal_acc": 0.9726190476190476,
  "overall_but_like_score": 0.47468541986687146,
  "audit": {
    "spec": {
      "id": "em_heavy_snr04_uniform",
      "family": "real_noise_snr",
      "mix": {
        "name": "em_heavy",
        "mode": "weighted",
        "weights": {
          "em": 0.7,
          "ma": 0.15,
          "bw": 0.15
        }
      },
      "snr": {
        "good": [
          10,
          14
        ],
        "medium": [
          2,
          8
        ],
        "bad": [
          0,
          6
        ],
        "sampler": "uniform"
      },
      "class_weight": "1.00,1.40,1.70",
      "note": "Only real NSTDB em/ma/bw noise mixed at class-specific SNR."
    },
    "rows": 180,
    "sample_per_class": 60,
    "split_counts": {
      "test": 32,
      "train": 119,
      "val": 29
    },
    "class_counts": {
      "bad": 60,
      "good": 60,
      "medium": 60
    },
    "snr_by_class": {
      "good": {
        "mean": 12.244284629821777,
        "min": 10.160872459411621,
        "max": 13.980386734008789
      },
      "medium": {
        "mean": 5.395406723022461,
        "min": 2.0882372856140137,
        "max": 7.891656398773193
      },
      "bad": {
        "mean": 3.3484606742858887,
        "min": 0.0018042039591819048,
        "max": 5.932171821594238
      }
    }
  }
}