{
  "created_at": "2026-06-12T18:41:02",
  "artifact_id": "rule_n7200_visual_qrsdetail_old_best_pred",
  "base_variant": "nl_n7200_gm_trim_bad_goodlike_aux_tail_a12_good124_mid172_ec4f54fe7e3d",
  "base_prediction_mode": "medium_guarded_pmed0005",
  "metrics": [
    {
      "artifact_id": "rule_n7200_visual_qrsdetail_old_best_pred",
      "bucket": "original_all_10s+",
      "n": 32956,
      "acc": 0.8325039446534773,
      "macro_f1": 0.8552370987890047,
      "good_recall": 0.773338027342604,
      "medium_recall": 0.8898193451260821,
      "bad_recall": 0.9080416272469253,
      "good_precision": 0.916232186305179,
      "medium_precision": 0.6866831251815277,
      "bad_precision": 1.0,
      "good_f1": 0.8387425225913199,
      "medium_f1": 0.7751639344262296,
      "bad_f1": 0.9518048393494645,
      "support_good": 17043,
      "support_medium": 10628,
      "support_bad": 5285,
      "confusion_3x3": "[[13180, 3863, 0], [1171, 9457, 0], [34, 452, 4799]]",
      "gate_flips": 1792,
      "good_gate_flips": 730,
      "medium_gate_flips": 1062,
      "base_errors_fixed": 1226,
      "base_correct_lost": 564
    },
    {
      "artifact_id": "rule_n7200_visual_qrsdetail_old_best_pred",
      "bucket": "original_test_all_10s+",
      "n": 8477,
      "acc": 0.76737053202784,
      "macro_f1": 0.5199903580866416,
      "good_recall": 0.6615384615384615,
      "medium_recall": 0.9256665160415726,
      "bad_recall": 0.0,
      "good_precision": 0.8693140794223827,
      "medium_precision": 0.7178903101454355,
      "bad_precision": 0.0,
      "good_f1": 0.7513260530421216,
      "medium_f1": 0.8086450212178032,
      "bad_f1": 0.0,
      "support_good": 3640,
      "support_medium": 4426,
      "support_bad": 411,
      "confusion_3x3": "[[2408, 1232, 0], [329, 4097, 0], [33, 378, 0]]",
      "gate_flips": 323,
      "good_gate_flips": 36,
      "medium_gate_flips": 287,
      "base_errors_fixed": 312,
      "base_correct_lost": 10
    },
    {
      "artifact_id": "rule_n7200_visual_qrsdetail_old_best_pred",
      "bucket": "original_test_good_medium_only",
      "n": 8066,
      "acc": 0.8064716092239028,
      "macro_f1": 0.5317311827291511,
      "good_recall": 0.6615384615384615,
      "medium_recall": 0.9256665160415726,
      "bad_recall": 0.0,
      "good_precision": 0.8797953964194374,
      "medium_precision": 0.7688121598799024,
      "bad_precision": 0.0,
      "good_f1": 0.7552140504939627,
      "medium_f1": 0.8399794976934906,
      "bad_f1": 0.0,
      "support_good": 3640,
      "support_medium": 4426,
      "support_bad": 0,
      "confusion_3x3": "[[2408, 1232, 0], [329, 4097, 0], [0, 0, 0]]",
      "gate_flips": 322,
      "good_gate_flips": 36,
      "medium_gate_flips": 286,
      "base_errors_fixed": 312,
      "base_correct_lost": 10
    },
    {
      "artifact_id": "rule_n7200_visual_qrsdetail_old_best_pred",
      "bucket": "original_test_bad_core_near_boundary",
      "n": 119,
      "acc": 0.0,
      "macro_f1": 0.0,
      "good_recall": 0.0,
      "medium_recall": 0.0,
      "bad_recall": 0.0,
      "good_precision": 0.0,
      "medium_precision": 0.0,
      "bad_precision": 0.0,
      "good_f1": 0.0,
      "medium_f1": 0.0,
      "bad_f1": 0.0,
      "support_good": 0,
      "support_medium": 0,
      "support_bad": 119,
      "confusion_3x3": "[[0, 0, 0], [0, 0, 0], [0, 119, 0]]",
      "gate_flips": 0,
      "good_gate_flips": 0,
      "medium_gate_flips": 0,
      "base_errors_fixed": 0,
      "base_correct_lost": 0
    },
    {
      "artifact_id": "rule_n7200_visual_qrsdetail_old_best_pred",
      "bucket": "original_test_bad_outlier_stress",
      "n": 292,
      "acc": 0.0,
      "macro_f1": 0.0,
      "good_recall": 0.0,
      "medium_recall": 0.0,
      "bad_recall": 0.0,
      "good_precision": 0.0,
      "medium_precision": 0.0,
      "bad_precision": 0.0,
      "good_f1": 0.0,
      "medium_f1": 0.0,
      "bad_f1": 0.0,
      "support_good": 0,
      "support_medium": 0,
      "support_bad": 292,
      "confusion_3x3": "[[0, 0, 0], [0, 0, 0], [33, 259, 0]]",
      "gate_flips": 1,
      "good_gate_flips": 0,
      "medium_gate_flips": 1,
      "base_errors_fixed": 0,
      "base_correct_lost": 0
    },
    {
      "artifact_id": "rule_n7200_visual_qrsdetail_old_best_pred",
      "bucket": "original_test_drop_bad_outlier_reference",
      "n": 8185,
      "acc": 0.7947464874770922,
      "macro_f1": 0.5283567461541215,
      "good_recall": 0.6615384615384615,
      "medium_recall": 0.9256665160415726,
      "bad_recall": 0.0,
      "good_precision": 0.8797953964194374,
      "medium_precision": 0.7520190895741556,
      "bad_precision": 0.0,
      "good_f1": 0.7552140504939627,
      "medium_f1": 0.8298561879684019,
      "bad_f1": 0.0,
      "support_good": 3640,
      "support_medium": 4426,
      "support_bad": 119,
      "confusion_3x3": "[[2408, 1232, 0], [329, 4097, 0], [0, 119, 0]]",
      "gate_flips": 322,
      "good_gate_flips": 36,
      "medium_gate_flips": 286,
      "base_errors_fixed": 312,
      "base_correct_lost": 10
    },
    {
      "artifact_id": "rule_n7200_visual_qrsdetail_old_best_pred",
      "bucket": "original_test_good_medium_overlap",
      "n": 7492,
      "acc": 0.7916444207154298,
      "macro_f1": 0.5241616569566265,
      "good_recall": 0.6579677956690727,
      "medium_recall": 0.9154241645244215,
      "bad_recall": 0.0,
      "good_precision": 0.8781030011115228,
      "medium_precision": 0.7429584811182975,
      "bad_precision": 0.0,
      "good_f1": 0.7522615457863832,
      "medium_f1": 0.8202234250834964,
      "bad_f1": 0.0,
      "support_good": 3602,
      "support_medium": 3890,
      "support_bad": 0,
      "confusion_3x3": "[[2370, 1232, 0], [329, 3561, 0], [0, 0, 0]]",
      "gate_flips": 306,
      "good_gate_flips": 36,
      "medium_gate_flips": 270,
      "base_errors_fixed": 296,
      "base_correct_lost": 10
    },
    {
      "artifact_id": "rule_n7200_visual_qrsdetail_old_best_pred",
      "bucket": "original_all_bad_core_near_boundary",
      "n": 4084,
      "acc": 0.970617042115573,
      "macro_f1": 0.32836315440689195,
      "good_recall": 0.0,
      "medium_recall": 0.0,
      "bad_recall": 0.970617042115573,
      "good_precision": 0.0,
      "medium_precision": 0.0,
      "bad_precision": 1.0,
      "good_f1": 0.0,
      "medium_f1": 0.0,
      "bad_f1": 0.9850894632206759,
      "support_good": 0,
      "support_medium": 0,
      "support_bad": 4084,
      "confusion_3x3": "[[0, 0, 0], [0, 0, 0], [0, 120, 3964]]",
      "gate_flips": 0,
      "good_gate_flips": 0,
      "medium_gate_flips": 0,
      "base_errors_fixed": 0,
      "base_correct_lost": 0
    },
    {
      "artifact_id": "rule_n7200_visual_qrsdetail_old_best_pred",
      "bucket": "original_all_bad_outlier_stress",
      "n": 1201,
      "acc": 0.6952539550374688,
      "macro_f1": 0.2734119187950229,
      "good_recall": 0.0,
      "medium_recall": 0.0,
      "bad_recall": 0.6952539550374688,
      "good_precision": 0.0,
      "medium_precision": 0.0,
      "bad_precision": 1.0,
      "good_f1": 0.0,
      "medium_f1": 0.0,
      "bad_f1": 0.8202357563850687,
      "support_good": 0,
      "support_medium": 0,
      "support_bad": 1201,
      "confusion_3x3": "[[0, 0, 0], [0, 0, 0], [34, 332, 835]]",
      "gate_flips": 2,
      "good_gate_flips": 0,
      "medium_gate_flips": 2,
      "base_errors_fixed": 0,
      "base_correct_lost": 0
    }
  ],
  "selection_note": "Original BUT is report-only; Clean/SemiClean/node diagnostic remains the selection source."
}