{
  "selected": {
    "top_filtered_acc": {
      "variant_id": "nl_n6800_gm_trim_bad_scan_109_sc_overlap_narrow_oscillato_1ece5cbe0b5c",
      "prediction_mode": "calibrated",
      "scope": "original_test_drop_bad_outlier",
      "n": 8185,
      "acc": 0.8108735491753207,
      "balanced_acc": 0.5497103363574217,
      "macro_f1": 0.5442893490697093,
      "good_recall": 0.8423076923076923,
      "medium_recall": 0.806823316764573,
      "bad_recall": 0.0,
      "good_precision": 0.7819433817903596,
      "medium_precision": 0.8374765478424016,
      "bad_precision": 0.0,
      "good_f1": 0.8110038354714985,
      "medium_f1": 0.8218642117376295,
      "bad_f1": 0.0,
      "support_good": 3640,
      "support_medium": 4426,
      "support_bad": 119,
      "confusion_3x3": "[[3066, 574, 0], [855, 3571, 0], [0, 119, 0]]"
    },
    "best_filtered_macro": {
      "variant_id": "nl_n6800_gm_trim_bad_scan_093_sc_overlap_compact_pca_core_f60533bc4e32",
      "prediction_mode": "calibrated",
      "scope": "original_test_drop_bad_outlier",
      "n": 8185,
      "acc": 0.7700671960904093,
      "balanced_acc": 0.6680679376620473,
      "macro_f1": 0.7198670584490673,
      "good_recall": 0.734065934065934,
      "medium_recall": 0.807953004970628,
      "bad_recall": 0.46218487394957986,
      "good_precision": 0.759090909090909,
      "medium_precision": 0.7762101150423268,
      "bad_precision": 0.9482758620689655,
      "good_f1": 0.7463687150837989,
      "medium_f1": 0.791763533709731,
      "bad_f1": 0.6214689265536724,
      "support_good": 3640,
      "support_medium": 4426,
      "support_bad": 119,
      "confusion_3x3": "[[2672, 968, 0], [847, 3576, 3], [1, 63, 55]]"
    },
    "best_clean_node": {
      "node_id": "N6800_gm_trim_bad",
      "node_level": 6800,
      "variant_id": "nl_n6800_gm_trim_bad_scan_029_sc_overlap_narrow_oscillato_873d37fc4791",
      "base_variant_id": "nl_n6800_gm_trim_bad_scan_029_sc_overlap_narrow_oscillato_18aa71dcf07e",
      "cls_loss_variant": "soft_sample_weighted_ce",
      "prediction_mode": "raw",
      "n_total": 17684,
      "acc": 0.9459398326170548,
      "balanced_acc": 0.9493230877071688,
      "macro_f1": 0.9511917340936308,
      "good_recall": 0.9783823529411764,
      "medium_recall": 0.898235294117647,
      "bad_recall": 0.9713516160626836,
      "confusion_3x3": "[[6653, 147, 0], [692, 6108, 0], [0, 117, 3967]]",
      "original_but_acc": 0.7138138492391176,
      "original_but_macro_f1": 0.4941944782029289,
      "score": 0.1735329011619737,
      "bad_64d_KS": 0.5701284380547564,
      "medium_64d_KS": 0.2034810144761029,
      "good_64d_KS": 0.2543475700827206,
      "domain_separability": 1.0
    }
  },
  "counts": {
    "node_trim": {
      "node_id": "N6800_gm_trim_bad",
      "kept_counts": {
        "bad": 4084,
        "good": 6800,
        "medium": 6800
      },
      "removed_counts": {
        "bad": 1201
      },
      "kept_total": 17684,
      "source_before_trim_total": 18885,
      "source_before_trim_bad": 5285
    },
    "original_test_region_counts": [
      {
        "y_class": "bad",
        "original_region": "near_bad_boundary",
        "n": 119
      },
      {
        "y_class": "bad",
        "original_region": "outlier_low_confidence",
        "n": 292
      },
      {
        "y_class": "good",
        "original_region": "clean_core",
        "n": 38
      },
      {
        "y_class": "good",
        "original_region": "good_medium_overlap",
        "n": 1191
      },
      {
        "y_class": "good",
        "original_region": "outlier_low_confidence",
        "n": 2411
      },
      {
        "y_class": "medium",
        "original_region": "clean_core",
        "n": 531
      },
      {
        "y_class": "medium",
        "original_region": "good_medium_overlap",
        "n": 1711
      },
      {
        "y_class": "medium",
        "original_region": "medium_bad_overlap",
        "n": 5
      },
      {
        "y_class": "medium",
        "original_region": "outlier_low_confidence",
        "n": 2179
      }
    ]
  }
}