{
  "variant_id": "pair_em_bw_snr06_triangular",
  "family": "real_noise_snr",
  "spec": {
    "id": "pair_em_bw_snr06_triangular",
    "family": "real_noise_snr",
    "mix": {
      "name": "pair_em_bw",
      "mode": "weighted",
      "weights": {
        "em": 0.5,
        "bw": 0.5
      }
    },
    "snr": {
      "good": [
        12,
        16
      ],
      "medium": [
        6,
        12
      ],
      "bad": [
        -2,
        4
      ],
      "sampler": "triangular"
    },
    "class_weight": "1.00,1.40,1.70",
    "note": "Only real NSTDB em/ma/bw noise mixed at class-specific SNR."
  },
  "variant_dir": "E:\\GPTProject2\\ecg\\outputs\\external_benchmarks\\e311_real_noise_snr_but_match_grid_10s_2026_06_04\\scan_variants\\pair_em_bw_snr06_triangular",
  "morph_overall_distance": 0.4470967741935484,
  "morph_medium_distance": 0.28069892473118274,
  "morph_by_class": {
    "good": 0.4151344086021506,
    "medium": 0.28069892473118274,
    "bad": 0.6454569892473119
  },
  "sqi_overall_distance": 0.44047619047619047,
  "sqi_by_class": {
    "good": 0.36904761904761907,
    "medium": 0.26190476190476186,
    "bad": 0.6904761904761905
  },
  "domain_separability_bal_acc": 0.9396825396825397,
  "overall_but_like_score": 0.4537628008192524,
  "audit": {
    "spec": {
      "id": "pair_em_bw_snr06_triangular",
      "family": "real_noise_snr",
      "mix": {
        "name": "pair_em_bw",
        "mode": "weighted",
        "weights": {
          "em": 0.5,
          "bw": 0.5
        }
      },
      "snr": {
        "good": [
          12,
          16
        ],
        "medium": [
          6,
          12
        ],
        "bad": [
          -2,
          4
        ],
        "sampler": "triangular"
      },
      "class_weight": "1.00,1.40,1.70",
      "note": "Only real NSTDB em/ma/bw noise mixed at class-specific SNR."
    },
    "rows": 180,
    "sample_per_class": 60,
    "split_counts": {
      "test": 32,
      "train": 119,
      "val": 29
    },
    "class_counts": {
      "bad": 60,
      "good": 60,
      "medium": 60
    },
    "snr_by_class": {
      "good": {
        "mean": 14.118788719177246,
        "min": 12.51834774017334,
        "max": 15.747385025024414
      },
      "medium": {
        "mean": 9.260344505310059,
        "min": 6.222019672393799,
        "max": 11.702908515930176
      },
      "bad": {
        "mean": 0.908618152141571,
        "min": -1.9264307022094727,
        "max": 3.54890775680542
      }
    }
  }
}