{
  "variant_id": "single_em_snr03_uniform",
  "family": "real_noise_snr",
  "spec": {
    "id": "single_em_snr03_uniform",
    "family": "real_noise_snr",
    "mix": {
      "name": "single_em",
      "mode": "weighted",
      "weights": {
        "em": 1.0
      }
    },
    "snr": {
      "good": [
        12,
        16
      ],
      "medium": [
        4,
        10
      ],
      "bad": [
        -2,
        4
      ],
      "sampler": "uniform"
    },
    "class_weight": "1.00,1.40,1.70",
    "note": "Only real NSTDB em/ma/bw noise mixed at class-specific SNR."
  },
  "variant_dir": "E:\\GPTProject2\\ecg\\outputs\\external_benchmarks\\e311_real_noise_snr_but_match_grid_10s_2026_06_04\\scan_variants\\single_em_snr03_uniform",
  "morph_overall_distance": 0.4677777777777778,
  "morph_medium_distance": 0.3191935483870968,
  "morph_by_class": {
    "good": 0.42397849462365583,
    "medium": 0.3191935483870968,
    "bad": 0.6601612903225805
  },
  "sqi_overall_distance": 0.44841269841269843,
  "sqi_by_class": {
    "good": 0.380952380952381,
    "medium": 0.27976190476190477,
    "bad": 0.6845238095238095
  },
  "domain_separability_bal_acc": 0.9038690476190476,
  "overall_but_like_score": 0.4713360855094726,
  "audit": {
    "spec": {
      "id": "single_em_snr03_uniform",
      "family": "real_noise_snr",
      "mix": {
        "name": "single_em",
        "mode": "weighted",
        "weights": {
          "em": 1.0
        }
      },
      "snr": {
        "good": [
          12,
          16
        ],
        "medium": [
          4,
          10
        ],
        "bad": [
          -2,
          4
        ],
        "sampler": "uniform"
      },
      "class_weight": "1.00,1.40,1.70",
      "note": "Only real NSTDB em/ma/bw noise mixed at class-specific SNR."
    },
    "rows": 180,
    "sample_per_class": 60,
    "split_counts": {
      "test": 32,
      "train": 119,
      "val": 29
    },
    "class_counts": {
      "bad": 60,
      "good": 60,
      "medium": 60
    },
    "snr_by_class": {
      "good": {
        "mean": 14.030318260192871,
        "min": 12.001202583312988,
        "max": 15.954780578613281
      },
      "medium": {
        "mean": 7.241161823272705,
        "min": 4.08823823928833,
        "max": 9.970579147338867
      },
      "bad": {
        "mean": 1.243928074836731,
        "min": -1.9835691452026367,
        "max": 3.983259916305542
      }
    }
  }
}