{
  "anchor_id": "sensors2025__quick__paper_denoise_interval__em_ma_ma_heavy__cinc0p00__cw1p00_1p55_1p70",
  "spec_id": "paper_denoise_interval__em_ma_ma_heavy__cinc0p00__cw1p00_1p55_1p70",
  "mode": "quick",
  "run_dir": "E:\\GPTProject2\\ecg\\outputs\\external_benchmarks\\e311_sensors2025_noise_synthesis_but_10s_2026_06_05\\runs\\quick\\paper_denoise_interval__em_ma_ma_heavy__cinc0p00__cw1p00_1p55_1p70",
  "checkpoint": "E:\\GPTProject2\\ecg\\outputs\\external_benchmarks\\e311_sensors2025_noise_synthesis_but_10s_2026_06_05\\runs\\quick\\paper_denoise_interval__em_ma_ma_heavy__cinc0p00__cw1p00_1p55_1p70\\ckpt_best.pt",
  "calibration": {
    "t_bad": 0.05,
    "t_good": 0.7899999999999999,
    "key": [
      0.616837428662587,
      0.42168674698795183,
      0.6230724460572645
    ],
    "val_report": {
      "acc": 0.8798617113223854,
      "balanced_acc": 0.6230724460572645,
      "macro_f1": 0.616837428662587,
      "recall_good_medium_bad": [
        0.9618163054695562,
        0.4857142857142857,
        0.42168674698795183
      ],
      "precision_good_medium_bad": [
        0.9789915966386554,
        0.38345864661654133,
        0.4861111111111111
      ],
      "f1_good_medium_bad": [
        0.9703279541905258,
        0.42857142857142855,
        0.45161290322580644
      ],
      "support_good_medium_bad": [
        969,
        105,
        83
      ],
      "confusion_3x3": [
        [
          932,
          34,
          3
        ],
        [
          20,
          51,
          34
        ],
        [
          0,
          48,
          35
        ]
      ]
    }
  },
  "original_test_calibrated": {
    "acc": 0.5798041760056624,
    "balanced_acc": 0.6649178188503707,
    "macro_f1": 0.5154767586029011,
    "recall_good_medium_bad": [
      0.7909340659340659,
      0.38386805241753275,
      0.8199513381995134
    ],
    "precision_good_medium_bad": [
      0.9039246467817896,
      0.7288717288717289,
      0.1138129010469436
    ],
    "f1_good_medium_bad": [
      0.8436630036630036,
      0.5028858961077401,
      0.19988137603795966
    ],
    "support_good_medium_bad": [
      3640,
      4426,
      411
    ],
    "confusion_3x3": [
      [
        2879,
        568,
        193
      ],
      [
        296,
        1699,
        2431
      ],
      [
        10,
        64,
        337
      ]
    ]
  },
  "original_test_raw": {
    "acc": 0.6845582163501238,
    "balanced_acc": 0.6796426857711206,
    "macro_f1": 0.5787452206219964,
    "recall_good_medium_bad": [
      0.9414835164835165,
      0.47943967464979664,
      0.6180048661800487
    ],
    "precision_good_medium_bad": [
      0.7170956267001465,
      0.8711001642036125,
      0.20126782884310618
    ],
    "f1_good_medium_bad": [
      0.8141109395415133,
      0.6184785776741475,
      0.30364614465032874
    ],
    "support_good_medium_bad": [
      3640,
      4426,
      411
    ],
    "confusion_3x3": [
      [
        3427,
        196,
        17
      ],
      [
        1313,
        2122,
        991
      ],
      [
        39,
        118,
        254
      ]
    ]
  },
  "balanced_test_calibrated": {
    "acc": 0.6496350364963503,
    "balanced_acc": 0.6496350364963503,
    "macro_f1": 0.6388878170589284,
    "recall_good_medium_bad": [
      0.7761557177615572,
      0.35279805352798055,
      0.8199513381995134
    ],
    "precision_good_medium_bad": [
      0.873972602739726,
      0.5141843971631206,
      0.5750853242320819
    ],
    "f1_good_medium_bad": [
      0.8221649484536082,
      0.4184704184704185,
      0.6760280842527583
    ],
    "support_good_medium_bad": [
      411,
      411,
      411
    ],
    "confusion_3x3": [
      [
        319,
        73,
        19
      ],
      [
        36,
        145,
        230
      ],
      [
        10,
        64,
        337
      ]
    ]
  },
  "balanced_test_raw": {
    "acc": 0.6828872668288727,
    "balanced_acc": 0.6828872668288727,
    "macro_f1": 0.6692081582736223,
    "recall_good_medium_bad": [
      0.9610705596107056,
      0.46958637469586373,
      0.6180048661800487
    ],
    "precision_good_medium_bad": [
      0.702846975088968,
      0.5920245398773006,
      0.736231884057971
    ],
    "f1_good_medium_bad": [
      0.8119218910585817,
      0.5237449118046132,
      0.671957671957672
    ],
    "support_good_medium_bad": [
      411,
      411,
      411
    ],
    "confusion_3x3": [
      [
        395,
        15,
        1
      ],
      [
        128,
        193,
        90
      ],
      [
        39,
        118,
        254
      ]
    ]
  },
  "stratified_balanced_test_calibrated": {
    "acc": 0.6666666666666666,
    "balanced_acc": 0.6666666666666666,
    "macro_f1": 0.6530994556640007,
    "recall_good_medium_bad": [
      0.8418491484184915,
      0.3381995133819951,
      0.8199513381995134
    ],
    "precision_good_medium_bad": [
      0.9057591623036649,
      0.549407114624506,
      0.5635451505016722
    ],
    "f1_good_medium_bad": [
      0.8726355611601513,
      0.4186746987951807,
      0.66798810703667
    ],
    "support_good_medium_bad": [
      411,
      411,
      411
    ],
    "confusion_3x3": [
      [
        346,
        50,
        15
      ],
      [
        26,
        139,
        246
      ],
      [
        10,
        64,
        337
      ]
    ]
  },
  "stratified_balanced_test_raw": {
    "acc": 0.6772100567721006,
    "balanced_acc": 0.6772100567721006,
    "macro_f1": 0.6629139838465992,
    "recall_good_medium_bad": [
      0.9562043795620438,
      0.45742092457420924,
      0.6180048661800487
    ],
    "precision_good_medium_bad": [
      0.7158469945355191,
      0.5856697819314641,
      0.699724517906336
    ],
    "f1_good_medium_bad": [
      0.81875,
      0.5136612021857924,
      0.6563307493540051
    ],
    "support_good_medium_bad": [
      411,
      411,
      411
    ],
    "confusion_3x3": [
      [
        393,
        15,
        3
      ],
      [
        117,
        188,
        106
      ],
      [
        39,
        118,
        254
      ]
    ]
  },
  "runtime": {
    "elapsed_sec": 17.447139800000514,
    "peak_cuda_memory_bytes": 517443072
  }
}