{
  "base_acc": 0.33287920072661215,
  "base_confusion_3x3": [
    [
      727,
      0,
      7
    ],
    [
      728,
      0,
      6
    ],
    [
      728,
      0,
      6
    ]
  ],
  "base_recall_good_medium_bad": [
    0.9904632152588556,
    0.0,
    0.008174386920980926
  ],
  "base_precision_good_medium_bad": [
    0.33302794319743473,
    0.0,
    0.3157894736842105
  ],
  "base_f1_good_medium_bad": [
    0.4984573191635242,
    0.0,
    0.015936254980079678
  ],
  "final_acc": 0.33287920072661215,
  "final_confusion_3x3": [
    [
      727,
      0,
      7
    ],
    [
      728,
      0,
      6
    ],
    [
      727,
      1,
      6
    ]
  ],
  "final_recall_good_medium_bad": [
    0.9904632152588556,
    0.0,
    0.008174386920980926
  ],
  "final_precision_good_medium_bad": [
    0.33318056828597614,
    0.0,
    0.3157894736842105
  ],
  "final_f1_good_medium_bad": [
    0.49862825788751713,
    0.0,
    0.015936254980079678
  ],
  "corrected_by_encoder_delta": 0,
  "harmed_by_encoder_delta": 0,
  "encoder_delta_abs_mean": 0.0,
  "encoder_delta_abs_p95": 0.0
}