row,split,region,true,pred_raw,pred_badcal,correct_raw,correct_badcal,prob_good,prob_medium,prob_bad,is_test,is_bad_core,is_bad_outlier
32494,test,near_bad_boundary,bad,medium,bad,False,True,0.011434091255068779,0.6004964113235474,0.3880695402622223,True,True,False
32528,test,near_bad_boundary,bad,medium,bad,False,True,0.009595734067261219,0.5167453289031982,0.473658949136734,True,True,False
32529,test,near_bad_boundary,bad,medium,bad,False,True,0.015955079346895218,0.8449374437332153,0.13910746574401855,True,True,False
32545,test,near_bad_boundary,bad,medium,bad,False,True,0.011952226050198078,0.7790178060531616,0.20902995765209198,True,True,False
32577,test,near_bad_boundary,bad,medium,bad,False,True,0.017263518646359444,0.9351860880851746,0.047550447285175323,True,True,False
32586,test,near_bad_boundary,bad,medium,bad,False,True,0.013211322948336601,0.9363667368888855,0.05042199045419693,True,True,False
32591,test,near_bad_boundary,bad,medium,bad,False,True,0.010300776921212673,0.5005137324333191,0.48918548226356506,True,True,False
32593,test,near_bad_boundary,bad,medium,bad,False,True,0.009201996959745884,0.5600982308387756,0.43069982528686523,True,True,False
