{
  "variant_id": "em_heavy_snr02_uniform",
  "family": "real_noise_snr",
  "spec": {
    "id": "em_heavy_snr02_uniform",
    "family": "real_noise_snr",
    "mix": {
      "name": "em_heavy",
      "mode": "weighted",
      "weights": {
        "em": 0.7,
        "ma": 0.15,
        "bw": 0.15
      }
    },
    "snr": {
      "good": [
        14,
        18
      ],
      "medium": [
        6,
        12
      ],
      "bad": [
        -4,
        2
      ],
      "sampler": "uniform"
    },
    "class_weight": "1.00,1.40,1.70",
    "note": "Only real NSTDB em/ma/bw noise mixed at class-specific SNR."
  },
  "variant_dir": "E:\\GPTProject2\\ecg\\outputs\\external_benchmarks\\e311_real_noise_snr_but_match_grid_10s_2026_06_04\\scan_variants\\em_heavy_snr02_uniform",
  "morph_overall_distance": 0.4542293906810036,
  "morph_medium_distance": 0.30099462365591395,
  "morph_by_class": {
    "good": 0.42212365591397855,
    "medium": 0.30099462365591395,
    "bad": 0.6395698924731182
  },
  "sqi_overall_distance": 0.44642857142857145,
  "sqi_by_class": {
    "good": 0.39880952380952384,
    "medium": 0.27976190476190477,
    "bad": 0.6607142857142857
  },
  "domain_separability_bal_acc": 0.9555555555555555,
  "overall_but_like_score": 0.46488319252432153,
  "audit": {
    "spec": {
      "id": "em_heavy_snr02_uniform",
      "family": "real_noise_snr",
      "mix": {
        "name": "em_heavy",
        "mode": "weighted",
        "weights": {
          "em": 0.7,
          "ma": 0.15,
          "bw": 0.15
        }
      },
      "snr": {
        "good": [
          14,
          18
        ],
        "medium": [
          6,
          12
        ],
        "bad": [
          -4,
          2
        ],
        "sampler": "uniform"
      },
      "class_weight": "1.00,1.40,1.70",
      "note": "Only real NSTDB em/ma/bw noise mixed at class-specific SNR."
    },
    "rows": 180,
    "sample_per_class": 60,
    "split_counts": {
      "test": 32,
      "train": 119,
      "val": 29
    },
    "class_counts": {
      "bad": 60,
      "good": 60,
      "medium": 60
    },
    "snr_by_class": {
      "good": {
        "mean": 16.244285583496094,
        "min": 14.160872459411621,
        "max": 17.98038673400879
      },
      "medium": {
        "mean": 9.395405769348145,
        "min": 6.088237762451172,
        "max": 11.891655921936035
      },
      "bad": {
        "mean": -0.651539146900177,
        "min": -3.9981961250305176,
        "max": 1.9321718215942383
      }
    }
  }
}