class,n,I__iSQI_median,I__iSQI_iqr,I__bSQI_median,I__bSQI_iqr,I__pSQI_median,I__pSQI_iqr,I__sSQI_median,I__sSQI_iqr,I__kSQI_median,I__kSQI_iqr,I__fSQI_median,I__fSQI_iqr,I__basSQI_median,I__basSQI_iqr
good,17043,0.0,0.0,0.8999999761581421,0.08333337306976318,0.6194788217544556,0.06735417246818542,1.2543044090270996,0.8658356070518494,1.2308144569396973,1.2974778711795807,0.008006405085325241,0.00880704540759325,0.9477657675743103,0.10717397928237915
medium,10628,0.0,0.0,0.8947368264198303,0.10000002384185791,0.5948606133460999,0.08040493726730347,0.21103256940841675,2.1569333970546722,0.0943761020898819,1.9535541087388992,0.0032025619875639677,0.004003202659077942,0.9352017641067505,0.20134511590003967
bad,5285,0.0,0.0,0.0,0.0,0.04997551813721657,0.009611047804355621,-1.8532284498214722,0.09271037578582764,-1.5530132055282593,0.09428751468658447,0.0,0.0008006404968909919,0.9996681213378906,0.00017029047012329102
