{
  "best_run_id": "blockwise_snr06_triangular__m07_medium_raw_logit_probe__cw1p00_1p75_1p55",
  "run_dir": "E:\\GPTProject2\\ecg\\outputs\\external_benchmarks\\e311_real_noise_medium_cluster_grid_10s_2026_06_05\\runs\\quick\\blockwise_snr06_triangular__m07_medium_raw_logit_probe__cw1p00_1p75_1p55",
  "but_eval_dir": "E:\\GPTProject2\\ecg\\outputs\\external_benchmarks\\e311_real_noise_medium_cluster_grid_10s_2026_06_05\\runs\\quick\\blockwise_snr06_triangular__m07_medium_raw_logit_probe__cw1p00_1p75_1p55\\but_10s_eval",
  "metrics": {
    "balanced_calibrated": {
      "acc": 0.6512570965125709,
      "balanced_acc": 0.651257096512571,
      "macro_f1": 0.6458283651118842,
      "recall_good_medium_bad": [
        0.6958637469586375,
        0.44525547445255476,
        0.8126520681265207
      ],
      "precision_good_medium_bad": [
        0.8101983002832861,
        0.563076923076923,
        0.6018018018018018
      ],
      "f1_good_medium_bad": [
        0.7486910994764397,
        0.49728260869565216,
        0.6915113871635611
      ],
      "support_good_medium_bad": [
        411,
        411,
        411
      ],
      "confusion_3x3": [
        [
          286,
          66,
          59
        ],
        [
          66,
          183,
          162
        ],
        [
          1,
          76,
          334
        ]
      ]
    },
    "balanced_raw": {
      "acc": 0.6123276561232766,
      "balanced_acc": 0.6123276561232766,
      "macro_f1": 0.5438601090147812,
      "recall_good_medium_bad": [
        0.7931873479318735,
        0.1192214111922141,
        0.9245742092457421
      ],
      "precision_good_medium_bad": [
        0.6892177589852009,
        0.7,
        0.5507246376811594
      ],
      "f1_good_medium_bad": [
        0.7375565610859729,
        0.20374220374220375,
        0.6902815622161671
      ],
      "support_good_medium_bad": [
        411,
        411,
        411
      ],
      "confusion_3x3": [
        [
          326,
          0,
          85
        ],
        [
          137,
          49,
          225
        ],
        [
          10,
          21,
          380
        ]
      ]
    },
    "original_calibrated": {
      "acc": 0.6024536982423027,
      "balanced_acc": 0.6730887768340642,
      "macro_f1": 0.5296410937057058,
      "recall_good_medium_bad": [
        0.721978021978022,
        0.48463624039765024,
        0.8126520681265207
      ],
      "precision_good_medium_bad": [
        0.7798219584569733,
        0.7814207650273224,
        0.14140558848433532
      ],
      "f1_good_medium_bad": [
        0.7497860199714693,
        0.5982429228838376,
        0.2408943382618103
      ],
      "support_good_medium_bad": [
        3640,
        4426,
        411
      ],
      "confusion_3x3": [
        [
          2628,
          524,
          488
        ],
        [
          741,
          2145,
          1540
        ],
        [
          1,
          76,
          334
        ]
      ]
    },
    "original_raw": {
      "acc": 0.4683260587471983,
      "balanced_acc": 0.6268144166100337,
      "macro_f1": 0.39197488127942187,
      "recall_good_medium_bad": [
        0.8151098901098901,
        0.14075915047446905,
        0.9245742092457421
      ],
      "precision_good_medium_bad": [
        0.6515151515151515,
        0.9643962848297214,
        0.11595971925541654
      ],
      "f1_good_medium_bad": [
        0.7241884305589456,
        0.24566246056782334,
        0.20607375271149675
      ],
      "support_good_medium_bad": [
        3640,
        4426,
        411
      ],
      "confusion_3x3": [
        [
          2967,
          2,
          671
        ],
        [
          1577,
          623,
          2226
        ],
        [
          10,
          21,
          380
        ]
      ]
    }
  },
  "figures": {
    "class_gallery": "E:\\GPTProject2\\ecg\\reports\\external_benchmarks\\e311_real_noise_medium_cluster_grid_10s_2026_06_05\\but_visual_snapshot_current\\figures\\but_class_gallery_good_medium_bad.png",
    "sqi7_pca_clusters": "E:\\GPTProject2\\ecg\\reports\\external_benchmarks\\e311_real_noise_medium_cluster_grid_10s_2026_06_05\\but_visual_snapshot_current\\figures\\but_sqi7_pca_clusters.png",
    "medium_confused": "E:\\GPTProject2\\ecg\\reports\\external_benchmarks\\e311_real_noise_medium_cluster_grid_10s_2026_06_05\\but_visual_snapshot_current\\figures\\current_medium_confused.png",
    "bad_missed": "E:\\GPTProject2\\ecg\\reports\\external_benchmarks\\e311_real_noise_medium_cluster_grid_10s_2026_06_05\\but_visual_snapshot_current\\figures\\current_bad_missed.png",
    "good_false_bad": "E:\\GPTProject2\\ecg\\reports\\external_benchmarks\\e311_real_noise_medium_cluster_grid_10s_2026_06_05\\but_visual_snapshot_current\\figures\\current_good_false_bad.png",
    "correct_bad": "E:\\GPTProject2\\ecg\\reports\\external_benchmarks\\e311_real_noise_medium_cluster_grid_10s_2026_06_05\\but_visual_snapshot_current\\figures\\current_correct_bad.png",
    "morphology_embedding_class": "E:\\GPTProject2\\ecg\\reports\\external_benchmarks\\e311_real_noise_medium_cluster_grid_10s_2026_06_05\\but_visual_snapshot_current\\figures\\but_morphology_embedding_class.png"
  },
  "sqi_columns": [
    "I__iSQI",
    "I__bSQI",
    "I__pSQI",
    "I__sSQI",
    "I__kSQI",
    "I__fSQI",
    "I__basSQI"
  ],
  "pca_explained_variance_ratio": [
    0.4951605796813965,
    0.3203154504299164
  ]
}