anchor_id,spec_id,mode,acc,macro_f1,balanced_acc,good_recall,medium_recall,bad_recall,stratified_macro_f1
history_h_bad_rescue__hypothesis__h_bad_rescue_05,h_bad_rescue_05,hypothesis,0.8229326412645983,0.7453532151604952,0.8177034517785587,0.8865384615384615,0.7733845458653411,0.7931873479318735,0.8309500933727171
sensors2025__full__paper_table_strict__em_ma_bw_badstrong__cinc0p00__cw1p00_1p40_1p70,paper_table_strict__em_ma_bw_badstrong__cinc0p00__cw1p00_1p40_1p70,full,0.7940309071605521,0.7176789238851476,0.7320329314517604,0.8571428571428571,0.7623136014460009,0.5766423357664233,0.7357408196761034
sensors2025__full__paper_table_strict__em_ma_ma_heavy__cinc0p00__cw1p00_1p40_1p70,paper_table_strict__em_ma_ma_heavy__cinc0p00__cw1p00_1p40_1p70,full,0.8137312728559631,0.6955593440040437,0.7367611729086393,0.8612637362637363,0.7991414369633981,0.5498783454987834,0.7461601213983364
sensors2025__full__paper_table_strict__em_ma_ma_heavy__cinc0p00__cw1p00_1p55_1p70,paper_table_strict__em_ma_ma_heavy__cinc0p00__cw1p00_1p55_1p70,full,0.7666627344579451,0.6794348662656882,0.7478635075234962,0.9101648351648352,0.6570266606416629,0.6763990267639902,0.7343651106106863
sensors2025__full__paper_table_strict__em_ma_bw_badstrong__cinc0p00__cw1p00_1p55_1p70,paper_table_strict__em_ma_bw_badstrong__cinc0p00__cw1p00_1p55_1p70,full,0.7157013094255043,0.65158928297601,0.6494469711933868,0.5802197802197803,0.8450067781292363,0.5231143552311436,0.6616383003123335
sensors2025__quick__paper_denoise_interval__em_ma_ma_heavy__cinc0p00__cw1p00_1p40_1p70,paper_denoise_interval__em_ma_ma_heavy__cinc0p00__cw1p00_1p40_1p70,quick,0.5918367346938775,0.5234936327640983,0.6631856375168951,0.781043956043956,0.41775869859918663,0.7907542579075426,0.649375995331935
sensors2025__quick__paper_denoise_interval__em_ma_ma_heavy__cinc0p00__cw1p00_1p55_1p70,paper_denoise_interval__em_ma_ma_heavy__cinc0p00__cw1p00_1p55_1p70,quick,0.5798041760056624,0.5154767586029011,0.6649178188503707,0.7909340659340659,0.38386805241753275,0.8199513381995134,0.6530994556640007
