{
  "anchor_id": "sensors2025__full__paper_table_strict__em_ma_bw_badstrong__cinc0p00__cw1p00_1p40_1p70",
  "spec_id": "paper_table_strict__em_ma_bw_badstrong__cinc0p00__cw1p00_1p40_1p70",
  "mode": "full",
  "run_dir": "E:\\GPTProject2\\ecg\\outputs\\external_benchmarks\\e311_sensors2025_noise_synthesis_but_10s_2026_06_05\\runs\\full\\paper_table_strict__em_ma_bw_badstrong__cinc0p00__cw1p00_1p40_1p70",
  "checkpoint": "E:\\GPTProject2\\ecg\\outputs\\external_benchmarks\\e311_sensors2025_noise_synthesis_but_10s_2026_06_05\\runs\\full\\paper_table_strict__em_ma_bw_badstrong__cinc0p00__cw1p00_1p40_1p70\\ckpt_best.pt",
  "calibration": {
    "t_bad": 0.05,
    "t_good": 0.95,
    "key": [
      0.8318339195319822,
      0.927710843373494,
      0.8006910733010177
    ],
    "val_report": {
      "acc": 0.9386343993085566,
      "balanced_acc": 0.8006910733010177,
      "macro_f1": 0.8318339195319822,
      "recall_good_medium_bad": [
        0.9886480908152735,
        0.4857142857142857,
        0.927710843373494
      ],
      "precision_good_medium_bad": [
        0.9503968253968254,
        0.7611940298507462,
        0.9390243902439024
      ],
      "f1_good_medium_bad": [
        0.9691451694486596,
        0.5930232558139535,
        0.9333333333333333
      ],
      "support_good_medium_bad": [
        969,
        105,
        83
      ],
      "confusion_3x3": [
        [
          958,
          11,
          0
        ],
        [
          49,
          51,
          5
        ],
        [
          1,
          5,
          77
        ]
      ]
    }
  },
  "original_test_calibrated": {
    "acc": 0.7940309071605521,
    "balanced_acc": 0.7320329314517604,
    "macro_f1": 0.7176789238851476,
    "recall_good_medium_bad": [
      0.8571428571428571,
      0.7623136014460009,
      0.5766423357664233
    ],
    "precision_good_medium_bad": [
      0.7894736842105263,
      0.8330864197530864,
      0.49894736842105264
    ],
    "f1_good_medium_bad": [
      0.821917808219178,
      0.7961302501179802,
      0.5349887133182845
    ],
    "support_good_medium_bad": [
      3640,
      4426,
      411
    ],
    "confusion_3x3": [
      [
        3120,
        518,
        2
      ],
      [
        816,
        3374,
        236
      ],
      [
        16,
        158,
        237
      ]
    ]
  },
  "original_test_raw": {
    "acc": 0.6354842515040698,
    "balanced_acc": 0.6125884122001953,
    "macro_f1": 0.5845281157583733,
    "recall_good_medium_bad": [
      0.9967032967032967,
      0.35201084500677815,
      0.48905109489051096
    ],
    "precision_good_medium_bad": [
      0.5634415281876067,
      0.926829268292683,
      0.5630252100840336
    ],
    "f1_good_medium_bad": [
      0.7199126897509673,
      0.5102341575241526,
      0.5234375
    ],
    "support_good_medium_bad": [
      3640,
      4426,
      411
    ],
    "confusion_3x3": [
      [
        3628,
        12,
        0
      ],
      [
        2712,
        1558,
        156
      ],
      [
        99,
        111,
        201
      ]
    ]
  },
  "balanced_test_calibrated": {
    "acc": 0.7226277372262774,
    "balanced_acc": 0.7226277372262774,
    "macro_f1": 0.7236416249737249,
    "recall_good_medium_bad": [
      0.8442822384428224,
      0.7469586374695864,
      0.5766423357664233
    ],
    "precision_good_medium_bad": [
      0.7886363636363637,
      0.5803402646502835,
      0.8977272727272727
    ],
    "f1_good_medium_bad": [
      0.8155111633372503,
      0.6531914893617021,
      0.7022222222222222
    ],
    "support_good_medium_bad": [
      411,
      411,
      411
    ],
    "confusion_3x3": [
      [
        347,
        64,
        0
      ],
      [
        77,
        307,
        27
      ],
      [
        16,
        158,
        237
      ]
    ]
  },
  "balanced_test_raw": {
    "acc": 0.6098945660989457,
    "balanced_acc": 0.6098945660989457,
    "macro_f1": 0.5869409967773952,
    "recall_good_medium_bad": [
      0.9975669099756691,
      0.34306569343065696,
      0.48905109489051096
    ],
    "precision_good_medium_bad": [
      0.5416116248348745,
      0.5573122529644269,
      0.9013452914798207
    ],
    "f1_good_medium_bad": [
      0.702054794520548,
      0.4246987951807229,
      0.6340694006309149
    ],
    "support_good_medium_bad": [
      411,
      411,
      411
    ],
    "confusion_3x3": [
      [
        410,
        1,
        0
      ],
      [
        248,
        141,
        22
      ],
      [
        99,
        111,
        201
      ]
    ]
  },
  "stratified_balanced_test_calibrated": {
    "acc": 0.7372262773722628,
    "balanced_acc": 0.7372262773722628,
    "macro_f1": 0.7357408196761034,
    "recall_good_medium_bad": [
      0.8929440389294404,
      0.7420924574209246,
      0.5766423357664233
    ],
    "precision_good_medium_bad": [
      0.8013100436681223,
      0.6015779092702169,
      0.8843283582089553
    ],
    "f1_good_medium_bad": [
      0.8446490218642118,
      0.664488017429194,
      0.6980854197349042
    ],
    "support_good_medium_bad": [
      411,
      411,
      411
    ],
    "confusion_3x3": [
      [
        367,
        44,
        0
      ],
      [
        75,
        305,
        31
      ],
      [
        16,
        158,
        237
      ]
    ]
  },
  "stratified_balanced_test_raw": {
    "acc": 0.6098945660989457,
    "balanced_acc": 0.6098945660989457,
    "macro_f1": 0.587751263496445,
    "recall_good_medium_bad": [
      0.9951338199513382,
      0.34549878345498786,
      0.48905109489051096
    ],
    "precision_good_medium_bad": [
      0.5395778364116095,
      0.5568627450980392,
      0.9136363636363637
    ],
    "f1_good_medium_bad": [
      0.699743370402053,
      0.4264264264264264,
      0.6370839936608558
    ],
    "support_good_medium_bad": [
      411,
      411,
      411
    ],
    "confusion_3x3": [
      [
        409,
        2,
        0
      ],
      [
        250,
        142,
        19
      ],
      [
        99,
        111,
        201
      ]
    ]
  },
  "runtime": {
    "elapsed_sec": 17.36326950000057,
    "peak_cuda_memory_bytes": 517443072
  }
}