{
  "variant_id": "em_ma_no_bw_snr02_uniform",
  "family": "real_noise_snr",
  "spec": {
    "id": "em_ma_no_bw_snr02_uniform",
    "family": "real_noise_snr",
    "mix": {
      "name": "em_ma_no_bw",
      "mode": "weighted",
      "weights": {
        "em": 0.45,
        "ma": 0.55
      }
    },
    "snr": {
      "good": [
        14,
        18
      ],
      "medium": [
        6,
        12
      ],
      "bad": [
        -4,
        2
      ],
      "sampler": "uniform"
    },
    "class_weight": "1.00,1.40,1.70",
    "note": "Only real NSTDB em/ma/bw noise mixed at class-specific SNR."
  },
  "variant_dir": "E:\\GPTProject2\\ecg\\outputs\\external_benchmarks\\e311_real_noise_snr_but_match_grid_10s_2026_06_04\\scan_variants\\em_ma_no_bw_snr02_uniform",
  "morph_overall_distance": 0.4455376344086021,
  "morph_medium_distance": 0.3049999999999999,
  "morph_by_class": {
    "good": 0.44655913978494627,
    "medium": 0.3049999999999999,
    "bad": 0.5850537634408602
  },
  "sqi_overall_distance": 0.4305555555555555,
  "sqi_by_class": {
    "good": 0.37500000000000006,
    "medium": 0.24999999999999997,
    "bad": 0.6666666666666666
  },
  "domain_separability_bal_acc": 0.9646825396825397,
  "overall_but_like_score": 0.4600704045058883,
  "audit": {
    "spec": {
      "id": "em_ma_no_bw_snr02_uniform",
      "family": "real_noise_snr",
      "mix": {
        "name": "em_ma_no_bw",
        "mode": "weighted",
        "weights": {
          "em": 0.45,
          "ma": 0.55
        }
      },
      "snr": {
        "good": [
          14,
          18
        ],
        "medium": [
          6,
          12
        ],
        "bad": [
          -4,
          2
        ],
        "sampler": "uniform"
      },
      "class_weight": "1.00,1.40,1.70",
      "note": "Only real NSTDB em/ma/bw noise mixed at class-specific SNR."
    },
    "rows": 180,
    "sample_per_class": 60,
    "split_counts": {
      "test": 32,
      "train": 119,
      "val": 29
    },
    "class_counts": {
      "bad": 60,
      "good": 60,
      "medium": 60
    },
    "snr_by_class": {
      "good": {
        "mean": 16.16568374633789,
        "min": 14.134342193603516,
        "max": 17.96809196472168
      },
      "medium": {
        "mean": 9.3671875,
        "min": 6.0164313316345215,
        "max": 11.970579147338867
      },
      "bad": {
        "mean": -1.1250855922698975,
        "min": -3.9981956481933594,
        "max": 1.932172179222107
      }
    }
  }
}