{
  "variant_id": "pair_em_ma_snr04_uniform",
  "family": "real_noise_snr",
  "spec": {
    "id": "pair_em_ma_snr04_uniform",
    "family": "real_noise_snr",
    "mix": {
      "name": "pair_em_ma",
      "mode": "weighted",
      "weights": {
        "em": 0.5,
        "ma": 0.5
      }
    },
    "snr": {
      "good": [
        10,
        14
      ],
      "medium": [
        2,
        8
      ],
      "bad": [
        0,
        6
      ],
      "sampler": "uniform"
    },
    "class_weight": "1.00,1.40,1.70",
    "note": "Only real NSTDB em/ma/bw noise mixed at class-specific SNR."
  },
  "variant_dir": "E:\\GPTProject2\\ecg\\outputs\\external_benchmarks\\e311_real_noise_snr_but_match_grid_10s_2026_06_04\\scan_variants\\pair_em_ma_snr04_uniform",
  "morph_overall_distance": 0.46379032258064506,
  "morph_medium_distance": 0.3277150537634408,
  "morph_by_class": {
    "good": 0.47206989247311826,
    "medium": 0.3277150537634408,
    "bad": 0.5915860215053762
  },
  "sqi_overall_distance": 0.4503968253968254,
  "sqi_by_class": {
    "good": 0.380952380952381,
    "medium": 0.27976190476190477,
    "bad": 0.6904761904761905
  },
  "domain_separability_bal_acc": 0.9488095238095238,
  "overall_but_like_score": 0.4762644009216589,
  "audit": {
    "spec": {
      "id": "pair_em_ma_snr04_uniform",
      "family": "real_noise_snr",
      "mix": {
        "name": "pair_em_ma",
        "mode": "weighted",
        "weights": {
          "em": 0.5,
          "ma": 0.5
        }
      },
      "snr": {
        "good": [
          10,
          14
        ],
        "medium": [
          2,
          8
        ],
        "bad": [
          0,
          6
        ],
        "sampler": "uniform"
      },
      "class_weight": "1.00,1.40,1.70",
      "note": "Only real NSTDB em/ma/bw noise mixed at class-specific SNR."
    },
    "rows": 180,
    "sample_per_class": 60,
    "split_counts": {
      "test": 32,
      "train": 119,
      "val": 29
    },
    "class_counts": {
      "bad": 60,
      "good": 60,
      "medium": 60
    },
    "snr_by_class": {
      "good": {
        "mean": 12.165684700012207,
        "min": 10.134342193603516,
        "max": 13.968092918395996
      },
      "medium": {
        "mean": 5.367187023162842,
        "min": 2.0164308547973633,
        "max": 7.970579624176025
      },
      "bad": {
        "mean": 2.8749146461486816,
        "min": 0.0018045965116471052,
        "max": 5.932171821594238
      }
    }
  }
}