{
  "dataset": "butqdb",
  "task": "multiclass",
  "runs": [
    {
      "feature_set": "full_tokens",
      "model": "logreg",
      "report": {
        "acc": 0.8044119381856789,
        "balanced_acc": 0.6851579695223426,
        "macro_f1": 0.714127731622832,
        "recall_good_medium_bad": [
          0.9848901098901099,
          0.6958879349299594,
          0.3746958637469586
        ],
        "precision_good_medium_bad": [
          0.7193017656500803,
          0.9319213313161876,
          0.8191489361702128
        ],
        "f1_good_medium_bad": [
          0.8314007421150278,
          0.7967921355581425,
          0.5141903171953256
        ],
        "support_good_medium_bad": [
          3640,
          4426,
          411
        ],
        "confusion_3x3": [
          [
            3585,
            55,
            0
          ],
          [
            1312,
            3080,
            34
          ],
          [
            87,
            170,
            154
          ]
        ]
      }
    },
    {
      "feature_set": "full_tokens",
      "model": "linear_svm",
      "report": {
        "acc": 0.7766898666981243,
        "balanced_acc": 0.6705975413390292,
        "macro_f1": 0.6954519265626248,
        "recall_good_medium_bad": [
          0.9881868131868132,
          0.6391775869859919,
          0.3844282238442822
        ],
        "precision_good_medium_bad": [
          0.6846212409592691,
          0.935515873015873,
          0.7939698492462312
        ],
        "f1_good_medium_bad": [
          0.8088599055543063,
          0.7594630872483221,
          0.5180327868852459
        ],
        "support_good_medium_bad": [
          3640,
          4426,
          411
        ],
        "confusion_3x3": [
          [
            3597,
            42,
            1
          ],
          [
            1557,
            2829,
            40
          ],
          [
            100,
            153,
            158
          ]
        ]
      }
    },
    {
      "feature_set": "full_tokens",
      "model": "small_mlp",
      "report": {
        "acc": 0.7952105697770437,
        "balanced_acc": 0.6630893500801246,
        "macro_f1": 0.6949451822787674,
        "recall_good_medium_bad": [
          0.9598901098901099,
          0.7033438770899232,
          0.3260340632603406
        ],
        "precision_good_medium_bad": [
          0.7235452474632429,
          0.8912109934154022,
          0.864516129032258
        ],
        "f1_good_medium_bad": [
          0.8251269335222576,
          0.7862103800984973,
          0.4734982332155477
        ],
        "support_good_medium_bad": [
          3640,
          4426,
          411
        ],
        "confusion_3x3": [
          [
            3494,
            146,
            0
          ],
          [
            1292,
            3113,
            21
          ],
          [
            43,
            234,
            134
          ]
        ]
      }
    },
    {
      "feature_set": "bottleneck_only",
      "model": "logreg",
      "report": {
        "acc": 0.7972159962250797,
        "balanced_acc": 0.6803232182306068,
        "macro_f1": 0.6797221128954264,
        "recall_good_medium_bad": [
          0.9186813186813186,
          0.7354270221418888,
          0.38686131386861317
        ],
        "precision_good_medium_bad": [
          0.7641681901279708,
          0.8726541554959786,
          0.42857142857142855
        ],
        "f1_good_medium_bad": [
          0.8343313373253493,
          0.7981853849926435,
          0.40664961636828645
        ],
        "support_good_medium_bad": [
          3640,
          4426,
          411
        ],
        "confusion_3x3": [
          [
            3344,
            265,
            31
          ],
          [
            990,
            3255,
            181
          ],
          [
            42,
            210,
            159
          ]
        ]
      }
    },
    {
      "feature_set": "bottleneck_only",
      "model": "linear_svm",
      "report": {
        "acc": 0.7888403916479887,
        "balanced_acc": 0.6699886306063804,
        "macro_f1": 0.6759716858118937,
        "recall_good_medium_bad": [
          0.9214285714285714,
          0.7187076366922729,
          0.36982968369829683
        ],
        "precision_good_medium_bad": [
          0.7423638778220452,
          0.8736610821202966,
          0.4779874213836478
        ],
        "f1_good_medium_bad": [
          0.8222603579308654,
          0.7886450973100285,
          0.4170096021947874
        ],
        "support_good_medium_bad": [
          3640,
          4426,
          411
        ],
        "confusion_3x3": [
          [
            3354,
            237,
            49
          ],
          [
            1128,
            3181,
            117
          ],
          [
            36,
            223,
            152
          ]
        ]
      }
    },
    {
      "feature_set": "bottleneck_only",
      "model": "small_mlp",
      "report": {
        "acc": 0.7658369706264009,
        "balanced_acc": 0.6648260292043214,
        "macro_f1": 0.6647374193871661,
        "recall_good_medium_bad": [
          0.8958791208791209,
          0.6922729326705829,
          0.40632603406326034
        ],
        "precision_good_medium_bad": [
          0.7314939434724091,
          0.8385331143951834,
          0.4575342465753425
        ],
        "f1_good_medium_bad": [
          0.8053840454433193,
          0.7584158415841584,
          0.43041237113402064
        ],
        "support_good_medium_bad": [
          3640,
          4426,
          411
        ],
        "confusion_3x3": [
          [
            3261,
            371,
            8
          ],
          [
            1172,
            3064,
            190
          ],
          [
            25,
            219,
            167
          ]
        ]
      }
    },
    {
      "feature_set": "summary_only",
      "model": "logreg",
      "report": {
        "acc": 0.6586056387873068,
        "balanced_acc": 0.509299867410369,
        "macro_f1": 0.5382770174114769,
        "recall_good_medium_bad": [
          0.5560439560439561,
          0.7869408043380027,
          0.18491484184914841
        ],
        "precision_good_medium_bad": [
          0.6875,
          0.6420276497695853,
          0.7037037037037037
        ],
        "f1_good_medium_bad": [
          0.6148238153098421,
          0.7071363313369201,
          0.2928709055876686
        ],
        "support_good_medium_bad": [
          3640,
          4426,
          411
        ],
        "confusion_3x3": [
          [
            2024,
            1615,
            1
          ],
          [
            912,
            3483,
            31
          ],
          [
            8,
            327,
            76
          ]
        ]
      }
    },
    {
      "feature_set": "summary_only",
      "model": "linear_svm",
      "report": {
        "acc": 0.6337147575793323,
        "balanced_acc": 0.4817759975857779,
        "macro_f1": 0.5044082928441939,
        "recall_good_medium_bad": [
          0.5832417582417583,
          0.7209670131043832,
          0.1411192214111922
        ],
        "precision_good_medium_bad": [
          0.6363908872901679,
          0.6318811881188119,
          0.6373626373626373
        ],
        "f1_good_medium_bad": [
          0.6086582568807339,
          0.6734909244406923,
          0.23107569721115537
        ],
        "support_good_medium_bad": [
          3640,
          4426,
          411
        ],
        "confusion_3x3": [
          [
            2123,
            1516,
            1
          ],
          [
            1203,
            3191,
            32
          ],
          [
            10,
            343,
            58
          ]
        ]
      }
    },
    {
      "feature_set": "summary_only",
      "model": "small_mlp",