{
  "variant_id": "single_ma_snr01_uniform",
  "family": "real_noise_snr",
  "spec": {
    "id": "single_ma_snr01_uniform",
    "family": "real_noise_snr",
    "mix": {
      "name": "single_ma",
      "mode": "weighted",
      "weights": {
        "ma": 1.0
      }
    },
    "snr": {
      "good": [
        16,
        20
      ],
      "medium": [
        8,
        14
      ],
      "bad": [
        -6,
        0
      ],
      "sampler": "uniform"
    },
    "class_weight": "1.00,1.40,1.70",
    "note": "Only real NSTDB em/ma/bw noise mixed at class-specific SNR."
  },
  "variant_dir": "E:\\GPTProject2\\ecg\\outputs\\external_benchmarks\\e311_real_noise_snr_but_match_grid_10s_2026_06_04\\scan_variants\\single_ma_snr01_uniform",
  "morph_overall_distance": 0.43503584229390674,
  "morph_medium_distance": 0.2933333333333332,
  "morph_by_class": {
    "good": 0.43900537634408604,
    "medium": 0.2933333333333332,
    "bad": 0.5727688172043011
  },
  "sqi_overall_distance": 0.4384920634920635,
  "sqi_by_class": {
    "good": 0.3869047619047619,
    "medium": 0.29166666666666663,
    "bad": 0.6369047619047619
  },
  "domain_separability_bal_acc": 0.9702380952380952,
  "overall_but_like_score": 0.4536488735279057,
  "audit": {
    "spec": {
      "id": "single_ma_snr01_uniform",
      "family": "real_noise_snr",
      "mix": {
        "name": "single_ma",
        "mode": "weighted",
        "weights": {
          "ma": 1.0
        }
      },
      "snr": {
        "good": [
          16,
          20
        ],
        "medium": [
          8,
          14
        ],
        "bad": [
          -6,
          0
        ],
        "sampler": "uniform"
      },
      "class_weight": "1.00,1.40,1.70",
      "note": "Only real NSTDB em/ma/bw noise mixed at class-specific SNR."
    },
    "rows": 180,
    "sample_per_class": 60,
    "split_counts": {
      "test": 32,
      "train": 119,
      "val": 29
    },
    "class_counts": {
      "bad": 60,
      "good": 60,
      "medium": 60
    },
    "snr_by_class": {
      "good": {
        "mean": 18.030317306518555,
        "min": 16.001203536987305,
        "max": 19.95478057861328
      },
      "medium": {
        "mean": 11.241161346435547,
        "min": 8.088237762451172,
        "max": 13.970579147338867
      },
      "bad": {
        "mean": -2.7560720443725586,
        "min": -5.9835686683654785,
        "max": -0.016740277409553528
      }
    }
  }
}