{
  "variant_id": "single_bw_snr03_uniform",
  "family": "real_noise_snr",
  "spec": {
    "id": "single_bw_snr03_uniform",
    "family": "real_noise_snr",
    "mix": {
      "name": "single_bw",
      "mode": "weighted",
      "weights": {
        "bw": 1.0
      }
    },
    "snr": {
      "good": [
        12,
        16
      ],
      "medium": [
        4,
        10
      ],
      "bad": [
        -2,
        4
      ],
      "sampler": "uniform"
    },
    "class_weight": "1.00,1.40,1.70",
    "note": "Only real NSTDB em/ma/bw noise mixed at class-specific SNR."
  },
  "variant_dir": "E:\\GPTProject2\\ecg\\outputs\\external_benchmarks\\e311_real_noise_snr_but_match_grid_10s_2026_06_04\\scan_variants\\single_bw_snr03_uniform",
  "morph_overall_distance": 0.4401433691756272,
  "morph_medium_distance": 0.2737903225806451,
  "morph_by_class": {
    "good": 0.4164247311827957,
    "medium": 0.2737903225806451,
    "bad": 0.6302150537634409
  },
  "sqi_overall_distance": 0.4384920634920635,
  "sqi_by_class": {
    "good": 0.36904761904761907,
    "medium": 0.24999999999999997,
    "bad": 0.6964285714285714
  },
  "domain_separability_bal_acc": 0.9111111111111111,
  "overall_but_like_score": 0.44540418586789554,
  "audit": {
    "spec": {
      "id": "single_bw_snr03_uniform",
      "family": "real_noise_snr",
      "mix": {
        "name": "single_bw",
        "mode": "weighted",
        "weights": {
          "bw": 1.0
        }
      },
      "snr": {
        "good": [
          12,
          16
        ],
        "medium": [
          4,
          10
        ],
        "bad": [
          -2,
          4
        ],
        "sampler": "uniform"
      },
      "class_weight": "1.00,1.40,1.70",
      "note": "Only real NSTDB em/ma/bw noise mixed at class-specific SNR."
    },
    "rows": 180,
    "sample_per_class": 60,
    "split_counts": {
      "test": 32,
      "train": 119,
      "val": 29
    },
    "class_counts": {
      "bad": 60,
      "good": 60,
      "medium": 60
    },
    "snr_by_class": {
      "good": {
        "mean": 14.030318260192871,
        "min": 12.001202583312988,
        "max": 15.954781532287598
      },
      "medium": {
        "mean": 7.241161823272705,
        "min": 4.088237762451172,
        "max": 9.970579147338867
      },
      "bad": {
        "mean": 1.2439278364181519,
        "min": -1.983568549156189,
        "max": 3.983259916305542
      }
    }
  }
}