{
  "variant_id": "pair_em_bw_snr05_triangular",
  "family": "real_noise_snr",
  "spec": {
    "id": "pair_em_bw_snr05_triangular",
    "family": "real_noise_snr",
    "mix": {
      "name": "pair_em_bw",
      "mode": "weighted",
      "weights": {
        "em": 0.5,
        "bw": 0.5
      }
    },
    "snr": {
      "good": [
        14,
        18
      ],
      "medium": [
        8,
        14
      ],
      "bad": [
        -4,
        2
      ],
      "sampler": "triangular"
    },
    "class_weight": "1.00,1.40,1.70",
    "note": "Only real NSTDB em/ma/bw noise mixed at class-specific SNR."
  },
  "variant_dir": "E:\\GPTProject2\\ecg\\outputs\\external_benchmarks\\e311_real_noise_snr_but_match_grid_10s_2026_06_04\\scan_variants\\pair_em_bw_snr05_triangular",
  "morph_overall_distance": 0.44726702508960575,
  "morph_medium_distance": 0.27967741935483864,
  "morph_by_class": {
    "good": 0.40309139784946235,
    "medium": 0.27967741935483864,
    "bad": 0.6590322580645162
  },
  "sqi_overall_distance": 0.4484126984126984,
  "sqi_by_class": {
    "good": 0.35714285714285715,
    "medium": 0.2857142857142857,
    "bad": 0.7023809523809523
  },
  "domain_separability_bal_acc": 0.9476190476190476,
  "overall_but_like_score": 0.45557667690732206,
  "audit": {
    "spec": {
      "id": "pair_em_bw_snr05_triangular",
      "family": "real_noise_snr",
      "mix": {
        "name": "pair_em_bw",
        "mode": "weighted",
        "weights": {
          "em": 0.5,
          "bw": 0.5
        }
      },
      "snr": {
        "good": [
          14,
          18
        ],
        "medium": [
          8,
          14
        ],
        "bad": [
          -4,
          2
        ],
        "sampler": "triangular"
      },
      "class_weight": "1.00,1.40,1.70",
      "note": "Only real NSTDB em/ma/bw noise mixed at class-specific SNR."
    },
    "rows": 180,
    "sample_per_class": 60,
    "split_counts": {
      "test": 32,
      "train": 119,
      "val": 29
    },
    "class_counts": {
      "bad": 60,
      "good": 60,
      "medium": 60
    },
    "snr_by_class": {
      "good": {
        "mean": 16.11878776550293,
        "min": 14.51834774017334,
        "max": 17.747385025024414
      },
      "medium": {
        "mean": 11.260344505310059,
        "min": 8.22201919555664,
        "max": 13.702908515930176
      },
      "bad": {
        "mean": -1.0913816690444946,
        "min": -3.9264309406280518,
        "max": 1.5489082336425781
      }
    }
  }
}