{
  "variant_id": "single_bw_snr02_uniform",
  "family": "real_noise_snr",
  "spec": {
    "id": "single_bw_snr02_uniform",
    "family": "real_noise_snr",
    "mix": {
      "name": "single_bw",
      "mode": "weighted",
      "weights": {
        "bw": 1.0
      }
    },
    "snr": {
      "good": [
        14,
        18
      ],
      "medium": [
        6,
        12
      ],
      "bad": [
        -4,
        2
      ],
      "sampler": "uniform"
    },
    "class_weight": "1.00,1.40,1.70",
    "note": "Only real NSTDB em/ma/bw noise mixed at class-specific SNR."
  },
  "variant_dir": "E:\\GPTProject2\\ecg\\outputs\\external_benchmarks\\e311_real_noise_snr_but_match_grid_10s_2026_06_04\\scan_variants\\single_bw_snr02_uniform",
  "morph_overall_distance": 0.44184587813620074,
  "morph_medium_distance": 0.272741935483871,
  "morph_by_class": {
    "good": 0.4088978494623656,
    "medium": 0.272741935483871,
    "bad": 0.6438978494623656
  },
  "sqi_overall_distance": 0.4345238095238095,
  "sqi_by_class": {
    "good": 0.36309523809523814,
    "medium": 0.2738095238095238,
    "bad": 0.6666666666666666
  },
  "domain_separability_bal_acc": 0.9099206349206349,
  "overall_but_like_score": 0.44527905785970306,
  "audit": {
    "spec": {
      "id": "single_bw_snr02_uniform",
      "family": "real_noise_snr",
      "mix": {
        "name": "single_bw",
        "mode": "weighted",
        "weights": {
          "bw": 1.0
        }
      },
      "snr": {
        "good": [
          14,
          18
        ],
        "medium": [
          6,
          12
        ],
        "bad": [
          -4,
          2
        ],
        "sampler": "uniform"
      },
      "class_weight": "1.00,1.40,1.70",
      "note": "Only real NSTDB em/ma/bw noise mixed at class-specific SNR."
    },
    "rows": 180,
    "sample_per_class": 60,
    "split_counts": {
      "test": 32,
      "train": 119,
      "val": 29
    },
    "class_counts": {
      "bad": 60,
      "good": 60,
      "medium": 60
    },
    "snr_by_class": {
      "good": {
        "mean": 16.030317306518555,
        "min": 14.001202583312988,
        "max": 17.95478057861328
      },
      "medium": {
        "mean": 9.241162300109863,
        "min": 6.088237762451172,
        "max": 11.970579147338867
      },
      "bad": {
        "mean": -0.7560720443725586,
        "min": -3.9835686683654785,
        "max": 1.9832594394683838
      }
    }
  }
}