row,split,region,true,pred_raw,pred_badcal,correct_raw,correct_badcal,prob_good,prob_medium,prob_bad,is_test,is_bad_core,is_bad_outlier
32488,test,near_bad_boundary,bad,medium,bad,False,True,0.0013137268833816051,0.6490089893341064,0.34967726469039917,True,True,False
32530,test,near_bad_boundary,bad,medium,bad,False,True,0.0013302406296133995,0.78402179479599,0.21464799344539642,True,True,False
32540,test,near_bad_boundary,bad,medium,bad,False,True,0.001715511898510158,0.7140499949455261,0.28423449397087097,True,True,False
32564,test,near_bad_boundary,bad,medium,bad,False,True,0.0015134121058508754,0.6911770105361938,0.3073095977306366,True,True,False
32565,test,near_bad_boundary,bad,medium,bad,False,True,0.0009176090243272483,0.5108764171600342,0.4882059693336487,True,True,False
32570,test,near_bad_boundary,bad,medium,bad,False,True,0.0011804820969700813,0.5232132077217102,0.47560635209083557,True,True,False
32580,test,near_bad_boundary,bad,medium,bad,False,True,0.0025442165788263083,0.9049226641654968,0.09253306686878204,True,True,False
32583,test,near_bad_boundary,bad,medium,bad,False,True,0.0015404155710712075,0.7928091287612915,0.2056504487991333,True,True,False
32588,test,near_bad_boundary,bad,medium,bad,False,True,0.002495810389518738,0.6826704144477844,0.3148338198661804,True,True,False
