{
  "b10_anchor_family": {
    "n": 12,
    "best_balanced": 0.7496840577133371,
    "best_macro": 0.6963754892787088,
    "best_minmb": 0.6179394487121554
  },
  "medium_qrs_visible_family": {
    "n": 14,
    "best_balanced": 0.8057039804343394,
    "best_macro": 0.7655740122053466,
    "best_minmb": 0.6337550835969272
  },
  "bad_qrs_unreliable_family": {
    "n": 14,
    "best_balanced": 0.8149433552628343,
    "best_macro": 0.7317781799175194,
    "best_minmb": 0.6009941256213285
  },
  "good_not_pristine_family": {
    "n": 2,
    "best_balanced": 0.7953381236349991,
    "best_macro": 0.6931168089491151,
    "best_minmb": 0.6911432444645278
  }
}