{
  "variant_id": "bw_heavy_snr04_uniform",
  "family": "real_noise_snr",
  "spec": {
    "id": "bw_heavy_snr04_uniform",
    "family": "real_noise_snr",
    "mix": {
      "name": "bw_heavy",
      "mode": "weighted",
      "weights": {
        "em": 0.15,
        "ma": 0.15,
        "bw": 0.7
      }
    },
    "snr": {
      "good": [
        10,
        14
      ],
      "medium": [
        2,
        8
      ],
      "bad": [
        0,
        6
      ],
      "sampler": "uniform"
    },
    "class_weight": "1.00,1.40,1.70",
    "note": "Only real NSTDB em/ma/bw noise mixed at class-specific SNR."
  },
  "variant_dir": "E:\\GPTProject2\\ecg\\outputs\\external_benchmarks\\e311_real_noise_snr_but_match_grid_10s_2026_06_04\\scan_variants\\bw_heavy_snr04_uniform",
  "morph_overall_distance": 0.4464516129032257,
  "morph_medium_distance": 0.2889516129032258,
  "morph_by_class": {
    "good": 0.4384677419354838,
    "medium": 0.2889516129032258,
    "bad": 0.6119354838709676
  },
  "sqi_overall_distance": 0.4503968253968254,
  "sqi_by_class": {
    "good": 0.3928571428571429,
    "medium": 0.26785714285714285,
    "bad": 0.6904761904761905
  },
  "domain_separability_bal_acc": 0.9214285714285715,
  "overall_but_like_score": 0.45516609062980024,
  "audit": {
    "spec": {
      "id": "bw_heavy_snr04_uniform",
      "family": "real_noise_snr",
      "mix": {
        "name": "bw_heavy",
        "mode": "weighted",
        "weights": {
          "em": 0.15,
          "ma": 0.15,
          "bw": 0.7
        }
      },
      "snr": {
        "good": [
          10,
          14
        ],
        "medium": [
          2,
          8
        ],
        "bad": [
          0,
          6
        ],
        "sampler": "uniform"
      },
      "class_weight": "1.00,1.40,1.70",
      "note": "Only real NSTDB em/ma/bw noise mixed at class-specific SNR."
    },
    "rows": 180,
    "sample_per_class": 60,
    "split_counts": {
      "test": 32,
      "train": 119,
      "val": 29
    },
    "class_counts": {
      "bad": 60,
      "good": 60,
      "medium": 60
    },
    "snr_by_class": {
      "good": {
        "mean": 12.244284629821777,
        "min": 10.160872459411621,
        "max": 13.980385780334473
      },
      "medium": {
        "mean": 5.395406723022461,
        "min": 2.088238000869751,
        "max": 7.891656398773193
      },
      "bad": {
        "mean": 3.3484606742858887,
        "min": 0.0018044732278212905,
        "max": 5.932171821594238
      }
    }
  }
}