{
  "variant_id": "bw_heavy_snr03_uniform",
  "family": "real_noise_snr",
  "spec": {
    "id": "bw_heavy_snr03_uniform",
    "family": "real_noise_snr",
    "mix": {
      "name": "bw_heavy",
      "mode": "weighted",
      "weights": {
        "em": 0.15,
        "ma": 0.15,
        "bw": 0.7
      }
    },
    "snr": {
      "good": [
        12,
        16
      ],
      "medium": [
        4,
        10
      ],
      "bad": [
        -2,
        4
      ],
      "sampler": "uniform"
    },
    "class_weight": "1.00,1.40,1.70",
    "note": "Only real NSTDB em/ma/bw noise mixed at class-specific SNR."
  },
  "variant_dir": "E:\\GPTProject2\\ecg\\outputs\\external_benchmarks\\e311_real_noise_snr_but_match_grid_10s_2026_06_04\\scan_variants\\bw_heavy_snr03_uniform",
  "morph_overall_distance": 0.44409498207885295,
  "morph_medium_distance": 0.29322580645161295,
  "morph_by_class": {
    "good": 0.4243010752688172,
    "medium": 0.29322580645161295,
    "bad": 0.6147580645161289
  },
  "sqi_overall_distance": 0.4424603174603175,
  "sqi_by_class": {
    "good": 0.39285714285714285,
    "medium": 0.26785714285714285,
    "bad": 0.6666666666666667
  },
  "domain_separability_bal_acc": 0.9555555555555555,
  "overall_but_like_score": 0.4572785458269329,
  "audit": {
    "spec": {
      "id": "bw_heavy_snr03_uniform",
      "family": "real_noise_snr",
      "mix": {
        "name": "bw_heavy",
        "mode": "weighted",
        "weights": {
          "em": 0.15,
          "ma": 0.15,
          "bw": 0.7
        }
      },
      "snr": {
        "good": [
          12,
          16
        ],
        "medium": [
          4,
          10
        ],
        "bad": [
          -2,
          4
        ],
        "sampler": "uniform"
      },
      "class_weight": "1.00,1.40,1.70",
      "note": "Only real NSTDB em/ma/bw noise mixed at class-specific SNR."
    },
    "rows": 180,
    "sample_per_class": 60,
    "split_counts": {
      "test": 32,
      "train": 119,
      "val": 29
    },
    "class_counts": {
      "bad": 60,
      "good": 60,
      "medium": 60
    },
    "snr_by_class": {
      "good": {
        "mean": 14.244284629821777,
        "min": 12.160873413085938,
        "max": 15.980385780334473
      },
      "medium": {
        "mean": 7.395406723022461,
        "min": 4.08823823928833,
        "max": 9.891655921936035
      },
      "bad": {
        "mean": 1.3484607934951782,
        "min": -1.9981958866119385,
        "max": 3.9321718215942383
      }
    }
  }
}