{
  "variant_id": "pair_em_ma_snr01_uniform",
  "family": "real_noise_snr",
  "spec": {
    "id": "pair_em_ma_snr01_uniform",
    "family": "real_noise_snr",
    "mix": {
      "name": "pair_em_ma",
      "mode": "weighted",
      "weights": {
        "em": 0.5,
        "ma": 0.5
      }
    },
    "snr": {
      "good": [
        16,
        20
      ],
      "medium": [
        8,
        14
      ],
      "bad": [
        -6,
        0
      ],
      "sampler": "uniform"
    },
    "class_weight": "1.00,1.40,1.70",
    "note": "Only real NSTDB em/ma/bw noise mixed at class-specific SNR."
  },
  "variant_dir": "E:\\GPTProject2\\ecg\\outputs\\external_benchmarks\\e311_real_noise_snr_but_match_grid_10s_2026_06_04\\scan_variants\\pair_em_ma_snr01_uniform",
  "morph_overall_distance": 0.43672043010752687,
  "morph_medium_distance": 0.29190860215053754,
  "morph_by_class": {
    "good": 0.42913978494623656,
    "medium": 0.29190860215053754,
    "bad": 0.5891129032258065
  },
  "sqi_overall_distance": 0.4246031746031746,
  "sqi_by_class": {
    "good": 0.38095238095238093,
    "medium": 0.2619047619047619,
    "bad": 0.630952380952381
  },
  "domain_separability_bal_acc": 0.9726190476190476,
  "overall_but_like_score": 0.4522897465437788,
  "audit": {
    "spec": {
      "id": "pair_em_ma_snr01_uniform",
      "family": "real_noise_snr",
      "mix": {
        "name": "pair_em_ma",
        "mode": "weighted",
        "weights": {
          "em": 0.5,
          "ma": 0.5
        }
      },
      "snr": {
        "good": [
          16,
          20
        ],
        "medium": [
          8,
          14
        ],
        "bad": [
          -6,
          0
        ],
        "sampler": "uniform"
      },
      "class_weight": "1.00,1.40,1.70",
      "note": "Only real NSTDB em/ma/bw noise mixed at class-specific SNR."
    },
    "rows": 180,
    "sample_per_class": 60,
    "split_counts": {
      "test": 32,
      "train": 119,
      "val": 29
    },
    "class_counts": {
      "bad": 60,
      "good": 60,
      "medium": 60
    },
    "snr_by_class": {
      "good": {
        "mean": 18.165687561035156,
        "min": 16.134342193603516,
        "max": 19.96809196472168
      },
      "medium": {
        "mean": 11.3671875,
        "min": 8.016430854797363,
        "max": 13.970579147338867
      },
      "bad": {
        "mean": -3.1250853538513184,
        "min": -5.998195171356201,
        "max": -0.06782808154821396
      }
    }
  }
}