{
  "variant_id": "single_ma_snr04_uniform",
  "family": "real_noise_snr",
  "spec": {
    "id": "single_ma_snr04_uniform",
    "family": "real_noise_snr",
    "mix": {
      "name": "single_ma",
      "mode": "weighted",
      "weights": {
        "ma": 1.0
      }
    },
    "snr": {
      "good": [
        10,
        14
      ],
      "medium": [
        2,
        8
      ],
      "bad": [
        0,
        6
      ],
      "sampler": "uniform"
    },
    "class_weight": "1.00,1.40,1.70",
    "note": "Only real NSTDB em/ma/bw noise mixed at class-specific SNR."
  },
  "variant_dir": "E:\\GPTProject2\\ecg\\outputs\\external_benchmarks\\e311_real_noise_snr_but_match_grid_10s_2026_06_04\\scan_variants\\single_ma_snr04_uniform",
  "morph_overall_distance": 0.45831541218637994,
  "morph_medium_distance": 0.3231989247311828,
  "morph_by_class": {
    "good": 0.47983870967741943,
    "medium": 0.3231989247311828,
    "bad": 0.5719086021505375
  },
  "sqi_overall_distance": 0.44841269841269843,
  "sqi_by_class": {
    "good": 0.39880952380952384,
    "medium": 0.27976190476190477,
    "bad": 0.6666666666666666
  },
  "domain_separability_bal_acc": 0.9305555555555556,
  "overall_but_like_score": 0.470274897593446,
  "audit": {
    "spec": {
      "id": "single_ma_snr04_uniform",
      "family": "real_noise_snr",
      "mix": {
        "name": "single_ma",
        "mode": "weighted",
        "weights": {
          "ma": 1.0
        }
      },
      "snr": {
        "good": [
          10,
          14
        ],
        "medium": [
          2,
          8
        ],
        "bad": [
          0,
          6
        ],
        "sampler": "uniform"
      },
      "class_weight": "1.00,1.40,1.70",
      "note": "Only real NSTDB em/ma/bw noise mixed at class-specific SNR."
    },
    "rows": 180,
    "sample_per_class": 60,
    "split_counts": {
      "test": 32,
      "train": 119,
      "val": 29
    },
    "class_counts": {
      "bad": 60,
      "good": 60,
      "medium": 60
    },
    "snr_by_class": {
      "good": {
        "mean": 12.030318260192871,
        "min": 10.001202583312988,
        "max": 13.954781532287598
      },
      "medium": {
        "mean": 5.241161823272705,
        "min": 2.0882375240325928,
        "max": 7.970579147338867
      },
      "bad": {
        "mean": 3.2439281940460205,
        "min": 0.0164315328001976,
        "max": 5.983259677886963
      }
    }
  }
}