{
  "variant_id": "ma_heavy_snr03_uniform",
  "family": "real_noise_snr",
  "spec": {
    "id": "ma_heavy_snr03_uniform",
    "family": "real_noise_snr",
    "mix": {
      "name": "ma_heavy",
      "mode": "weighted",
      "weights": {
        "em": 0.15,
        "ma": 0.7,
        "bw": 0.15
      }
    },
    "snr": {
      "good": [
        12,
        16
      ],
      "medium": [
        4,
        10
      ],
      "bad": [
        -2,
        4
      ],
      "sampler": "uniform"
    },
    "class_weight": "1.00,1.40,1.70",
    "note": "Only real NSTDB em/ma/bw noise mixed at class-specific SNR."
  },
  "variant_dir": "E:\\GPTProject2\\ecg\\outputs\\external_benchmarks\\e311_real_noise_snr_but_match_grid_10s_2026_06_04\\scan_variants\\ma_heavy_snr03_uniform",
  "morph_overall_distance": 0.4445250896057347,
  "morph_medium_distance": 0.3033602150537634,
  "morph_by_class": {
    "good": 0.46196236559139786,
    "medium": 0.3033602150537634,
    "bad": 0.5682526881720429
  },
  "sqi_overall_distance": 0.43253968253968256,
  "sqi_by_class": {
    "good": 0.3928571428571429,
    "medium": 0.24404761904761904,
    "bad": 0.6607142857142857
  },
  "domain_separability_bal_acc": 0.9543650793650793,
  "overall_but_like_score": 0.4584200588837685,
  "audit": {
    "spec": {
      "id": "ma_heavy_snr03_uniform",
      "family": "real_noise_snr",
      "mix": {
        "name": "ma_heavy",
        "mode": "weighted",
        "weights": {
          "em": 0.15,
          "ma": 0.7,
          "bw": 0.15
        }
      },
      "snr": {
        "good": [
          12,
          16
        ],
        "medium": [
          4,
          10
        ],
        "bad": [
          -2,
          4
        ],
        "sampler": "uniform"
      },
      "class_weight": "1.00,1.40,1.70",
      "note": "Only real NSTDB em/ma/bw noise mixed at class-specific SNR."
    },
    "rows": 180,
    "sample_per_class": 60,
    "split_counts": {
      "test": 32,
      "train": 119,
      "val": 29
    },
    "class_counts": {
      "bad": 60,
      "good": 60,
      "medium": 60
    },
    "snr_by_class": {
      "good": {
        "mean": 14.244284629821777,
        "min": 12.160872459411621,
        "max": 15.980385780334473
      },
      "medium": {
        "mean": 7.395406723022461,
        "min": 4.088237762451172,
        "max": 9.891655921936035
      },
      "bad": {
        "mean": 1.3484606742858887,
        "min": -1.9981958866119385,
        "max": 3.932171583175659
      }
    }
  }
}