{
  "best_calibrated_balanced": {
    "variant_id": "blockwise_switch_snr02_uniform__bad_atten_only_mild",
    "mode": "full",
    "returncode": 0,
    "run_dir": "E:\\GPTProject2\\ecg\\outputs\\external_benchmarks\\e311_real_noise_qrs_guided_10h_2026_06_04\\runs\\full\\blockwise_switch_snr02_uniform__bad_atten_only_mild",
    "ptb_acc": 0.8646684831970936,
    "ptb_bad_recall": 0.9809264305177112,
    "denoise_score": 2.3748056293719757,
    "base_variant": "blockwise_switch_snr02_uniform",
    "qrs_profile": "bad_atten_only_mild",
    "mix_family": "blockwise",
    "orig_acc": 0.6311194998230506,
    "orig_balanced_acc": 0.7229546726358037,
    "orig_macro_f1": 0.54872749775468,
    "orig_good_recall": 0.8947802197802198,
    "orig_medium_recall": 0.39087211929507454,
    "orig_bad_recall": 0.8832116788321168,
    "orig_good_precision": 0.6943082498401194,
    "orig_medium_precision": 0.8991683991683992,
    "orig_bad_precision": 0.19495166487647692,
    "bal_cal_acc": 0.7072181670721817,
    "bal_cal_balanced_acc": 0.7072181670721817,
    "bal_cal_macro_f1": 0.6819824168351518,
    "bal_cal_good_recall": 0.878345498783455,
    "bal_cal_medium_recall": 0.36009732360097324,
    "bal_cal_bad_recall": 0.8832116788321168,
    "bal_cal_good_precision": 0.7092337917485265,
    "bal_cal_medium_precision": 0.7219512195121951,
    "bal_cal_bad_precision": 0.6994219653179191,
    "bal_raw_acc": 0.7145174371451744,
    "bal_raw_balanced_acc": 0.7145174371451745,
    "bal_raw_macro_f1": 0.6996746490668267,
    "bal_raw_good_recall": 0.8637469586374696,
    "bal_raw_medium_recall": 0.43552311435523117,
    "bal_raw_bad_recall": 0.8442822384428224,
    "bal_raw_good_precision": 0.7171717171717171,
    "bal_raw_medium_precision": 0.6605166051660517,
    "bal_raw_bad_precision": 0.7430406852248393,
    "balanced_macro_lift_vs_original": 0.13325491908047182,
    "balanced_acc_lift_vs_original": 0.07609866724913106,
    "raw_macro_lift_vs_calibrated": 0.01769223223167493,
    "raw_medium_recall_lift_vs_calibrated": 0.07542579075425793,
    "raw_bad_recall_lift_vs_calibrated": -0.03892944038929447
  },
  "best_raw_balanced": {
    "variant_id": "blockwise_switch_snr02_uniform__bad_atten_only_mild",
    "mode": "full",
    "returncode": 0,
    "run_dir": "E:\\GPTProject2\\ecg\\outputs\\external_benchmarks\\e311_real_noise_qrs_guided_10h_2026_06_04\\runs\\full\\blockwise_switch_snr02_uniform__bad_atten_only_mild",
    "ptb_acc": 0.8646684831970936,
    "ptb_bad_recall": 0.9809264305177112,
    "denoise_score": 2.3748056293719757,
    "base_variant": "blockwise_switch_snr02_uniform",
    "qrs_profile": "bad_atten_only_mild",
    "mix_family": "blockwise",
    "orig_acc": 0.6311194998230506,
    "orig_balanced_acc": 0.7229546726358037,
    "orig_macro_f1": 0.54872749775468,
    "orig_good_recall": 0.8947802197802198,
    "orig_medium_recall": 0.39087211929507454,
    "orig_bad_recall": 0.8832116788321168,
    "orig_good_precision": 0.6943082498401194,
    "orig_medium_precision": 0.8991683991683992,
    "orig_bad_precision": 0.19495166487647692,
    "bal_cal_acc": 0.7072181670721817,
    "bal_cal_balanced_acc": 0.7072181670721817,
    "bal_cal_macro_f1": 0.6819824168351518,
    "bal_cal_good_recall": 0.878345498783455,
    "bal_cal_medium_recall": 0.36009732360097324,
    "bal_cal_bad_recall": 0.8832116788321168,
    "bal_cal_good_precision": 0.7092337917485265,
    "bal_cal_medium_precision": 0.7219512195121951,
    "bal_cal_bad_precision": 0.6994219653179191,
    "bal_raw_acc": 0.7145174371451744,
    "bal_raw_balanced_acc": 0.7145174371451745,
    "bal_raw_macro_f1": 0.6996746490668267,
    "bal_raw_good_recall": 0.8637469586374696,
    "bal_raw_medium_recall": 0.43552311435523117,
    "bal_raw_bad_recall": 0.8442822384428224,
    "bal_raw_good_precision": 0.7171717171717171,
    "bal_raw_medium_precision": 0.6605166051660517,
    "bal_raw_bad_precision": 0.7430406852248393,
    "balanced_macro_lift_vs_original": 0.13325491908047182,
    "balanced_acc_lift_vs_original": 0.07609866724913106,
    "raw_macro_lift_vs_calibrated": 0.01769223223167493,
    "raw_medium_recall_lift_vs_calibrated": 0.07542579075425793,
    "raw_bad_recall_lift_vs_calibrated": -0.03892944038929447
  },
  "mix_family_summary": [
    {
      "mix_family": "blockwise",
      "n": 4,
      "bal_macro_mean": 0.6307059402604123,
      "bal_macro_max": 0.6819824168351518,
      "bal_bad_mean": 0.9209245742092458,
      "bal_medium_mean": 0.2883211678832117,
      "raw_minus_cal_macro": 0.02494751046625754
    },
    {
      "mix_family": "single_bw",
      "n": 20,
      "bal_macro_mean": 0.48470173749610856,
      "bal_macro_max": 0.5713325173194778,
      "bal_bad_mean": 0.41630170316301707,
      "bal_medium_mean": 0.37737226277372266,
      "raw_minus_cal_macro": -0.037993437088239726
    }
  ],
  "mode_summary": [
    {
      "mode": "full",
      "n": 12,
      "bal_macro_mean": 0.5065237386050654,
      "bal_macro_max": 0.6819824168351518,
      "raw_minus_cal_macro": -0.033354071756440694,
      "ptb_acc_mean": 0.9170072661217076
    },
    {
      "mode": "quick",
      "n": 12,
      "bal_macro_mean": 0.511547803975253,
      "bal_macro_max": 0.6058782415407156,
      "raw_minus_cal_macro": -0.021652486568539662,
      "ptb_acc_mean": 0.8981229185588858
    }
  ],
  "best_balanced_payload": {
    "checkpoint": "E:\\GPTProject2\\ecg\\outputs\\external_benchmarks\\e311_real_noise_qrs_guided_10h_2026_06_04\\runs\\full\\blockwise_switch_snr02_uniform__bad_atten_only_mild\\ckpt_best.pt",
    "run_dir": "E:\\GPTProject2\\ecg\\outputs\\external_benchmarks\\e311_real_noise_qrs_guided_10h_2026_06_04\\runs\\full\\blockwise_switch_snr02_uniform__bad_atten_only_mild",
    "selection": {
      "name": "but_10s_p1_balanced_test",
      "seed": 20260605,
      "source_split": "test",
      "source_counts_good_medium_bad": [
        3640,
        4426,
        411
      ],
      "n_per_class": 411,
      "selected_counts_good_medium_bad": [
        411,
        411,
        411
      ],
      "n_total": 1233,
      "note": "Evaluation-only balanced subset; validation thresholds are still selected on the original validation split."
    },
    "calibration": {
      "t_bad": 0.09,
      "t_good": 0.4499999999999999,
      "key": [
        0.5468665015975077,
        0.0963855421686747,
        0.49210197712566317
      ],
      "val_report": {
        "acc": 0.878133102852204,
        "balanced_acc": 0.49210197712566317,
        "macro_f1": 0.5468665015975077,
        "recall_good_medium_bad": [
          0.9989680082559339,
          0.38095238095238093,
          0.0963855421686747
        ],
        "precision_good_medium_bad": [
          0.8792007266121707,
          0.9090909090909091,
          0.6666666666666666
        ],
        "f1_good_medium_bad": [
          0.9352657004830918,
          0.5369127516778524,
          0.16842105263157894
        ],
        "support_good_medium_bad": [
          969,
          105,
          83
        ],
        "confusion_3x3": [
          [
            968,
            1,
            0
          ],
          [
            61,
            40,
            4
          ],
          [
            72,
            3,
            8
          ]
        ]
      }
    },
    "raw_argmax_report": {
      "acc": 0.7145174371451744,
      "balanced_acc": 0.7145174371451745,
      "macro_f1": 0.6996746490668267,
      "recall_good_medium_bad": [
        0.8637469586374696,
        0.43552311435523117,
        0.8442822384428224
      ],
      "precision_good_medium_bad": [
        0.7171717171717171,
        0.6605166051660517,
        0.7430406852248393
      ],
      "f1_good_medium_bad": [
        0.7836644591611479,
        0.5249266862170088,
        0.7904328018223234
      ],
      "support_good_medium_bad": [
        411,
        411,
        411
      ],