{
  "variant_id": "ma_heavy_snr01_uniform",
  "family": "real_noise_snr",
  "spec": {
    "id": "ma_heavy_snr01_uniform",
    "family": "real_noise_snr",
    "mix": {
      "name": "ma_heavy",
      "mode": "weighted",
      "weights": {
        "em": 0.15,
        "ma": 0.7,
        "bw": 0.15
      }
    },
    "snr": {
      "good": [
        16,
        20
      ],
      "medium": [
        8,
        14
      ],
      "bad": [
        -6,
        0
      ],
      "sampler": "uniform"
    },
    "class_weight": "1.00,1.40,1.70",
    "note": "Only real NSTDB em/ma/bw noise mixed at class-specific SNR."
  },
  "variant_dir": "E:\\GPTProject2\\ecg\\outputs\\external_benchmarks\\e311_real_noise_snr_but_match_grid_10s_2026_06_04\\scan_variants\\ma_heavy_snr01_uniform",
  "morph_overall_distance": 0.4400716845878136,
  "morph_medium_distance": 0.29586021505376336,
  "morph_by_class": {
    "good": 0.4415322580645161,
    "medium": 0.29586021505376336,
    "bad": 0.5828225806451612
  },
  "sqi_overall_distance": 0.4226190476190476,
  "sqi_by_class": {
    "good": 0.38095238095238093,
    "medium": 0.2738095238095238,
    "bad": 0.613095238095238
  },
  "domain_separability_bal_acc": 0.9543650793650793,
  "overall_but_like_score": 0.4528302611367127,
  "audit": {
    "spec": {
      "id": "ma_heavy_snr01_uniform",
      "family": "real_noise_snr",
      "mix": {
        "name": "ma_heavy",
        "mode": "weighted",
        "weights": {
          "em": 0.15,
          "ma": 0.7,
          "bw": 0.15
        }
      },
      "snr": {
        "good": [
          16,
          20
        ],
        "medium": [
          8,
          14
        ],
        "bad": [
          -6,
          0
        ],
        "sampler": "uniform"
      },
      "class_weight": "1.00,1.40,1.70",
      "note": "Only real NSTDB em/ma/bw noise mixed at class-specific SNR."
    },
    "rows": 180,
    "sample_per_class": 60,
    "split_counts": {
      "test": 32,
      "train": 119,
      "val": 29
    },
    "class_counts": {
      "bad": 60,
      "good": 60,
      "medium": 60
    },
    "snr_by_class": {
      "good": {
        "mean": 18.244285583496094,
        "min": 16.160873413085938,
        "max": 19.98038673400879
      },
      "medium": {
        "mean": 11.395406723022461,
        "min": 8.088237762451172,
        "max": 13.891656875610352
      },
      "bad": {
        "mean": -2.6515393257141113,
        "min": -5.998195171356201,
        "max": -0.06782883405685425
      }
    }
  }
}