row,split,region,true,pred_raw,pred_badcal,correct_raw,correct_badcal,prob_good,prob_medium,prob_bad,is_test,is_bad_core,is_bad_outlier
32485,test,near_bad_boundary,bad,medium,bad,False,True,0.05641065910458565,0.8664247393608093,0.07716463506221771,True,True,False
32534,test,near_bad_boundary,bad,medium,bad,False,True,0.05163973197340965,0.905454158782959,0.04290609434247017,True,True,False
32542,test,near_bad_boundary,bad,medium,bad,False,True,0.043475497514009476,0.6568264961242676,0.29969802498817444,True,True,False
32549,test,near_bad_boundary,bad,medium,bad,False,True,0.05387657508254051,0.7526698708534241,0.19345352053642273,True,True,False
32571,test,near_bad_boundary,bad,medium,bad,False,True,0.042627859860658646,0.5312991142272949,0.4260730445384979,True,True,False
32578,test,near_bad_boundary,bad,medium,bad,False,True,0.05609775707125664,0.667493462562561,0.2764088213443756,True,True,False
32579,test,near_bad_boundary,bad,medium,bad,False,True,0.05218171700835228,0.5650293827056885,0.38278886675834656,True,True,False
32580,test,near_bad_boundary,bad,medium,bad,False,True,0.06428254395723343,0.8392167687416077,0.09650067239999771,True,True,False
32588,test,near_bad_boundary,bad,medium,bad,False,True,0.06374089419841766,0.8217414617538452,0.11451761424541473,True,True,False
