{
  "variant_id": "em_ma_no_bw_snr01_uniform",
  "family": "real_noise_snr",
  "spec": {
    "id": "em_ma_no_bw_snr01_uniform",
    "family": "real_noise_snr",
    "mix": {
      "name": "em_ma_no_bw",
      "mode": "weighted",
      "weights": {
        "em": 0.45,
        "ma": 0.55
      }
    },
    "snr": {
      "good": [
        16,
        20
      ],
      "medium": [
        8,
        14
      ],
      "bad": [
        -6,
        0
      ],
      "sampler": "uniform"
    },
    "class_weight": "1.00,1.40,1.70",
    "note": "Only real NSTDB em/ma/bw noise mixed at class-specific SNR."
  },
  "variant_dir": "E:\\GPTProject2\\ecg\\outputs\\external_benchmarks\\e311_real_noise_snr_but_match_grid_10s_2026_06_04\\scan_variants\\em_ma_no_bw_snr01_uniform",
  "morph_overall_distance": 0.43335125448028666,
  "morph_medium_distance": 0.28927419354838707,
  "morph_by_class": {
    "good": 0.4286290322580645,
    "medium": 0.28927419354838707,
    "bad": 0.5821505376344086
  },
  "sqi_overall_distance": 0.42658730158730157,
  "sqi_by_class": {
    "good": 0.36904761904761907,
    "medium": 0.26785714285714285,
    "bad": 0.6428571428571429
  },
  "domain_separability_bal_acc": 0.9634920634920635,
  "overall_but_like_score": 0.4493314772145417,
  "audit": {
    "spec": {
      "id": "em_ma_no_bw_snr01_uniform",
      "family": "real_noise_snr",
      "mix": {
        "name": "em_ma_no_bw",
        "mode": "weighted",
        "weights": {
          "em": 0.45,
          "ma": 0.55
        }
      },
      "snr": {
        "good": [
          16,
          20
        ],
        "medium": [
          8,
          14
        ],
        "bad": [
          -6,
          0
        ],
        "sampler": "uniform"
      },
      "class_weight": "1.00,1.40,1.70",
      "note": "Only real NSTDB em/ma/bw noise mixed at class-specific SNR."
    },
    "rows": 180,
    "sample_per_class": 60,
    "split_counts": {
      "test": 32,
      "train": 119,
      "val": 29
    },
    "class_counts": {
      "bad": 60,
      "good": 60,
      "medium": 60
    },
    "snr_by_class": {
      "good": {
        "mean": 18.165685653686523,
        "min": 16.134342193603516,
        "max": 19.96809196472168
      },
      "medium": {
        "mean": 11.3671875,
        "min": 8.016430854797363,
        "max": 13.970580101013184
      },
      "bad": {
        "mean": -3.1250853538513184,
        "min": -5.998195648193359,
        "max": -0.06782808154821396
      }
    }
  }
}