{
  "created_at": "2026-06-11T14:02:32",
  "artifact_id": "rule_n7200_gm_trim_bad_qrslow_bisect_2839a07720c5_942f7f261b19",
  "base_variant": "nl_n7200_gm_trim_bad_geom_stack_n7000_g008_m044_g115_m184_2839a07720c5",
  "base_prediction_mode": "medium_guarded_pmed0005",
  "alt_variant": "nl_n7200_gm_trim_bad_geom_tri_atlaspc2_matchold_g002_m006_942f7f261b19",
  "alt_prediction_mode": "medium_guarded_pmed0005",
  "threshold": 0.5302708812395728,
  "metrics": [
    {
      "artifact_id": "rule_n7200_gm_trim_bad_qrslow_bisect_2839a07720c5_942f7f261b19",
      "bucket": "original_all_10s+",
      "n": 32956,
      "acc": 0.8316846704697172,
      "macro_f1": 0.8537075696034196,
      "good_recall": 0.7899430851375931,
      "medium_recall": 0.8604629281144147,
      "bad_recall": 0.9084200567644276,
      "good_precision": 0.8998730031415012,
      "medium_precision": 0.6931180839775656,
      "bad_precision": 1.0,
      "good_f1": 0.8413323334583177,
      "medium_f1": 0.7677776844933255,
      "bad_f1": 0.952012690858616,
      "support_good": 17043,
      "support_medium": 10628,
      "support_bad": 5285,
      "confusion_3x3": "[[13463, 3580, 0], [1483, 9145, 0], [15, 469, 4801]]",
      "gate_flips": 2919,
      "base_errors_fixed": 1416,
      "base_correct_lost": 1481
    },
    {
      "artifact_id": "rule_n7200_gm_trim_bad_qrslow_bisect_2839a07720c5_942f7f261b19",
      "bucket": "original_test_all_10s+",
      "n": 8477,
      "acc": 0.7344579450277221,
      "macro_f1": 0.4987779683982216,
      "good_recall": 0.6678571428571428,
      "medium_recall": 0.8574333483958427,
      "bad_recall": 0.0,
      "good_precision": 0.7905691056910569,
      "medium_precision": 0.7025175860792299,
      "bad_precision": 0.0,
      "good_f1": 0.7240506329113924,
      "medium_f1": 0.7722832722832723,
      "bad_f1": 0.0,
      "support_good": 3640,
      "support_medium": 4426,
      "support_bad": 411,
      "confusion_3x3": "[[2431, 1209, 0], [631, 3795, 0], [13, 398, 0]]",
      "gate_flips": 858,
      "base_errors_fixed": 293,
      "base_correct_lost": 543
    },
    {
      "artifact_id": "rule_n7200_gm_trim_bad_qrslow_bisect_2839a07720c5_942f7f261b19",
      "bucket": "original_test_good_medium_only",
      "n": 8066,
      "acc": 0.7718819737168361,
      "macro_f1": 0.5101110456046368,
      "good_recall": 0.6678571428571428,
      "medium_recall": 0.8574333483958427,
      "bad_recall": 0.0,
      "good_precision": 0.7939255388634879,
      "medium_precision": 0.7583932853717026,
      "bad_precision": 0.0,
      "good_f1": 0.7254550880334228,
      "medium_f1": 0.8048780487804879,
      "bad_f1": 0.0,
      "support_good": 3640,
      "support_medium": 4426,
      "support_bad": 0,
      "confusion_3x3": "[[2431, 1209, 0], [631, 3795, 0], [0, 0, 0]]",
      "gate_flips": 836,
      "base_errors_fixed": 293,
      "base_correct_lost": 543
    },
    {
      "artifact_id": "rule_n7200_gm_trim_bad_qrslow_bisect_2839a07720c5_942f7f261b19",
      "bucket": "original_test_bad_core_near_boundary",
      "n": 119,
      "acc": 0.0,
      "macro_f1": 0.0,
      "good_recall": 0.0,
      "medium_recall": 0.0,
      "bad_recall": 0.0,
      "good_precision": 0.0,
      "medium_precision": 0.0,
      "bad_precision": 0.0,
      "good_f1": 0.0,
      "medium_f1": 0.0,
      "bad_f1": 0.0,
      "support_good": 0,
      "support_medium": 0,
      "support_bad": 119,
      "confusion_3x3": "[[0, 0, 0], [0, 0, 0], [0, 119, 0]]",
      "gate_flips": 0,
      "base_errors_fixed": 0,
      "base_correct_lost": 0
    },
    {
      "artifact_id": "rule_n7200_gm_trim_bad_qrslow_bisect_2839a07720c5_942f7f261b19",
      "bucket": "original_test_bad_outlier_stress",
      "n": 292,
      "acc": 0.0,
      "macro_f1": 0.0,
      "good_recall": 0.0,
      "medium_recall": 0.0,
      "bad_recall": 0.0,
      "good_precision": 0.0,
      "medium_precision": 0.0,
      "bad_precision": 0.0,
      "good_f1": 0.0,
      "medium_f1": 0.0,
      "bad_f1": 0.0,
      "support_good": 0,
      "support_medium": 0,
      "support_bad": 292,
      "confusion_3x3": "[[0, 0, 0], [0, 0, 0], [13, 279, 0]]",
      "gate_flips": 22,
      "base_errors_fixed": 0,
      "base_correct_lost": 0
    },
    {
      "artifact_id": "rule_n7200_gm_trim_bad_qrslow_bisect_2839a07720c5_942f7f261b19",
      "bucket": "original_test_drop_bad_outlier_reference",
      "n": 8185,
      "acc": 0.7606597434331094,
      "macro_f1": 0.5067675720190999,
      "good_recall": 0.6678571428571428,
      "medium_recall": 0.8574333483958427,
      "bad_recall": 0.0,
      "good_precision": 0.7939255388634879,
      "medium_precision": 0.74077688854187,
      "bad_precision": 0.0,
      "good_f1": 0.7254550880334228,
      "medium_f1": 0.7948476280238769,
      "bad_f1": 0.0,
      "support_good": 3640,
      "support_medium": 4426,
      "support_bad": 119,
      "confusion_3x3": "[[2431, 1209, 0], [631, 3795, 0], [0, 119, 0]]",
      "gate_flips": 836,
      "base_errors_fixed": 293,
      "base_correct_lost": 543
    },
    {
      "artifact_id": "rule_n7200_gm_trim_bad_qrslow_bisect_2839a07720c5_942f7f261b19",
      "bucket": "original_test_good_medium_overlap",
      "n": 7492,
      "acc": 0.7570742124933262,
      "macro_f1": 0.5024190893878143,
      "good_recall": 0.66435313714603,
      "medium_recall": 0.8429305912596401,
      "bad_recall": 0.0,
      "good_precision": 0.7966045272969374,
      "medium_precision": 0.7306149732620321,
      "bad_precision": 0.0,
      "good_f1": 0.724492885255828,
      "medium_f1": 0.7827643829076152,
      "bad_f1": 0.0,
      "support_good": 3602,
      "support_medium": 3890,
      "support_bad": 0,
      "confusion_3x3": "[[2393, 1209, 0], [611, 3279, 0], [0, 0, 0]]",
      "gate_flips": 827,
      "base_errors_fixed": 290,
      "base_correct_lost": 537
    },
    {
      "artifact_id": "rule_n7200_gm_trim_bad_qrslow_bisect_2839a07720c5_942f7f261b19",
      "bucket": "original_all_bad_core_near_boundary",
      "n": 4084,
      "acc": 0.9708619000979432,
      "macro_f1": 0.3284051849090984,
      "good_recall": 0.0,
      "medium_recall": 0.0,
      "bad_recall": 0.9708619000979432,
      "good_precision": 0.0,
      "medium_precision": 0.0,
      "bad_precision": 1.0,
      "good_f1": 0.0,
      "medium_f1": 0.0,
      "bad_f1": 0.9852155547272953,
      "support_good": 0,
      "support_medium": 0,
      "support_bad": 4084,
      "confusion_3x3": "[[0, 0, 0], [0, 0, 0], [0, 119, 3965]]",
      "gate_flips": 0,
      "base_errors_fixed": 0,
      "base_correct_lost": 0
    },
    {
      "artifact_id": "rule_n7200_gm_trim_bad_qrslow_bisect_2839a07720c5_942f7f261b19",
      "bucket": "original_all_bad_outlier_stress",
      "n": 1201,
      "acc": 0.6960865945045795,
      "macro_f1": 0.27360497463590244,
      "good_recall": 0.0,
      "medium_recall": 0.0,
      "bad_recall": 0.6960865945045795,
      "good_precision": 0.0,
      "medium_precision": 0.0,
      "bad_precision": 1.0,
      "good_f1": 0.0,
      "medium_f1": 0.0,
      "bad_f1": 0.8208149239077074,
      "support_good": 0,
      "support_medium": 0,
      "support_bad": 1201,
      "confusion_3x3": "[[0, 0, 0], [0, 0, 0], [15, 350, 836]]",
      "gate_flips": 22,
      "base_errors_fixed": 0,
      "base_correct_lost": 0
    }
  ],
  "selection_note": "Original BUT is report-only; Clean/SemiClean/node diagnostic remains the selection source."
}