{
  "status": "completed",
  "but_shape": [
    32956,
    1,
    1250
  ],
  "ptb_shape": [
    15321,
    1,
    1250
  ],
  "but_summary": {
    "good": {
      "n": 17043,
      "rms": {
        "mean": 0.2732114434516677,
        "p10": 0.18909322124971503,
        "p50": 0.28778009840012375,
        "p90": 0.32339918669523043
      },
      "amp_p95": {
        "mean": 0.3875056818413973,
        "p10": 0.3016840270161628,
        "p50": 0.39333411008119584,
        "p90": 0.46913990467786787
      },
      "amp_p99": {
        "mean": 1.4727557353389893,
        "p10": 0.677939271211624,
        "p50": 1.6117822432518005,
        "p90": 1.9407870390415183
      },
      "qrs_prominence": {
        "mean": 10.674660359791227,
        "p10": 3.11452593174402,
        "p50": 11.068086449928924,
        "p90": 17.222304175034846
      },
      "hf_ratio": {
        "mean": 0.12352785187536354,
        "p10": 0.08198699288859208,
        "p50": 0.12517842101739918,
        "p90": 0.16510620025206996
      },
      "drift_ratio": {
        "mean": 0.08018701798152958,
        "p10": 0.013653513565630509,
        "p50": 0.06722086642143804,
        "p90": 0.1514866409948232
      },
      "deriv_rms": {
        "mean": 0.15453614582394926,
        "p10": 0.07140937011240389,
        "p50": 0.16754837071103104,
        "p90": 0.2047652061199368
      },
      "flat_fraction": {
        "mean": 0.20004539106964742,
        "p10": 0.2,
        "p50": 0.2,
        "p90": 0.2
      },
      "drift_rms": {
        "mean": 0.06350215127866733,
        "p10": 0.023580557507102286,
        "p50": 0.05602629995631832,
        "p90": 0.11841580751885647
      }
    },
    "medium": {
      "n": 10628,
      "rms": {
        "mean": 0.2293951104092421,
        "p10": 0.16561195557731978,
        "p50": 0.22112424529737434,
        "p90": 0.32263348931746716
      },
      "amp_p95": {
        "mean": 0.36480630103584205,
        "p10": 0.3124316261708735,
        "p50": 0.36065087616443625,
        "p90": 0.4216410280764104
      },
      "amp_p99": {
        "mean": 1.0661373290049432,
        "p10": 0.46432584163546553,
        "p50": 1.0436204493045806,
        "p90": 1.7717913713455202
      },
      "qrs_prominence": {
        "mean": 6.572839240642535,
        "p10": 2.4888623140652495,
        "p50": 5.965052582903003,
        "p90": 11.665731006885013
      },
      "hf_ratio": {
        "mean": 0.13426746994828548,
        "p10": 0.03829422477230006,
        "p50": 0.1427448320349759,
        "p90": 0.19746036890286928
      },
      "drift_ratio": {
        "mean": 0.11222174021184357,
        "p10": 0.007366796041358835,
        "p50": 0.04121580830504985,
        "p90": 0.35031973310118175
      },
      "deriv_rms": {
        "mean": 0.12785039195302447,
        "p10": 0.03284116266256221,
        "p50": 0.1365749026906587,
        "p90": 0.2053004774443397
      },
      "flat_fraction": {
        "mean": 0.20003281896876177,
        "p10": 0.2,
        "p50": 0.2,
        "p90": 0.2
      },
      "drift_rms": {
        "mean": 0.08313596939475405,
        "p10": 0.035247889296394615,
        "p50": 0.07767180873727743,
        "p90": 0.13818642147391977
      }
    },
    "bad": {
      "n": 5285,
      "rms": {
        "mean": 0.15743846107459922,
        "p10": 0.15214969619692362,
        "p50": 0.15541701627154175,
        "p90": 0.16024553290655003
      },
      "amp_p95": {
        "mean": 0.3087339052560764,
        "p10": 0.2987482371926308,
        "p50": 0.3049577787518501,
        "p90": 0.31430348724126816
      },
      "amp_p99": {
        "mean": 0.38912469922526327,
        "p10": 0.3569980061650276,
        "p50": 0.3721097764372825,
        "p90": 0.39911127746105196
      },
      "qrs_prominence": {
        "mean": 2.289374823117136,
        "p10": 2.0636859574569444,
        "p50": 2.153421699719337,
        "p90": 2.273574599610425
      },
      "hf_ratio": {
        "mean": 0.14365929478316322,
        "p10": 0.11990947137554073,
        "p50": 0.14115329787818146,
        "p90": 0.16233455835671304
      },
      "drift_ratio": {
        "mean": 0.017705003080074822,
        "p10": 0.00018563271376651302,
        "p50": 0.0003219267599015681,
        "p90": 0.0022005909021519184
      },
      "deriv_rms": {
        "mean": 0.21343140656971768,
        "p10": 0.21474318885528312,
        "p50": 0.2220284326911614,
        "p90": 0.22877834294245442
      },
      "flat_fraction": {
        "mean": 0.20002679280983915,
        "p10": 0.2,
        "p50": 0.2,
        "p90": 0.2
      },
      "drift_rms": {
        "mean": 0.01622739939592566,
        "p10": 0.0035465127000258237,
        "p50": 0.010342241325920135,
        "p90": 0.02230644263594258
      }
    }
  },
  "current_ptb_summary": {
    "good": {
      "n": 5107,
      "rms": {
        "mean": 0.14657902191192648,
        "p10": 0.08173381173404058,
        "p50": 0.1372292775923115,
        "p90": 0.22107849280094014
      },
      "amp_p95": {
        "mean": 0.24798033952775736,
        "p10": 0.13041306018829343,
        "p50": 0.21353636607527732,
        "p90": 0.39900779426097865
      },
      "amp_p99": {
        "mean": 0.6936713739693607,
        "p10": 0.34498232829570763,
        "p50": 0.6555541574954985,
        "p90": 1.08451358294487
      },
      "qrs_prominence": {
        "mean": 5.843290609148108,
        "p10": 3.234704341397949,
        "p50": 5.600914916333043,
        "p90": 8.770769270440061
      },
      "hf_ratio": {
        "mean": 0.10191910257650665,
        "p10": 0.030399102232453123,
        "p50": 0.09547558917942962,
        "p90": 0.17900349535367682
      },
      "drift_ratio": {
        "mean": 0.0523924765887033,
        "p10": 0.01219897989542815,
        "p50": 0.04234157568028345,
        "p90": 0.10470045065411385
      },
      "deriv_rms": {
        "mean": 0.07742672383668547,
        "p10": 0.04318061092988482,
        "p50": 0.0729948943192927,
        "p90": 0.11618568380047685
      },
      "flat_fraction": {
        "mean": 0.20005545329939298,
        "p10": 0.2,
        "p50": 0.2,
        "p90": 0.2
      },
      "drift_rms": {
        "mean": 0.038663936607794956,
        "p10": 0.014307561530398227,
        "p50": 0.02957278014870942,
        "p90": 0.07084948740165767
      }
    },
    "medium": {
      "n": 5107,
      "rms": {
        "mean": 0.15899088095024733,
        "p10": 0.0887960108618941,
        "p50": 0.14894265366735354,
        "p90": 0.2395533807177455
      },
      "amp_p95": {
        "mean": 0.28795575492159875,
        "p10": 0.15572413027286527,
        "p50": 0.25730268061161043,
        "p90": 0.45267654210329045
      },
      "amp_p99": {
        "mean": 0.6976344450308031,
        "p10": 0.3544359943866729,
        "p50": 0.659428185224533,
        "p90": 1.0920462040901189
      },
      "qrs_prominence": {
        "mean": 4.982078573867941,
        "p10": 3.0420779828187796,
        "p50": 4.9857852968160055,
        "p90": 6.78978308726492
      },
      "hf_ratio": {
        "mean": 0.10088788395050925,
        "p10": 0.032433108910436464,
        "p50": 0.0936689625684579,
        "p90": 0.1765311916675527
      },
      "drift_ratio": {
        "mean": 0.07221131784470794,
        "p10": 0.02474822318645164,
        "p50": 0.06283815270642387,
        "p90": 0.12967413567932468
      },
      "deriv_rms": {
        "mean": 0.08131320606335486,
        "p10": 0.045438102189117764,
        "p50": 0.07623870438482712,
        "p90": 0.12174738802948584
      },
      "flat_fraction": {
        "mean": 0.20004010182102996,
        "p10": 0.2,
        "p50": 0.2,
        "p90": 0.2
      },
      "drift_rms": {
        "mean": 0.052955155130629934,
        "p10": 0.02282627603514691,
        "p50": 0.044242984685635846,
        "p90": 0.09104112806674733
      }
    },
    "bad": {
      "n": 5107,
      "rms": {
        "mean": 0.21653380967476493,