{
  "variant_id": "em_ma_no_bw_snr08_triangular",
  "family": "real_noise_snr",
  "spec": {
    "id": "em_ma_no_bw_snr08_triangular",
    "family": "real_noise_snr",
    "mix": {
      "name": "em_ma_no_bw",
      "mode": "weighted",
      "weights": {
        "em": 0.45,
        "ma": 0.55
      }
    },
    "snr": {
      "good": [
        10,
        14
      ],
      "medium": [
        4,
        10
      ],
      "bad": [
        -2,
        4
      ],
      "sampler": "triangular"
    },
    "class_weight": "1.00,1.40,1.70",
    "note": "Only real NSTDB em/ma/bw noise mixed at class-specific SNR."
  },
  "variant_dir": "E:\\GPTProject2\\ecg\\outputs\\external_benchmarks\\e311_real_noise_snr_but_match_grid_10s_2026_06_04\\scan_variants\\em_ma_no_bw_snr08_triangular",
  "morph_overall_distance": 0.45835125448028674,
  "morph_medium_distance": 0.3175268817204301,
  "morph_by_class": {
    "good": 0.47061827956989255,
    "medium": 0.3175268817204301,
    "bad": 0.5869086021505375
  },
  "sqi_overall_distance": 0.44841269841269843,
  "sqi_by_class": {
    "good": 0.39880952380952384,
    "medium": 0.2738095238095238,
    "bad": 0.6726190476190476
  },
  "domain_separability_bal_acc": 0.9353174603174603,
  "overall_but_like_score": 0.46935099846390166,
  "audit": {
    "spec": {
      "id": "em_ma_no_bw_snr08_triangular",
      "family": "real_noise_snr",
      "mix": {
        "name": "em_ma_no_bw",
        "mode": "weighted",
        "weights": {
          "em": 0.45,
          "ma": 0.55
        }
      },
      "snr": {
        "good": [
          10,
          14
        ],
        "medium": [
          4,
          10
        ],
        "bad": [
          -2,
          4
        ],
        "sampler": "triangular"
      },
      "class_weight": "1.00,1.40,1.70",
      "note": "Only real NSTDB em/ma/bw noise mixed at class-specific SNR."
    },
    "rows": 180,
    "sample_per_class": 60,
    "split_counts": {
      "test": 32,
      "train": 119,
      "val": 29
    },
    "class_counts": {
      "bad": 60,
      "good": 60,
      "medium": 60
    },
    "snr_by_class": {
      "good": {
        "mean": 12.118788719177246,
        "min": 10.51834774017334,
        "max": 13.747385025024414
      },
      "medium": {
        "mean": 7.2603440284729,
        "min": 4.222019672393799,
        "max": 9.702909469604492
      },
      "bad": {
        "mean": 0.9086180925369263,
        "min": -1.9264307022094727,
        "max": 3.54890775680542
      }
    }
  }
}