bad_subtype,but_share,ptb_share,share_gap
bad_dense_right_island,0.6119084561675717,0.612,9.154383242826469e-05
bad_highfreq_detail_noise,0.013382467028704423,0.013333333333333334,-4.913369537108865e-05
bad_contact_reset_flatline,0.045577967416602014,0.04566666666666667,8.869925006465412e-05
bad_low_qrs_visibility,0.009309542280837859,0.009333333333333334,2.3791052495475418e-05
bad_baseline_wander_lowfreq,0.014934057408844065,0.015,6.594259115593436e-05
bad_detector_template_disagree,0.22245927075252134,0.22233333333333333,-0.00012593741918801027
bad_other_boundary,0.08242823894491855,0.08233333333333333,-9.490561158521926e-05
