model,metric,estimate,ci_low,ci_high,n_bootstrap_valid,threshold
MLP selected-five,Ac,0.9177489177489178,0.8790661174262175,0.9527896995708155,2000,0.6295000000000001
MLP selected-five,Se,0.9310344827586207,0.8828828828828829,0.9747951680672269,2000,0.6295000000000001
MLP selected-five,Sp,0.9043478260869565,0.8421052631578947,0.9532710280373832,2000,0.6295000000000001
MLP selected-five,AUC,0.9552473763118441,0.9186005442147498,0.9846190130624093,2000,0.6295000000000001
SVM selected-five,Ac,0.9393939393939394,0.9041051025901776,0.9670781893004116,2000,0.5215
SVM selected-five,Se,0.9655172413793104,0.9272616407982261,0.9916683884297521,2000,0.5215
SVM selected-five,Sp,0.9130434782608695,0.8529334365325077,0.9609375,2000,0.5215
SVM selected-five,AUC,0.961544227886057,0.9305604353971866,0.9851019928334236,2000,0.5215
