{
  "base_acc": 0.9868301544050863,
  "base_confusion_3x3": [
    [
      727,
      5,
      2
    ],
    [
      19,
      714,
      1
    ],
    [
      0,
      2,
      732
    ]
  ],
  "base_recall_good_medium_bad": [
    0.9904632152588556,
    0.9727520435967303,
    0.997275204359673
  ],
  "base_precision_good_medium_bad": [
    0.9745308310991957,
    0.9902912621359223,
    0.9959183673469387
  ],
  "base_f1_good_medium_bad": [
    0.9824324324324324,
    0.9814432989690722,
    0.9965963240299524
  ],
  "final_acc": 0.9881925522252498,
  "final_confusion_3x3": [
    [
      724,
      9,
      1
    ],
    [
      13,
      720,
      1
    ],
    [
      0,
      2,
      732
    ]
  ],
  "final_recall_good_medium_bad": [
    0.9863760217983651,
    0.9809264305177112,
    0.997275204359673
  ],
  "final_precision_good_medium_bad": [
    0.9823609226594301,
    0.9849521203830369,
    0.997275204359673
  ],
  "final_f1_good_medium_bad": [
    0.9843643779741672,
    0.9829351535836177,
    0.997275204359673
  ],
  "corrected_by_sqi": 6,
  "harmed_by_sqi": 3,
  "sqi_delta_abs_mean": 247.55506896972656,
  "sqi_delta_abs_p95": 527.4019775390625,
  "sqi_gate_mean": 0.6748928427696228,
  "sqi_gate_p95": 1.0
}