{
  "base_acc": 0.9732061762034514,
  "base_confusion_3x3": [
    [
      703,
      30,
      1
    ],
    [
      20,
      708,
      6
    ],
    [
      0,
      2,
      732
    ]
  ],
  "base_recall_good_medium_bad": [
    0.9577656675749319,
    0.9645776566757494,
    0.997275204359673
  ],
  "base_precision_good_medium_bad": [
    0.9723374827109267,
    0.9567567567567568,
    0.9905277401894452
  ],
  "base_f1_good_medium_bad": [
    0.964996568291009,
    0.960651289009498,
    0.9938900203665988
  ],
  "final_acc": 0.9736603088101726,
  "final_confusion_3x3": [
    [
      702,
      31,
      1
    ],
    [
      16,
      715,
      3
    ],
    [
      0,
      7,
      727
    ]
  ],
  "final_recall_good_medium_bad": [
    0.9564032697547684,
    0.9741144414168937,
    0.9904632152588556
  ],
  "final_precision_good_medium_bad": [
    0.9777158774373259,
    0.949535192563081,
    0.9945280437756497
  ],
  "final_f1_good_medium_bad": [
    0.9669421487603306,
    0.9616677874915939,
    0.9924914675767917
  ],
  "corrected_by_sqi": 7,
  "harmed_by_sqi": 6,
  "sqi_delta_abs_mean": 271.1166076660156,
  "sqi_delta_abs_p95": 681.1376953125,
  "sqi_gate_mean": 1.0,
  "sqi_gate_p95": 1.0
}