{
  "variant_id": "single_bw_snr07_triangular",
  "family": "real_noise_snr",
  "spec": {
    "id": "single_bw_snr07_triangular",
    "family": "real_noise_snr",
    "mix": {
      "name": "single_bw",
      "mode": "weighted",
      "weights": {
        "bw": 1.0
      }
    },
    "snr": {
      "good": [
        16,
        20
      ],
      "medium": [
        6,
        12
      ],
      "bad": [
        -6,
        0
      ],
      "sampler": "triangular"
    },
    "class_weight": "1.00,1.40,1.70",
    "note": "Only real NSTDB em/ma/bw noise mixed at class-specific SNR."
  },
  "variant_dir": "E:\\GPTProject2\\ecg\\outputs\\external_benchmarks\\e311_real_noise_snr_but_match_grid_10s_2026_06_04\\scan_variants\\single_bw_snr07_triangular",
  "morph_overall_distance": 0.44246415770609326,
  "morph_medium_distance": 0.2719086021505376,
  "morph_by_class": {
    "good": 0.4011290322580645,
    "medium": 0.2719086021505376,
    "bad": 0.6543548387096776
  },
  "sqi_overall_distance": 0.4166666666666667,
  "sqi_by_class": {
    "good": 0.3392857142857143,
    "medium": 0.2619047619047619,
    "bad": 0.6488095238095238
  },
  "domain_separability_bal_acc": 0.9178571428571428,
  "overall_but_like_score": 0.44349494367639536,
  "audit": {
    "spec": {
      "id": "single_bw_snr07_triangular",
      "family": "real_noise_snr",
      "mix": {
        "name": "single_bw",
        "mode": "weighted",
        "weights": {
          "bw": 1.0
        }
      },
      "snr": {
        "good": [
          16,
          20
        ],
        "medium": [
          6,
          12
        ],
        "bad": [
          -6,
          0
        ],
        "sampler": "triangular"
      },
      "class_weight": "1.00,1.40,1.70",
      "note": "Only real NSTDB em/ma/bw noise mixed at class-specific SNR."
    },
    "rows": 180,
    "sample_per_class": 60,
    "split_counts": {
      "test": 32,
      "train": 119,
      "val": 29
    },
    "class_counts": {
      "bad": 60,
      "good": 60,
      "medium": 60
    },
    "snr_by_class": {
      "good": {
        "mean": 18.012609481811523,
        "min": 16.04904556274414,
        "max": 19.69927215576172
      },
      "medium": {
        "mean": 9.181110382080078,
        "min": 6.514503479003906,
        "max": 11.702909469604492
      },
      "bad": {
        "mean": -2.837498664855957,
        "min": -5.777979850769043,
        "max": -0.22410090267658234
      }
    }
  }
}