{
  "base_acc": 0.9600363306085377,
  "base_confusion_3x3": [
    [
      690,
      42,
      2
    ],
    [
      26,
      697,
      11
    ],
    [
      2,
      5,
      727
    ]
  ],
  "base_recall_good_medium_bad": [
    0.9400544959128065,
    0.9495912806539509,
    0.9904632152588556
  ],
  "base_precision_good_medium_bad": [
    0.9610027855153204,
    0.9368279569892473,
    0.9824324324324324
  ],
  "base_f1_good_medium_bad": [
    0.9504132231404959,
    0.9431664411366711,
    0.9864314789687925
  ],
  "final_acc": 0.9573115349682108,
  "final_confusion_3x3": [
    [
      682,
      49,
      3
    ],
    [
      23,
      699,
      12
    ],
    [
      2,
      5,
      727
    ]
  ],
  "final_recall_good_medium_bad": [
    0.9291553133514986,
    0.952316076294278,
    0.9904632152588556
  ],
  "final_precision_good_medium_bad": [
    0.9646393210749646,
    0.9282868525896414,
    0.9797843665768194
  ],
  "final_f1_good_medium_bad": [
    0.9465648854961832,
    0.9401479488903833,
    0.9850948509485095
  ],
  "corrected_by_encoder_delta": 2,
  "harmed_by_encoder_delta": 8,
  "encoder_delta_abs_mean": 0.0,
  "encoder_delta_abs_p95": 0.0
}