mode,variant_id,acc,macro_f1,good_recall,medium_recall,bad_recall,balanced_macro,clean_diag_macro,score,bad_64d_KS,medium_64d_KS,good_64d_KS,domain_separability
quick,sc_overlap_compact_pca_core_013_2f3509c08cf4,0.6504659667335142,0.4441551031474524,0.4978021978021978,0.8352914595571622,0.012165450121654502,0.38415734134656004,0.9771831784123268,0.31372858808886334,0.5935611979166666,0.24340494791666667,0.3840462239583333,1.0
quick,sc_overlap_1530_locked_lowpc2_core_008_339f9da4a1fa,0.6748849828948921,0.45452238617996416,0.5458791208791208,0.8434252146407591,0.0024330900243309003,0.3890146599755604,0.9629305919922851,0.3191891747379082,0.6550423177083333,0.24486002604166668,0.33104817708333334,1.0
quick,sc_overlap_1530_locked_lowpc2_core_009_d4aa8154e2b5,0.5796862097440132,0.4877229890081369,0.38571428571428573,0.7605061003163127,0.35036496350364965,0.49249516289000117,0.8075072342595838,0.3261282265275199,0.6687337239583334,0.23777994791666665,0.3629427083333333,1.0
quick,sc_overlap_1530_locked_lowpc2_core_005_8d4343ee0314,0.6648578506547127,0.4455985109160334,0.532967032967033,0.8350655219159512,0.0,0.3801880808582223,0.5144223099470286,0.32862175330927273,0.6717285156249999,0.24340494791666667,0.34995442708333335,1.0
quick,sc_overlap_1530_locked_lowpc2_core_006_e5e5057f4973,0.6702842986905745,0.4442686357742831,0.4887362637362637,0.8818346136466335,0.0,0.3573785306998511,0.917430081537058,0.332555379441856,0.675576171875,0.24486002604166668,0.3681380208333333,1.0
quick,sc_overlap_compact_pca_core_014_5e87749494a8,0.4869647280877669,0.3441867142100535,0.061813186813186816,0.8395842747401717,0.45498783454987834,0.39562970028667,0.7555293598290485,0.3351790973260546,0.6333072916666667,0.24340494791666667,0.34995442708333335,1.0
quick,sc_overlap_qrs_visible_compact_core_003_eda02d8ffad5,0.6517635956116551,0.5238592324436099,0.5068681318681318,0.8151830094893809,0.17518248175182483,0.4757217063250501,0.9598150827854498,0.44563535414814837,0.5540592447916667,0.24340494791666667,0.3393229166666667,1.0
quick,sc_overlap_qrs_visible_compact_core_002_8b19fad8c8bf,0.6728795564468562,0.45454152597444725,0.47445054945054943,0.8971983732489833,0.014598540145985401,0.3859903227345231,0.8862482920627324,0.45534524744639354,0.6005696614583333,0.23777994791666665,0.3528255208333333,1.0
