{
  "variant_id": "em_ma_no_bw_snr06_triangular",
  "family": "real_noise_snr",
  "spec": {
    "id": "em_ma_no_bw_snr06_triangular",
    "family": "real_noise_snr",
    "mix": {
      "name": "em_ma_no_bw",
      "mode": "weighted",
      "weights": {
        "em": 0.45,
        "ma": 0.55
      }
    },
    "snr": {
      "good": [
        12,
        16
      ],
      "medium": [
        6,
        12
      ],
      "bad": [
        -2,
        4
      ],
      "sampler": "triangular"
    },
    "class_weight": "1.00,1.40,1.70",
    "note": "Only real NSTDB em/ma/bw noise mixed at class-specific SNR."
  },
  "variant_dir": "E:\\GPTProject2\\ecg\\outputs\\external_benchmarks\\e311_real_noise_snr_but_match_grid_10s_2026_06_04\\scan_variants\\em_ma_no_bw_snr06_triangular",
  "morph_overall_distance": 0.4503136200716846,
  "morph_medium_distance": 0.30459677419354836,
  "morph_by_class": {
    "good": 0.4594354838709678,
    "medium": 0.30459677419354836,
    "bad": 0.5869086021505375
  },
  "sqi_overall_distance": 0.4404761904761904,
  "sqi_by_class": {
    "good": 0.39285714285714285,
    "medium": 0.25595238095238093,
    "bad": 0.6726190476190476
  },
  "domain_separability_bal_acc": 0.9555555555555555,
  "overall_but_like_score": 0.4629329877112135,
  "audit": {
    "spec": {
      "id": "em_ma_no_bw_snr06_triangular",
      "family": "real_noise_snr",
      "mix": {
        "name": "em_ma_no_bw",
        "mode": "weighted",
        "weights": {
          "em": 0.45,
          "ma": 0.55
        }
      },
      "snr": {
        "good": [
          12,
          16
        ],
        "medium": [
          6,
          12
        ],
        "bad": [
          -2,
          4
        ],
        "sampler": "triangular"
      },
      "class_weight": "1.00,1.40,1.70",
      "note": "Only real NSTDB em/ma/bw noise mixed at class-specific SNR."
    },
    "rows": 180,
    "sample_per_class": 60,
    "split_counts": {
      "test": 32,
      "train": 119,
      "val": 29
    },
    "class_counts": {
      "bad": 60,
      "good": 60,
      "medium": 60
    },
    "snr_by_class": {
      "good": {
        "mean": 14.118788719177246,
        "min": 12.51834774017334,
        "max": 15.747385025024414
      },
      "medium": {
        "mean": 9.260344505310059,
        "min": 6.222020626068115,
        "max": 11.702909469604492
      },
      "bad": {
        "mean": 0.9086180925369263,
        "min": -1.9264307022094727,
        "max": 3.54890775680542
      }
    }
  }
}