group,n,pc1_median,pc3_median,flatline_ratio_median,qrs_visibility_median,template_corr_median,non_qrs_diff_p95_median,qrs_band_ratio_median,baseline_step_median,rms_median,mean_abs_median,amplitude_entropy_median,low_amp_ratio_median,sqi_sSQI_median,sqi_kSQI_median
correct_good_boundary,6,-4.056223182556416,0.6603583040319497,0.2481985588470776,0.16282056543963191,0.6105097977245342,0.03020397333893925,0.41555402477344516,0.7632049253682552,0.23110504173118568,0.1374445524065464,0.7086340879010429,0.15999999999999998,3.453810629035143,23.209437383402424
correct_medium_boundary,6,-1.4688581023465552,2.7105744097795603,0.14051240992794234,0.05685119490270415,0.47153036412156746,0.07543365824967616,0.3718986473193987,1.3104305272926262,0.21038494250203355,0.13725497015135546,0.7398014958344525,0.1336,2.557773288650054,16.639327995168916
good_to_medium,6,-3.989624604051076,0.22754572967095948,0.19095276220976776,0.2977775805369631,0.8375523635818258,0.02592263408005235,0.3855563536557933,0.5559573507756757,0.21778456492104836,0.1312648909469346,0.7182671136982118,0.1576,3.1234435880110323,16.54013532062687
medium_to_good,6,-0.8605067256120023,3.2724321606280906,0.12489991993594876,0.06893640532303735,0.5051798944194688,0.06869914052076634,0.4075819196010761,0.7254980135358364,0.2081821287811528,0.13079191540748575,0.6998925085149458,0.1608,2.9236421359611766,18.490716352211827
