class,distance_to_good,distance_to_medium,distance_to_bad,distance_to_good_bad_axis
good,0.0,3.2045200769931856,5.589341684830128,0.0
medium,3.2045200769931856,0.0,3.2697931762126076,1.6335953944426702
bad,5.589341684830128,3.2697931762126076,0.0,1.787260436582193e-13
