{
  "medium_projection_t_on_good_bad_axis": 0.49323642005598584,
  "medium_perpendicular_distance": 1.6335953944426702,
  "good_bad_centroid_distance": 5.589341684830128,
  "medium_perpendicular_ratio": 0.29226973167091796,
  "good_medium_centroid_distance": 3.2045200769931856,
  "medium_bad_centroid_distance": 3.2697931762126076,
  "medium_is_between_on_axis": true,
  "interpretation": "medium_has_independent_component"
}