{
  "pca_explained_variance_ratio": [
    0.43905249504610905,
    0.3595771234756303
  ],
  "multiclass_macro_f1_holdout": 0.912159471944968,
  "medium_vs_rest_f1_holdout": 0.8306636155606407,
  "silhouette_by_expert_label": 0.18132217302179648,
  "multiclass_report": {
    "good": {
      "precision": 0.9122340425531915,
      "recall": 0.8575,
      "f1-score": 0.884020618556701,
      "support": 400.0
    },
    "medium": {
      "precision": 0.8406466512702079,
      "recall": 0.91,
      "f1-score": 0.8739495798319328,
      "support": 400.0
    },
    "bad": {
      "precision": 0.989769820971867,
      "recall": 0.9675,
      "f1-score": 0.9785082174462706,
      "support": 400.0
    },
    "accuracy": 0.9116666666666666,
    "macro avg": {
      "precision": 0.9142168382650887,
      "recall": 0.9116666666666667,
      "f1-score": 0.912159471944968,
      "support": 1200.0
    },
    "weighted avg": {
      "precision": 0.9142168382650887,
      "recall": 0.9116666666666666,
      "f1-score": 0.9121594719449682,
      "support": 1200.0
    }
  }
}