{
  "created_at": "2026-06-12T05:30:38",
  "variant_id": "nl_n7155_gm_trim_bad_boundaryblocks_breakthrough_softbala_5c50f0ee6d7a",
  "prediction_mode": "raw",
  "metrics": [
    {
      "variant_id": "nl_n7155_gm_trim_bad_boundaryblocks_breakthrough_softbala_5c50f0ee6d7a",
      "prediction_mode": "raw",
      "bucket": "original_all_10s+",
      "n": 32956,
      "acc": 0.8595399927175628,
      "macro_f1": 0.8723013425814189,
      "good_recall": 0.884762072405093,
      "medium_recall": 0.7945991719984945,
      "bad_recall": 0.9087984862819299,
      "good_precision": 0.8704109905333641,
      "medium_precision": 0.7798504016991412,
      "bad_precision": 1.0,
      "good_f1": 0.877527861029476,
      "medium_f1": 0.7871557067623619,
      "bad_f1": 0.9522204599524187,
      "support_good": 17043,
      "support_medium": 10628,
      "support_bad": 5285,
      "confusion_3x3": "[[15079, 1964, 0], [2183, 8445, 0], [62, 420, 4803]]"
    },
    {
      "variant_id": "nl_n7155_gm_trim_bad_boundaryblocks_breakthrough_softbala_5c50f0ee6d7a",
      "prediction_mode": "raw",
      "bucket": "original_test_all_10s+",
      "n": 8477,
      "acc": 0.7994573551964138,
      "macro_f1": 0.5465227976683162,
      "good_recall": 0.8920329670329671,
      "medium_recall": 0.797559873474921,
      "bad_recall": 0.0,
      "good_precision": 0.7736478436978794,
      "medium_precision": 0.8247663551401869,
      "bad_precision": 0.0,
      "good_f1": 0.8286334056399133,
      "medium_f1": 0.8109349873650356,
      "bad_f1": 0.0,
      "support_good": 3640,
      "support_medium": 4426,
      "support_bad": 411,
      "confusion_3x3": "[[3247, 393, 0], [896, 3530, 0], [54, 357, 0]]"
    },
    {
      "variant_id": "nl_n7155_gm_trim_bad_boundaryblocks_breakthrough_softbala_5c50f0ee6d7a",
      "prediction_mode": "raw",
      "bucket": "original_test_good_medium_only",
      "n": 8066,
      "acc": 0.8401934044135879,
      "macro_f1": 0.5599976271770833,
      "good_recall": 0.8920329670329671,
      "medium_recall": 0.797559873474921,
      "bad_recall": 0.0,
      "good_precision": 0.7837315954622255,
      "medium_precision": 0.899821565128728,
      "bad_precision": 0.0,
      "good_f1": 0.8343826288063728,
      "medium_f1": 0.8456102527248772,
      "bad_f1": 0.0,
      "support_good": 3640,
      "support_medium": 4426,
      "support_bad": 0,
      "confusion_3x3": "[[3247, 393, 0], [896, 3530, 0], [0, 0, 0]]"
    },
    {
      "variant_id": "nl_n7155_gm_trim_bad_boundaryblocks_breakthrough_softbala_5c50f0ee6d7a",
      "prediction_mode": "raw",
      "bucket": "original_test_bad_core_near_boundary",
      "n": 119,
      "acc": 0.0,
      "macro_f1": 0.0,
      "good_recall": 0.0,
      "medium_recall": 0.0,
      "bad_recall": 0.0,
      "good_precision": 0.0,
      "medium_precision": 0.0,
      "bad_precision": 0.0,
      "good_f1": 0.0,
      "medium_f1": 0.0,
      "bad_f1": 0.0,
      "support_good": 0,
      "support_medium": 0,
      "support_bad": 119,
      "confusion_3x3": "[[0, 0, 0], [0, 0, 0], [0, 119, 0]]"
    },
    {
      "variant_id": "nl_n7155_gm_trim_bad_boundaryblocks_breakthrough_softbala_5c50f0ee6d7a",
      "prediction_mode": "raw",
      "bucket": "original_test_bad_outlier_stress",
      "n": 292,
      "acc": 0.0,
      "macro_f1": 0.0,
      "good_recall": 0.0,
      "medium_recall": 0.0,
      "bad_recall": 0.0,
      "good_precision": 0.0,
      "medium_precision": 0.0,
      "bad_precision": 0.0,
      "good_f1": 0.0,
      "medium_f1": 0.0,
      "bad_f1": 0.0,
      "support_good": 0,
      "support_medium": 0,
      "support_bad": 292,
      "confusion_3x3": "[[0, 0, 0], [0, 0, 0], [54, 238, 0]]"
    },
    {
      "variant_id": "nl_n7155_gm_trim_bad_boundaryblocks_breakthrough_softbala_5c50f0ee6d7a",
      "prediction_mode": "raw",
      "bucket": "original_test_drop_bad_outlier_reference",
      "n": 8185,
      "acc": 0.8279780085522297,
      "macro_f1": 0.556036533645582,
      "good_recall": 0.8920329670329671,
      "medium_recall": 0.797559873474921,
      "bad_recall": 0.0,
      "good_precision": 0.7837315954622255,
      "medium_precision": 0.8733300346363186,
      "bad_precision": 0.0,
      "good_f1": 0.8343826288063728,
      "medium_f1": 0.8337269721303732,
      "bad_f1": 0.0,
      "support_good": 3640,
      "support_medium": 4426,
      "support_bad": 119,
      "confusion_3x3": "[[3247, 393, 0], [896, 3530, 0], [0, 119, 0]]"
    },
    {
      "variant_id": "nl_n7155_gm_trim_bad_boundaryblocks_breakthrough_softbala_5c50f0ee6d7a",
      "prediction_mode": "raw",
      "bucket": "original_test_good_medium_overlap",
      "n": 7492,
      "acc": 0.8299519487453284,
      "macro_f1": 0.553220453923295,
      "good_recall": 0.890893947806774,
      "medium_recall": 0.7735218508997429,
      "bad_recall": 0.0,
      "good_precision": 0.7845965770171149,
      "medium_precision": 0.8844797178130511,
      "bad_precision": 0.0,
      "good_f1": 0.8343733749349974,
      "medium_f1": 0.8252879868348876,
      "bad_f1": 0.0,
      "support_good": 3602,
      "support_medium": 3890,
      "support_bad": 0,
      "confusion_3x3": "[[3209, 393, 0], [881, 3009, 0], [0, 0, 0]]"
    },
    {
      "variant_id": "nl_n7155_gm_trim_bad_boundaryblocks_breakthrough_softbala_5c50f0ee6d7a",
      "prediction_mode": "raw",
      "bucket": "original_all_bad_core_near_boundary",
      "n": 4084,
      "acc": 0.970617042115573,
      "macro_f1": 0.32836315440689195,
      "good_recall": 0.0,
      "medium_recall": 0.0,
      "bad_recall": 0.970617042115573,
      "good_precision": 0.0,
      "medium_precision": 0.0,
      "bad_precision": 1.0,
      "good_f1": 0.0,
      "medium_f1": 0.0,
      "bad_f1": 0.9850894632206759,
      "support_good": 0,
      "support_medium": 0,
      "support_bad": 4084,
      "confusion_3x3": "[[0, 0, 0], [0, 0, 0], [1, 119, 3964]]"
    },
    {
      "variant_id": "nl_n7155_gm_trim_bad_boundaryblocks_breakthrough_softbala_5c50f0ee6d7a",
      "prediction_mode": "raw",
      "bucket": "original_all_bad_outlier_stress",
      "n": 1201,
      "acc": 0.6985845129059117,
      "macro_f1": 0.2741830065359477,
      "good_recall": 0.0,
      "medium_recall": 0.0,
      "bad_recall": 0.6985845129059117,
      "good_precision": 0.0,
      "medium_precision": 0.0,
      "bad_precision": 1.0,
      "good_f1": 0.0,
      "medium_f1": 0.0,
      "bad_f1": 0.8225490196078431,
      "support_good": 0,
      "support_medium": 0,
      "support_bad": 1201,
      "confusion_3x3": "[[0, 0, 0], [0, 0, 0], [61, 301, 839]]"
    }
  ],
  "selection_note": "Original BUT is report-only; Clean/SemiClean/node diagnostic remains the selection source."
}