{
  "variant_id": "single_bw_snr06_triangular",
  "family": "real_noise_snr",
  "spec": {
    "id": "single_bw_snr06_triangular",
    "family": "real_noise_snr",
    "mix": {
      "name": "single_bw",
      "mode": "weighted",
      "weights": {
        "bw": 1.0
      }
    },
    "snr": {
      "good": [
        12,
        16
      ],
      "medium": [
        6,
        12
      ],
      "bad": [
        -2,
        4
      ],
      "sampler": "triangular"
    },
    "class_weight": "1.00,1.40,1.70",
    "note": "Only real NSTDB em/ma/bw noise mixed at class-specific SNR."
  },
  "variant_dir": "E:\\GPTProject2\\ecg\\outputs\\external_benchmarks\\e311_real_noise_snr_but_match_grid_10s_2026_06_04\\scan_variants\\single_bw_snr06_triangular",
  "morph_overall_distance": 0.440689964157706,
  "morph_medium_distance": 0.2719086021505376,
  "morph_by_class": {
    "good": 0.4181182795698925,
    "medium": 0.2719086021505376,
    "bad": 0.6320430107526881
  },
  "sqi_overall_distance": 0.4464285714285714,
  "sqi_by_class": {
    "good": 0.36904761904761907,
    "medium": 0.2619047619047619,
    "bad": 0.7083333333333333
  },
  "domain_separability_bal_acc": 0.9043650793650793,
  "overall_but_like_score": 0.44572292626728105,
  "audit": {
    "spec": {
      "id": "single_bw_snr06_triangular",
      "family": "real_noise_snr",
      "mix": {
        "name": "single_bw",
        "mode": "weighted",
        "weights": {
          "bw": 1.0
        }
      },
      "snr": {
        "good": [
          12,
          16
        ],
        "medium": [
          6,
          12
        ],
        "bad": [
          -2,
          4
        ],
        "sampler": "triangular"
      },
      "class_weight": "1.00,1.40,1.70",
      "note": "Only real NSTDB em/ma/bw noise mixed at class-specific SNR."
    },
    "rows": 180,
    "sample_per_class": 60,
    "split_counts": {
      "test": 32,
      "train": 119,
      "val": 29
    },
    "class_counts": {
      "bad": 60,
      "good": 60,
      "medium": 60
    },
    "snr_by_class": {
      "good": {
        "mean": 14.012609481811523,
        "min": 12.049046516418457,
        "max": 15.699272155761719
      },
      "medium": {
        "mean": 9.181110382080078,
        "min": 6.514503479003906,
        "max": 11.702909469604492
      },
      "bad": {
        "mean": 1.162501573562622,
        "min": -1.7779792547225952,
        "max": 3.7758994102478027
      }
    }
  }
}