row,split,region,true,pred_raw,pred_badcal,correct_raw,correct_badcal,prob_good,prob_medium,prob_bad,is_test,is_bad_core,is_bad_outlier
32502,test,near_bad_boundary,bad,medium,bad,False,True,0.001011973712593317,0.696850597858429,0.3021374046802521,True,True,False
32511,test,near_bad_boundary,bad,medium,bad,False,True,0.0006879792199470103,0.7586223483085632,0.24068960547447205,True,True,False
32515,test,near_bad_boundary,bad,medium,bad,False,True,0.0007367017678916454,0.6519167423248291,0.3473465144634247,True,True,False
32519,test,near_bad_boundary,bad,medium,bad,False,True,0.0007927422993816435,0.7144200205802917,0.28478723764419556,True,True,False
32533,test,near_bad_boundary,bad,medium,bad,False,True,0.0007324243779294193,0.6626331806182861,0.33663439750671387,True,True,False
32545,test,near_bad_boundary,bad,medium,bad,False,True,0.0008016187348403037,0.6994761824607849,0.29972216486930847,True,True,False
32558,test,near_bad_boundary,bad,medium,bad,False,True,0.0008117815013974905,0.623132586479187,0.3760557174682617,True,True,False
32566,test,near_bad_boundary,bad,medium,bad,False,True,0.0007513820310123265,0.5627581477165222,0.4364904463291168,True,True,False
32574,test,near_bad_boundary,bad,medium,bad,False,True,0.0007676956593059003,0.6594862937927246,0.3397459387779236,True,True,False
