{
  "variant_id": "pair_em_ma_snr05_triangular",
  "family": "real_noise_snr",
  "spec": {
    "id": "pair_em_ma_snr05_triangular",
    "family": "real_noise_snr",
    "mix": {
      "name": "pair_em_ma",
      "mode": "weighted",
      "weights": {
        "em": 0.5,
        "ma": 0.5
      }
    },
    "snr": {
      "good": [
        14,
        18
      ],
      "medium": [
        8,
        14
      ],
      "bad": [
        -4,
        2
      ],
      "sampler": "triangular"
    },
    "class_weight": "1.00,1.40,1.70",
    "note": "Only real NSTDB em/ma/bw noise mixed at class-specific SNR."
  },
  "variant_dir": "E:\\GPTProject2\\ecg\\outputs\\external_benchmarks\\e311_real_noise_snr_but_match_grid_10s_2026_06_04\\scan_variants\\pair_em_ma_snr05_triangular",
  "morph_overall_distance": 0.44064516129032255,
  "morph_medium_distance": 0.29029569892473117,
  "morph_by_class": {
    "good": 0.4395430107526882,
    "medium": 0.29029569892473117,
    "bad": 0.5920967741935483
  },
  "sqi_overall_distance": 0.43253968253968256,
  "sqi_by_class": {
    "good": 0.37500000000000006,
    "medium": 0.2619047619047619,
    "bad": 0.6607142857142857
  },
  "domain_separability_bal_acc": 0.9646825396825397,
  "overall_but_like_score": 0.4542457117255504,
  "audit": {
    "spec": {
      "id": "pair_em_ma_snr05_triangular",
      "family": "real_noise_snr",
      "mix": {
        "name": "pair_em_ma",
        "mode": "weighted",
        "weights": {
          "em": 0.5,
          "ma": 0.5
        }
      },
      "snr": {
        "good": [
          14,
          18
        ],
        "medium": [
          8,
          14
        ],
        "bad": [
          -4,
          2
        ],
        "sampler": "triangular"
      },
      "class_weight": "1.00,1.40,1.70",
      "note": "Only real NSTDB em/ma/bw noise mixed at class-specific SNR."
    },
    "rows": 180,
    "sample_per_class": 60,
    "split_counts": {
      "test": 32,
      "train": 119,
      "val": 29
    },
    "class_counts": {
      "bad": 60,
      "good": 60,
      "medium": 60
    },
    "snr_by_class": {
      "good": {
        "mean": 16.11878776550293,
        "min": 14.51834774017334,
        "max": 17.747385025024414
      },
      "medium": {
        "mean": 11.260344505310059,
        "min": 8.222020149230957,
        "max": 13.702909469604492
      },
      "bad": {
        "mean": -1.0913816690444946,
        "min": -3.9264304637908936,
        "max": 1.5489082336425781
      }
    }
  }
}