{
  "variant_id": "pair_em_bw_snr01_uniform",
  "family": "real_noise_snr",
  "spec": {
    "id": "pair_em_bw_snr01_uniform",
    "family": "real_noise_snr",
    "mix": {
      "name": "pair_em_bw",
      "mode": "weighted",
      "weights": {
        "em": 0.5,
        "bw": 0.5
      }
    },
    "snr": {
      "good": [
        16,
        20
      ],
      "medium": [
        8,
        14
      ],
      "bad": [
        -6,
        0
      ],
      "sampler": "uniform"
    },
    "class_weight": "1.00,1.40,1.70",
    "note": "Only real NSTDB em/ma/bw noise mixed at class-specific SNR."
  },
  "variant_dir": "E:\\GPTProject2\\ecg\\outputs\\external_benchmarks\\e311_real_noise_snr_but_match_grid_10s_2026_06_04\\scan_variants\\pair_em_bw_snr01_uniform",
  "morph_overall_distance": 0.44749103942652324,
  "morph_medium_distance": 0.2750268817204301,
  "morph_by_class": {
    "good": 0.3965860215053763,
    "medium": 0.2750268817204301,
    "bad": 0.6708602150537634
  },
  "sqi_overall_distance": 0.43452380952380953,
  "sqi_by_class": {
    "good": 0.35714285714285715,
    "medium": 0.27976190476190477,
    "bad": 0.6666666666666667
  },
  "domain_separability_bal_acc": 0.9543650793650793,
  "overall_but_like_score": 0.45311731950844847,
  "audit": {
    "spec": {
      "id": "pair_em_bw_snr01_uniform",
      "family": "real_noise_snr",
      "mix": {
        "name": "pair_em_bw",
        "mode": "weighted",
        "weights": {
          "em": 0.5,
          "bw": 0.5
        }
      },
      "snr": {
        "good": [
          16,
          20
        ],
        "medium": [
          8,
          14
        ],
        "bad": [
          -6,
          0
        ],
        "sampler": "uniform"
      },
      "class_weight": "1.00,1.40,1.70",
      "note": "Only real NSTDB em/ma/bw noise mixed at class-specific SNR."
    },
    "rows": 180,
    "sample_per_class": 60,
    "split_counts": {
      "test": 32,
      "train": 119,
      "val": 29
    },
    "class_counts": {
      "bad": 60,
      "good": 60,
      "medium": 60
    },
    "snr_by_class": {
      "good": {
        "mean": 18.165685653686523,
        "min": 16.134342193603516,
        "max": 19.96809196472168
      },
      "medium": {
        "mean": 11.3671875,
        "min": 8.016429901123047,
        "max": 13.97057819366455
      },
      "bad": {
        "mean": -3.1250855922698975,
        "min": -5.998196125030518,
        "max": -0.06782808154821396
      }
    }
  }
}