{
  "variant_id": "single_em_snr04_uniform",
  "family": "real_noise_snr",
  "spec": {
    "id": "single_em_snr04_uniform",
    "family": "real_noise_snr",
    "mix": {
      "name": "single_em",
      "mode": "weighted",
      "weights": {
        "em": 1.0
      }
    },
    "snr": {
      "good": [
        10,
        14
      ],
      "medium": [
        2,
        8
      ],
      "bad": [
        0,
        6
      ],
      "sampler": "uniform"
    },
    "class_weight": "1.00,1.40,1.70",
    "note": "Only real NSTDB em/ma/bw noise mixed at class-specific SNR."
  },
  "variant_dir": "E:\\GPTProject2\\ecg\\outputs\\external_benchmarks\\e311_real_noise_snr_but_match_grid_10s_2026_06_04\\scan_variants\\single_em_snr04_uniform",
  "morph_overall_distance": 0.4650716845878137,
  "morph_medium_distance": 0.3175537634408602,
  "morph_by_class": {
    "good": 0.43779569892473114,
    "medium": 0.3175537634408602,
    "bad": 0.6398655913978496
  },
  "sqi_overall_distance": 0.4523809523809524,
  "sqi_by_class": {
    "good": 0.3690476190476191,
    "medium": 0.27976190476190477,
    "bad": 0.7083333333333333
  },
  "domain_separability_bal_acc": 0.9363095238095238,
  "overall_but_like_score": 0.4734123783922171,
  "audit": {
    "spec": {
      "id": "single_em_snr04_uniform",
      "family": "real_noise_snr",
      "mix": {
        "name": "single_em",
        "mode": "weighted",
        "weights": {
          "em": 1.0
        }
      },
      "snr": {
        "good": [
          10,
          14
        ],
        "medium": [
          2,
          8
        ],
        "bad": [
          0,
          6
        ],
        "sampler": "uniform"
      },
      "class_weight": "1.00,1.40,1.70",
      "note": "Only real NSTDB em/ma/bw noise mixed at class-specific SNR."
    },
    "rows": 180,
    "sample_per_class": 60,
    "split_counts": {
      "test": 32,
      "train": 119,
      "val": 29
    },
    "class_counts": {
      "bad": 60,
      "good": 60,
      "medium": 60
    },
    "snr_by_class": {
      "good": {
        "mean": 12.030318260192871,
        "min": 10.001202583312988,
        "max": 13.954780578613281
      },
      "medium": {
        "mean": 5.241161823272705,
        "min": 2.088237762451172,
        "max": 7.970579147338867
      },
      "bad": {
        "mean": 3.2439281940460205,
        "min": 0.01643064059317112,
        "max": 5.983259677886963
      }
    }
  }
}