{
  "variant_id": "single_ma_snr03_uniform",
  "family": "real_noise_snr",
  "spec": {
    "id": "single_ma_snr03_uniform",
    "family": "real_noise_snr",
    "mix": {
      "name": "single_ma",
      "mode": "weighted",
      "weights": {
        "ma": 1.0
      }
    },
    "snr": {
      "good": [
        12,
        16
      ],
      "medium": [
        4,
        10
      ],
      "bad": [
        -2,
        4
      ],
      "sampler": "uniform"
    },
    "class_weight": "1.00,1.40,1.70",
    "note": "Only real NSTDB em/ma/bw noise mixed at class-specific SNR."
  },
  "variant_dir": "E:\\GPTProject2\\ecg\\outputs\\external_benchmarks\\e311_real_noise_snr_but_match_grid_10s_2026_06_04\\scan_variants\\single_ma_snr03_uniform",
  "morph_overall_distance": 0.4516487455197133,
  "morph_medium_distance": 0.3108333333333333,
  "morph_by_class": {
    "good": 0.47236559139784956,
    "medium": 0.3108333333333333,
    "bad": 0.5717473118279569
  },
  "sqi_overall_distance": 0.44642857142857145,
  "sqi_by_class": {
    "good": 0.39880952380952384,
    "medium": 0.2619047619047619,
    "bad": 0.6785714285714286
  },
  "domain_separability_bal_acc": 0.9238095238095239,
  "overall_but_like_score": 0.46287794418842804,
  "audit": {
    "spec": {
      "id": "single_ma_snr03_uniform",
      "family": "real_noise_snr",
      "mix": {
        "name": "single_ma",
        "mode": "weighted",
        "weights": {
          "ma": 1.0
        }
      },
      "snr": {
        "good": [
          12,
          16
        ],
        "medium": [
          4,
          10
        ],
        "bad": [
          -2,
          4
        ],
        "sampler": "uniform"
      },
      "class_weight": "1.00,1.40,1.70",
      "note": "Only real NSTDB em/ma/bw noise mixed at class-specific SNR."
    },
    "rows": 180,
    "sample_per_class": 60,
    "split_counts": {
      "test": 32,
      "train": 119,
      "val": 29
    },
    "class_counts": {
      "bad": 60,
      "good": 60,
      "medium": 60
    },
    "snr_by_class": {
      "good": {
        "mean": 14.030318260192871,
        "min": 12.001203536987305,
        "max": 15.954781532287598
      },
      "medium": {
        "mean": 7.241161823272705,
        "min": 4.088237762451172,
        "max": 9.970579147338867
      },
      "bad": {
        "mean": 1.243928074836731,
        "min": -1.983568549156189,
        "max": 3.983259916305542
      }
    }
  }
}