mode,variant_id,acc,macro_f1,good_recall,medium_recall,bad_recall,balanced_macro,clean_diag_macro,score,bad_64d_KS,medium_64d_KS,good_64d_KS,domain_separability
quick,cc_bad_1530_locked_lowpc2_core_quiet_core_tight_sec0p00_c_9683ffc33626,0.6141323581455703,0.49988592454193775,0.5840659340659341,0.6821057388160867,0.14841849148418493,0.4463857594983909,,0.2922073901515454,0.6851588075666475,0.2689313704592322,0.3400466021369485,1.0
quick,cc_bad_1530_locked_lowpc2_core_quiet_core_tight_sec0p00_c_d8774356567f,0.630057803468208,0.4173140089890937,0.43434065934065935,0.8490736556710348,0.004866180048661801,0.3607810233134829,,0.2922073901515454,0.6851588075666475,0.2689313704592322,0.3400466021369485,1.0
quick,cc_bad_1530_locked_lowpc2_core_quiet_core_tight_sec0p00_c_d7274ab2f04d,0.6462191813141441,0.4314421331761055,0.5043956043956044,0.8228648892905558,0.0,0.3647716834648245,,0.29310054351245984,0.6851588075666475,0.2689313704592322,0.34867051068474264,1.0
quick,cc_bad_1530_locked_lowpc2_core_quiet_core_tight_sec0p00_c_adf610ec036d,0.620148637489678,0.4195179182051949,0.5348901098901099,0.7476276547672842,0.0024330900243309003,0.35847200538161766,,0.29310054351245984,0.6851588075666475,0.2689313704592322,0.34867051068474264,1.0
quick,cc_bad_1530_locked_lowpc2_core_quiet_core_tight_sec0p00_c_238aae411c7e,0.6378435767370532,0.4248675702362452,0.489010989010989,0.8194758246723904,0.0,0.357936538080106,,0.29850126799123,0.7111368067873539,0.2800449119606599,0.38438744638480393,1.0
quick,cc_bad_1530_locked_lowpc2_core_quiet_core_tight_sec0p00_c_6bb3561abb9a,0.6469269788840392,0.5624245945950196,0.39285714285714285,0.8890646181653864,0.2895377128953771,0.5117262945204405,,0.29850126799123,0.7111368067873539,0.2800449119606599,0.38438744638480393,1.0
quick,cc_bad_1530_spike_core_quiet_core_tight_sec0p00_cw1p00_1p_8e39b9c324f4,0.7661908694113484,0.6593706946807133,0.6414835164835165,0.8974243108901943,0.45742092457420924,0.6639727357554445,,0.45249232133334205,0.6007357912058292,0.2827838310332064,0.34201229319852944,1.0
quick,cc_bad_narrow_oscillatory_core_quiet_core_tight_sec0p00_c_1b585bae6df3,0.6779521056977704,0.46037851648726935,0.6406593406593407,0.7715770447356529,0.0,0.38042191336220776,,0.44320543212167707,0.6022706029145798,0.2827838310332064,0.34201229319852944,1.0
