direction,location,query,n,mean_delta_h_int,sem_delta_h_int,flip_rate,mean_delta_bad_logit
rescued_medium_to_nearest_good_query,Q_e,GM_BOUNDARY,123,0.46549435747348195,0.025273391155277557,0.024390243902439025,0.05619221198849562
rescued_medium_to_nearest_good_query,Q_e,BAD_STRESS,123,0.4367086693523376,0.022996894352897115,0.032520325203252036,0.04326199709884519
rescued_medium_to_nearest_good_query,Z_Q,GM_BOUNDARY,123,0.41330673733377843,0.021128152904209146,0.016260162601626018,0.04942347751400335
rescued_medium_to_nearest_good_query,Z_Q,BAD_STRESS,123,0.3858468096430709,0.019176941705618934,0.024390243902439025,0.03618372165090669
