direction,location,query,n,mean_delta_h_int,sem_delta_h_int,flip_rate,mean_delta_bad_logit
nearest_good_to_rescued_medium_query,Q_e,QRS,123,0.5229908615593019,0.0262711464684533,0.04065040650406504,-0.010576011688728643
nearest_good_to_rescued_medium_query,Q_e,RR_TEMPLATE,123,0.5153147205104672,0.025743728024376734,0.04065040650406504,-0.017474306308157075
nearest_good_to_rescued_medium_query,Q_e,GM_BOUNDARY,123,0.5031097478013697,0.025697298194011214,0.04878048780487805,-0.054060901083597325
nearest_good_to_rescued_medium_query,Q_e,GLOBAL_MORPH,123,0.4904749189935079,0.023254705154549235,0.04065040650406504,-0.0514261276741338
nearest_good_to_rescued_medium_query,Q_e,BASELINE,123,0.48597552815103917,0.02369325390938739,0.04065040650406504,-0.026344512536273738
nearest_good_to_rescued_medium_query,Q_e,BAD_STRESS,123,0.4853541695974707,0.02448929527018153,0.04065040650406504,-0.06162976055610471
nearest_good_to_rescued_medium_query,Q_e,CONTACT_RESET,123,0.47897354955595683,0.02321581685295995,0.04065040650406504,-0.03932600486569288
nearest_good_to_rescued_medium_query,Q_e,DETAIL_NOISE,123,0.47467326730247433,0.022706230776927752,0.04065040650406504,-0.04474861641240314
