{
  "status": "complete",
  "completed_at": "2026-06-06T15:43:37",
  "n_windows": 32956,
  "n_features": 64,
  "top_family": {
    "family": "Detail reliability",
    "n_features": 9,
    "mean_score": 0.7122889763396381,
    "max_score": 0.9616425832101476,
    "top_features": "sample_entropy_proxy, higuchi_fd_proxy, non_qrs_diff_p95, diff_abs_median, non_qrs_rms_ratio, detail_instability"
  },
  "medium_independence": {
    "pca_explained_var_first_2": [
      0.42002034310626296,
      0.24183445112089683
    ],
    "pca_explained_var_first_8": [
      0.42002034310626296,
      0.24183445112089683,
      0.07443110112731526,
      0.05007970308524681,
      0.02523930685633833,
      0.02387847171454305,
      0.01881226877468773,
      0.016263423998169563
    ],
    "medium_projection_on_good_bad_axis": 0.21283885278220302,
    "medium_off_axis_distance": 3.1817302680014348,
    "good_bad_centroid_distance": 13.376949061746402,
    "medium_independence_ratio": 0.2378517142389068,
    "local_medium_neighbor_purity_k30": 0.8141621247512761,
    "local_same_label_purity_k30": 0.8724833333333333,
    "interpretation": "medium_independent_or_mixed"
  },
  "best_probe": {
    "model": "elastic_net_logreg",
    "split_mode": "grouped_subject_holdout",
    "acc": 0.8359342794888405,
    "balanced_acc": 0.6801975189230353,
    "macro_f1": 0.7299408152593084,
    "good_recall": 0.9076567101388304,
    "medium_recall": 0.7680397727272728,
    "bad_recall": 0.3648960739030023,
    "balanced_diag_macro_f1": 0.6716305531761894,
    "balanced_diag_balanced_acc": 0.6885644768856448
  },
  "report_root": "E:\\GPTProject2\\ecg\\reports\\external_benchmarks\\e311_but_separability_atlas_10s_2026_06_06",
  "out_root": "E:\\GPTProject2\\ecg\\outputs\\external_benchmarks\\e311_but_separability_atlas_10s_2026_06_06"
}