{
  "variant_id": "triple_balanced_snr05_triangular",
  "family": "real_noise_snr",
  "spec": {
    "id": "triple_balanced_snr05_triangular",
    "family": "real_noise_snr",
    "mix": {
      "name": "triple_balanced",
      "mode": "weighted",
      "weights": {
        "em": 0.3333333333333333,
        "ma": 0.3333333333333333,
        "bw": 0.3333333333333333
      }
    },
    "snr": {
      "good": [
        14,
        18
      ],
      "medium": [
        8,
        14
      ],
      "bad": [
        -4,
        2
      ],
      "sampler": "triangular"
    },
    "class_weight": "1.00,1.40,1.70",
    "note": "Only real NSTDB em/ma/bw noise mixed at class-specific SNR."
  },
  "variant_dir": "E:\\GPTProject2\\ecg\\outputs\\external_benchmarks\\e311_real_noise_snr_but_match_grid_10s_2026_06_04\\scan_variants\\triple_balanced_snr05_triangular",
  "morph_overall_distance": 0.4400716845878136,
  "morph_medium_distance": 0.2858064516129032,
  "morph_by_class": {
    "good": 0.44392473118279574,
    "medium": 0.2858064516129032,
    "bad": 0.5904838709677418
  },
  "sqi_overall_distance": 0.4424603174603175,
  "sqi_by_class": {
    "good": 0.3869047619047619,
    "medium": 0.27976190476190477,
    "bad": 0.6607142857142857
  },
  "domain_separability_bal_acc": 0.95,
  "overall_but_like_score": 0.4528565028161802,
  "audit": {
    "spec": {
      "id": "triple_balanced_snr05_triangular",
      "family": "real_noise_snr",
      "mix": {
        "name": "triple_balanced",
        "mode": "weighted",
        "weights": {
          "em": 0.3333333333333333,
          "ma": 0.3333333333333333,
          "bw": 0.3333333333333333
        }
      },
      "snr": {
        "good": [
          14,
          18
        ],
        "medium": [
          8,
          14
        ],
        "bad": [
          -4,
          2
        ],
        "sampler": "triangular"
      },
      "class_weight": "1.00,1.40,1.70",
      "note": "Only real NSTDB em/ma/bw noise mixed at class-specific SNR."
    },
    "rows": 180,
    "sample_per_class": 60,
    "split_counts": {
      "test": 32,
      "train": 119,
      "val": 29
    },
    "class_counts": {
      "bad": 60,
      "good": 60,
      "medium": 60
    },
    "snr_by_class": {
      "good": {
        "mean": 16.18118667602539,
        "min": 14.56722640991211,
        "max": 17.801939010620117
      },
      "medium": {
        "mean": 11.271780014038086,
        "min": 8.51450252532959,
        "max": 13.42988395690918
      },
      "bad": {
        "mean": -0.7790287137031555,
        "min": -3.9264309406280518,
        "max": 1.548907995223999
      }
    }
  }
}