{
  "variant_id": "triple_balanced_snr02_uniform",
  "family": "real_noise_snr",
  "spec": {
    "id": "triple_balanced_snr02_uniform",
    "family": "real_noise_snr",
    "mix": {
      "name": "triple_balanced",
      "mode": "weighted",
      "weights": {
        "em": 0.3333333333333333,
        "ma": 0.3333333333333333,
        "bw": 0.3333333333333333
      }
    },
    "snr": {
      "good": [
        14,
        18
      ],
      "medium": [
        6,
        12
      ],
      "bad": [
        -4,
        2
      ],
      "sampler": "uniform"
    },
    "class_weight": "1.00,1.40,1.70",
    "note": "Only real NSTDB em/ma/bw noise mixed at class-specific SNR."
  },
  "variant_dir": "E:\\GPTProject2\\ecg\\outputs\\external_benchmarks\\e311_real_noise_snr_but_match_grid_10s_2026_06_04\\scan_variants\\triple_balanced_snr02_uniform",
  "morph_overall_distance": 0.4414247311827956,
  "morph_medium_distance": 0.29309139784946237,
  "morph_by_class": {
    "good": 0.4404032258064515,
    "medium": 0.29309139784946237,
    "bad": 0.5907795698924729
  },
  "sqi_overall_distance": 0.4503968253968254,
  "sqi_by_class": {
    "good": 0.39880952380952384,
    "medium": 0.29166666666666663,
    "bad": 0.6607142857142857
  },
  "domain_separability_bal_acc": 0.9384920634920635,
  "overall_but_like_score": 0.45539394521249354,
  "audit": {
    "spec": {
      "id": "triple_balanced_snr02_uniform",
      "family": "real_noise_snr",
      "mix": {
        "name": "triple_balanced",
        "mode": "weighted",
        "weights": {
          "em": 0.3333333333333333,
          "ma": 0.3333333333333333,
          "bw": 0.3333333333333333
        }
      },
      "snr": {
        "good": [
          14,
          18
        ],
        "medium": [
          6,
          12
        ],
        "bad": [
          -4,
          2
        ],
        "sampler": "uniform"
      },
      "class_weight": "1.00,1.40,1.70",
      "note": "Only real NSTDB em/ma/bw noise mixed at class-specific SNR."
    },
    "rows": 180,
    "sample_per_class": 60,
    "split_counts": {
      "test": 32,
      "train": 119,
      "val": 29
    },
    "class_counts": {
      "bad": 60,
      "good": 60,
      "medium": 60
    },
    "snr_by_class": {
      "good": {
        "mean": 16.244285583496094,
        "min": 14.160873413085938,
        "max": 17.98038673400879
      },
      "medium": {
        "mean": 9.395406723022461,
        "min": 6.088237762451172,
        "max": 11.891655921936035
      },
      "bad": {
        "mean": -0.6515392065048218,
        "min": -3.9981961250305176,
        "max": 1.9321718215942383
      }
    }
  }
}