run,bucket,acc,macro_f1,good,medium,bad
v80 default,but_only_test,0.9273408239700376,0.9337667395535948,0.9335106382978724,0.9022801302931596,0.9836734693877552
v80 default,ptb_only_test,0.9195767195767196,0.887263178806803,0.8592592592592593,0.861878453038674,0.984375
v80 lr1e4 20e,but_only_test,0.9185393258426966,0.9273192556172786,0.9085771276595744,0.9169381107491856,0.9857142857142858
v80 lr1e4 20e,ptb_only_test,0.9534391534391534,0.935054932943848,0.8814814814814815,0.9392265193370166,0.9866071428571428
v80 PTB lr1e4 30e,ptb_only_test,0.9481481481481482,0.9250658203674146,0.8962962962962963,0.9116022099447514,0.9933035714285714
v80 PTB slowlr,ptb_only_test,0.928042328042328,0.90077873218012,0.8592592592592593,0.8756906077348067,0.9910714285714286
v80 BUT tune,but_only_test,0.9200374531835206,0.928933751317816,0.9045877659574468,0.9272529858849076,0.9877551020408164
v80 BUT tune,but_only_test,0.905992509363296,0.9085129149494297,0.907247340425532,0.8811074918566775,0.9918367346938776
v80 BUT seedcheck,but_only_test,0.9115168539325842,0.9191107429057188,0.9207114361702128,0.8759500542888166,0.9887755102040816
