{
  "variant_id": "em_ma_no_bw_snr07_triangular",
  "family": "real_noise_snr",
  "spec": {
    "id": "em_ma_no_bw_snr07_triangular",
    "family": "real_noise_snr",
    "mix": {
      "name": "em_ma_no_bw",
      "mode": "weighted",
      "weights": {
        "em": 0.45,
        "ma": 0.55
      }
    },
    "snr": {
      "good": [
        16,
        20
      ],
      "medium": [
        6,
        12
      ],
      "bad": [
        -6,
        0
      ],
      "sampler": "triangular"
    },
    "class_weight": "1.00,1.40,1.70",
    "note": "Only real NSTDB em/ma/bw noise mixed at class-specific SNR."
  },
  "variant_dir": "E:\\GPTProject2\\ecg\\outputs\\external_benchmarks\\e311_real_noise_snr_but_match_grid_10s_2026_06_04\\scan_variants\\em_ma_no_bw_snr07_triangular",
  "morph_overall_distance": 0.4407347670250896,
  "morph_medium_distance": 0.30459677419354836,
  "morph_by_class": {
    "good": 0.4308064516129033,
    "medium": 0.30459677419354836,
    "bad": 0.5868010752688171
  },
  "sqi_overall_distance": 0.4166666666666667,
  "sqi_by_class": {
    "good": 0.36309523809523814,
    "medium": 0.25595238095238093,
    "bad": 0.6309523809523808
  },
  "domain_separability_bal_acc": 0.9646825396825397,
  "overall_but_like_score": 0.4554848310291859,
  "audit": {
    "spec": {
      "id": "em_ma_no_bw_snr07_triangular",
      "family": "real_noise_snr",
      "mix": {
        "name": "em_ma_no_bw",
        "mode": "weighted",
        "weights": {
          "em": 0.45,
          "ma": 0.55
        }
      },
      "snr": {
        "good": [
          16,
          20
        ],
        "medium": [
          6,
          12
        ],
        "bad": [
          -6,
          0
        ],
        "sampler": "triangular"
      },
      "class_weight": "1.00,1.40,1.70",
      "note": "Only real NSTDB em/ma/bw noise mixed at class-specific SNR."
    },
    "rows": 180,
    "sample_per_class": 60,
    "split_counts": {
      "test": 32,
      "train": 119,
      "val": 29
    },
    "class_counts": {
      "bad": 60,
      "good": 60,
      "medium": 60
    },
    "snr_by_class": {
      "good": {
        "mean": 18.118791580200195,
        "min": 16.518346786499023,
        "max": 19.747385025024414
      },
      "medium": {
        "mean": 9.260344505310059,
        "min": 6.222020626068115,
        "max": 11.702909469604492
      },
      "bad": {
        "mean": -3.091381788253784,
        "min": -5.926430702209473,
        "max": -0.4510921537876129
      }
    }
  }
}