{
  "variant_id": "pair_em_ma_snr03_uniform",
  "family": "real_noise_snr",
  "spec": {
    "id": "pair_em_ma_snr03_uniform",
    "family": "real_noise_snr",
    "mix": {
      "name": "pair_em_ma",
      "mode": "weighted",
      "weights": {
        "em": 0.5,
        "ma": 0.5
      }
    },
    "snr": {
      "good": [
        12,
        16
      ],
      "medium": [
        4,
        10
      ],
      "bad": [
        -2,
        4
      ],
      "sampler": "uniform"
    },
    "class_weight": "1.00,1.40,1.70",
    "note": "Only real NSTDB em/ma/bw noise mixed at class-specific SNR."
  },
  "variant_dir": "E:\\GPTProject2\\ecg\\outputs\\external_benchmarks\\e311_real_noise_snr_but_match_grid_10s_2026_06_04\\scan_variants\\pair_em_ma_snr03_uniform",
  "morph_overall_distance": 0.45525089605734764,
  "morph_medium_distance": 0.3156182795698926,
  "morph_by_class": {
    "good": 0.4557795698924731,
    "medium": 0.3156182795698926,
    "bad": 0.5943548387096773
  },
  "sqi_overall_distance": 0.4444444444444445,
  "sqi_by_class": {
    "good": 0.3869047619047619,
    "medium": 0.26785714285714285,
    "bad": 0.6785714285714286
  },
  "domain_separability_bal_acc": 0.942063492063492,
  "overall_but_like_score": 0.4674030337941628,
  "audit": {
    "spec": {
      "id": "pair_em_ma_snr03_uniform",
      "family": "real_noise_snr",
      "mix": {
        "name": "pair_em_ma",
        "mode": "weighted",
        "weights": {
          "em": 0.5,
          "ma": 0.5
        }
      },
      "snr": {
        "good": [
          12,
          16
        ],
        "medium": [
          4,
          10
        ],
        "bad": [
          -2,
          4
        ],
        "sampler": "uniform"
      },
      "class_weight": "1.00,1.40,1.70",
      "note": "Only real NSTDB em/ma/bw noise mixed at class-specific SNR."
    },
    "rows": 180,
    "sample_per_class": 60,
    "split_counts": {
      "test": 32,
      "train": 119,
      "val": 29
    },
    "class_counts": {
      "bad": 60,
      "good": 60,
      "medium": 60
    },
    "snr_by_class": {
      "good": {
        "mean": 14.165684700012207,
        "min": 12.134342193603516,
        "max": 15.968092918395996
      },
      "medium": {
        "mean": 7.367187023162842,
        "min": 4.016430854797363,
        "max": 9.970579147338867
      },
      "bad": {
        "mean": 0.8749143481254578,
        "min": -1.9981956481933594,
        "max": 3.9321722984313965
      }
    }
  }
}