rhythm_label,n,pred_good_share,mean_p_good,pred_medium_share,mean_p_medium,pred_bad_share,mean_p_bad
A,758,1.0,0.9987245202064514,0.0,0.001274295267648995,0.0,1.1346512565069133e-06
N,5076,1.0,0.9993003010749817,0.0,0.0006991374539211392,0.0,6.022989396115008e-07
O,2415,1.0,0.9991297721862793,0.0,0.0008694068528711796,0.0,7.489884410460945e-07
~,279,1.0,0.9997254610061646,0.0,0.0002743049699347466,0.0,2.423916782845481e-07
