source,class,count,share
Synthetic,good,3216,0.24932165284130553
Synthetic,medium,7867,0.6098922397085045
Synthetic,bad,1816,0.14078610745018993
BUT test,good,3640,0.42939719240297275
BUT test,medium,4426,0.5221186740592191
BUT test,bad,411,0.048484133537808186
