{
  "variant_id": "triple_balanced_snr01_uniform",
  "family": "real_noise_snr",
  "spec": {
    "id": "triple_balanced_snr01_uniform",
    "family": "real_noise_snr",
    "mix": {
      "name": "triple_balanced",
      "mode": "weighted",
      "weights": {
        "em": 0.3333333333333333,
        "ma": 0.3333333333333333,
        "bw": 0.3333333333333333
      }
    },
    "snr": {
      "good": [
        16,
        20
      ],
      "medium": [
        8,
        14
      ],
      "bad": [
        -6,
        0
      ],
      "sampler": "uniform"
    },
    "class_weight": "1.00,1.40,1.70",
    "note": "Only real NSTDB em/ma/bw noise mixed at class-specific SNR."
  },
  "variant_dir": "E:\\GPTProject2\\ecg\\outputs\\external_benchmarks\\e311_real_noise_snr_but_match_grid_10s_2026_06_04\\scan_variants\\triple_balanced_snr01_uniform",
  "morph_overall_distance": 0.440752688172043,
  "morph_medium_distance": 0.28884408602150535,
  "morph_by_class": {
    "good": 0.43389784946236565,
    "medium": 0.28884408602150535,
    "bad": 0.599516129032258
  },
  "sqi_overall_distance": 0.4325396825396825,
  "sqi_by_class": {
    "good": 0.38095238095238093,
    "medium": 0.27976190476190477,
    "bad": 0.6369047619047619
  },
  "domain_separability_bal_acc": 0.9623015873015873,
  "overall_but_like_score": 0.45369847670250896,
  "audit": {
    "spec": {
      "id": "triple_balanced_snr01_uniform",
      "family": "real_noise_snr",
      "mix": {
        "name": "triple_balanced",
        "mode": "weighted",
        "weights": {
          "em": 0.3333333333333333,
          "ma": 0.3333333333333333,
          "bw": 0.3333333333333333
        }
      },
      "snr": {
        "good": [
          16,
          20
        ],
        "medium": [
          8,
          14
        ],
        "bad": [
          -6,
          0
        ],
        "sampler": "uniform"
      },
      "class_weight": "1.00,1.40,1.70",
      "note": "Only real NSTDB em/ma/bw noise mixed at class-specific SNR."
    },
    "rows": 180,
    "sample_per_class": 60,
    "split_counts": {
      "test": 32,
      "train": 119,
      "val": 29
    },
    "class_counts": {
      "bad": 60,
      "good": 60,
      "medium": 60
    },
    "snr_by_class": {
      "good": {
        "mean": 18.244285583496094,
        "min": 16.160873413085938,
        "max": 19.98038673400879
      },
      "medium": {
        "mean": 11.395406723022461,
        "min": 8.088237762451172,
        "max": 13.891655921936035
      },
      "bad": {
        "mean": -2.6515393257141113,
        "min": -5.998195648193359,
        "max": -0.0678282082080841
      }
    }
  }
}